Transaction_ID,Customer_ID,Transaction_DateTime,Transaction_Type,Amount_NGN,Channel,Device_Type,Location,International_Transaction,Transaction_Status,Risk_Review_Flag,Age,Gender,City,Customer_Segment,Account_Type,Tenure_Months,Digital_Engagement_Score,Monthly_Income_Band,Preferred_Channel,Account_Status,Predicted_Risk_Flag,Risk_Probability,Risk_Tier,Operational_Action,Model_Version,Scored_At
FT-T008074,FT-C00985,2026-03-02 13:15:00,Airtime/Data,8482.28,Mobile App,POS Terminal,Lagos,No,Successful,No,23,Female,Kano,Everyday,Savings,72,66.8,100k-249k,Mobile App,Dormant,No,0.3357,Medium,Secondary Verification (SMS/OTP),2.0.0-week3,2026-09-30T14:43:51.571607+00:00
FT-T001171,FT-C01424,2026-01-09 18:37:00,Transfer,57418.05,ATM,POS Terminal,Kano,No,Successful,No,37,Female,Lagos,Everyday,Current,29,80.5,100k-249k,Mobile App,Active,Yes,0.5137,Medium,Secondary Verification (SMS/OTP),2.0.0-week3,2026-09-30T14:43:51.571607+00:00
FT-T011754,FT-C00817,2026-03-30 03:42:00,Transfer,8394.17,Mobile App,Android,Lagos,No,Successful,No,55,Female,Benin City,Everyday,Savings,88,61.1,500k-999k,Mobile App,Active,Yes,0.6063,Medium,Secondary Verification (SMS/OTP),2.0.0-week3,2026-09-30T14:43:51.571607+00:00
FT-T003637,FT-C01002,2026-01-28 06:32:00,Card Purchase,163034.21,USSD,Android,Port Harcourt,No,Successful,No,37,Male,Port Harcourt,Everyday,Current,67,67.3,500k-999k,USSD,Active,No,0.2309,Low,Auto-Approve,2.0.0-week3,2026-09-30T14:43:51.571607+00:00
FT-T009166,FT-C01112,2026-03-10 17:50:00,Transfer,393660.01,Mobile App,iOS,Abuja,No,Successful,Yes,39,Female,Lagos,SME,Savings,36,57.5,100k-249k,Mobile App,Active,Yes,0.6994,Medium,Secondary Verification (SMS/OTP),2.0.0-week3,2026-09-30T14:43:51.571607+00:00
FT-T007318,FT-C01362,2026-02-24 21:10:00,Bill Payment,57333.8,POS,Android,Enugu,No,Successful,No,43,Female,Abuja,Premium,Premium,36,57.4,250k-499k,Mobile App,Active,No,0.306,Medium,Secondary Verification (SMS/OTP),2.0.0-week3,2026-09-30T14:43:51.571607+00:00
FT-T009082,FT-C01003,2026-03-10 02:42:00,Card Purchase,149946.13,Web,POS Terminal,Kano,No,Successful,Yes,29,Male,Kaduna,Premium,Current,93,65.3,250k-499k,USSD,Active,Yes,0.4034,Medium,Secondary Verification (SMS/OTP),2.0.0-week3,2026-09-30T14:43:51.571607+00:00
FT-T006216,FT-C01277,2026-02-16 14:47:00,Cash Withdrawal,3065.17,Mobile App,iOS,Abuja,No,Successful,No,46,Female,Port Harcourt,Premium,Savings,6,36.5,250k-499k,USSD,Active,Yes,0.4194,Medium,Secondary Verification (SMS/OTP),2.0.0-week3,2026-09-30T14:43:51.571607+00:00
FT-T000258,FT-C01255,2026-01-02 22:15:00,Deposit,84772.82,POS,Web Browser,Enugu,No,Successful,No,64,Female,Ibadan,Student,Savings,16,87.7,Below 100k,Web,Active,No,0.3206,Medium,Secondary Verification (SMS/OTP),2.0.0-week3,2026-09-30T14:43:51.571607+00:00
FT-T006007,FT-C00484,2026-02-15 01:10:00,Transfer,17059.77,Mobile App,iOS,Lagos,No,Successful,No,56,Female,Lagos,Everyday,Savings,54,65.8,1m+,Mobile App,Active,Yes,0.6577,Medium,Secondary Verification (SMS/OTP),2.0.0-week3,2026-09-30T14:43:51.571607+00:00
FT-T011545,FT-C01195,2026-03-28 14:05:00,Card Purchase,1529.35,Web,iOS,Ibadan,No,Successful,No,38,Female,Benin City,SME,Savings,47,81.7,500k-999k,Mobile App,Active,Yes,0.359,Medium,Secondary Verification (SMS/OTP),2.0.0-week3,2026-09-30T14:43:51.571607+00:00
FT-T009701,FT-C00399,2026-03-14 18:08:00,Transfer,59906.17,USSD,Android,Benin City,No,Failed,No,18,Male,Lagos,Premium,Premium,88,50.0,250k-499k,Mobile App,Active,Yes,0.5008,Medium,Secondary Verification (SMS/OTP),2.0.0-week3,2026-09-30T14:43:51.571607+00:00
FT-T004488,FT-C01262,2026-02-03 15:43:00,Deposit,3715.28,USSD,POS Terminal,Lagos,No,Successful,No,25,Female,Lagos,Everyday,Current,42,63.5,1m+,Mobile App,Active,No,0.229,Low,Auto-Approve,2.0.0-week3,2026-09-30T14:43:51.571607+00:00
FT-T002934,FT-C01375,2026-01-22 23:59:00,Card Purchase,1477.62,POS,Web Browser,Benin City,No,Successful,No,55,Female,Kaduna,Premium,Savings,19,59.1,250k-499k,Mobile App,Active,No,0.3496,Medium,Secondary Verification (SMS/OTP),2.0.0-week3,2026-09-30T14:43:51.571607+00:00
FT-T001551,FT-C00928,2026-01-12 15:01:00,Bill Payment,82082.42,Mobile App,Web Browser,Abuja,No,Failed,No,42,Female,Abuja,Everyday,Savings,67,91.3,250k-499k,Mobile App,Active,No,0.3421,Medium,Secondary Verification (SMS/OTP),2.0.0-week3,2026-09-30T14:43:51.571607+00:00
FT-T010266,FT-C01396,2026-03-18 23:51:00,Transfer,2610.19,Mobile App,Android,Lagos,No,Successful,No,62,Female,Abuja,Student,Current,29,68.2,100k-249k,Mobile App,Active,Yes,0.5099,Medium,Secondary Verification (SMS/OTP),2.0.0-week3,2026-09-30T14:43:51.571607+00:00
FT-T003756,FT-C00558,2026-01-29 03:57:00,Card Purchase,105215.71,Mobile App,ATM Terminal,Lagos,No,Successful,No,53,Male,Lagos,Everyday,Savings,92,73.9,100k-249k,Mobile App,Active,Yes,0.5164,Medium,Secondary Verification (SMS/OTP),2.0.0-week3,2026-09-30T14:43:51.571607+00:00
FT-T010760,FT-C01077,2026-03-22 16:46:00,Transfer,509.58,ATM,iOS,Kano,No,Successful,No,55,Male,Lagos,SME,Savings,86,72.6,Below 100k,Mobile App,Active,Yes,0.4542,Medium,Secondary Verification (SMS/OTP),2.0.0-week3,2026-09-30T14:43:51.571607+00:00
FT-T007170,FT-C00407,2026-02-23 18:31:00,Card Purchase,1772.21,POS,ATM Terminal,Benin City,No,Failed,Yes,45,Female,Lagos,Premium,Savings,49,49.8,100k-249k,Mobile App,Active,Yes,0.5033,Medium,Secondary Verification (SMS/OTP),2.0.0-week3,2026-09-30T14:43:51.571607+00:00
FT-T007402,FT-C00426,2026-02-25 12:17:00,Card Purchase,1325.84,Mobile App,iOS,Benin City,No,Successful,No,56,Female,Abuja,Everyday,Savings,43,60.1,100k-249k,Mobile App,Active,No,0.334,Medium,Secondary Verification (SMS/OTP),2.0.0-week3,2026-09-30T14:43:51.571607+00:00
FT-T005304,FT-C00957,2026-02-09 18:37:00,Transfer,1390.44,Mobile App,Android,Lagos,No,Successful,No,54,Male,Port Harcourt,Everyday,Current,81,82.9,100k-249k,Mobile App,Active,Yes,0.427,Medium,Secondary Verification (SMS/OTP),2.0.0-week3,2026-09-30T14:43:51.571607+00:00
FT-T005127,FT-C00502,2026-02-08 10:45:00,Deposit,23714.25,USSD,POS Terminal,Ibadan,No,Successful,No,33,Male,Abuja,Premium,Savings,45,68.4,Below 100k,Mobile App,Active,No,0.3452,Medium,Secondary Verification (SMS/OTP),2.0.0-week3,2026-09-30T14:43:51.571607+00:00
FT-T008771,FT-C00140,2026-03-07 18:43:00,Transfer,5206.06,ATM,ATM Terminal,Ibadan,No,Successful,No,31,Male,Kano,Student,Savings,23,46.1,100k-249k,Mobile App,Active,Yes,0.5319,Medium,Secondary Verification (SMS/OTP),2.0.0-week3,2026-09-30T14:43:51.571607+00:00
FT-T010852,FT-C00094,2026-03-23 09:20:00,Card Purchase,3487.07,Web,POS Terminal,Benin City,No,Successful,No,62,Female,Port Harcourt,Everyday,Savings,15,100.0,500k-999k,Web,Dormant,No,0.311,Medium,Secondary Verification (SMS/OTP),2.0.0-week3,2026-09-30T14:43:51.571607+00:00
FT-T000460,FT-C01041,2026-01-04 10:37:00,Bill Payment,14356.66,Mobile App,Web Browser,Ibadan,No,Successful,No,31,Male,Lagos,Student,Savings,9,65.6,250k-499k,Web,Active,Yes,0.3948,Medium,Secondary Verification (SMS/OTP),2.0.0-week3,2026-09-30T14:43:51.571607+00:00
FT-T011938,FT-C01050,2026-03-31 12:50:00,Cash Withdrawal,3861.14,Mobile App,Android,Lagos,No,Successful,Yes,39,Male,Kano,Student,Current,37,52.2,500k-999k,Mobile App,Dormant,Yes,0.4152,Medium,Secondary Verification (SMS/OTP),2.0.0-week3,2026-09-30T14:43:51.571607+00:00
FT-T010818,FT-C00300,2026-03-23 03:13:00,Cash Withdrawal,1386.7,Mobile App,POS Terminal,Kano,No,Successful,Yes,63,Female,Benin City,Everyday,Premium,18,26.6,500k-999k,Mobile App,Active,Yes,0.4935,Medium,Secondary Verification (SMS/OTP),2.0.0-week3,2026-09-30T14:43:51.571607+00:00
FT-T002074,FT-C01305,2026-01-16 13:10:00,Cash Withdrawal,1194.49,Web,Android,Enugu,No,Successful,No,65,Female,Port Harcourt,Everyday,Premium,92,61.3,250k-499k,Mobile App,Active,Yes,0.433,Medium,Secondary Verification (SMS/OTP),2.0.0-week3,2026-09-30T14:43:51.571607+00:00
FT-T001145,FT-C00077,2026-01-09 13:56:00,Bill Payment,57362.52,Mobile App,iOS,Port Harcourt,No,Successful,No,32,Male,Kano,Student,Savings,68,77.0,1m+,Mobile App,Active,No,0.3163,Medium,Secondary Verification (SMS/OTP),2.0.0-week3,2026-09-30T14:43:51.571607+00:00
FT-T006362,FT-C00156,2026-02-17 17:04:00,Bill Payment,939.9,Mobile App,iOS,Enugu,No,Successful,No,56,Female,Port Harcourt,Everyday,Savings,82,55.9,Below 100k,Web,Active,No,0.2695,Low,Auto-Approve,2.0.0-week3,2026-09-30T14:43:51.571607+00:00
FT-T002993,FT-C01439,2026-01-23 10:36:00,Card Purchase,1435.72,Mobile App,Android,Enugu,No,Failed,No,18,Female,Kano,Student,Premium,77,77.1,Below 100k,Mobile App,Active,No,0.3303,Medium,Secondary Verification (SMS/OTP),2.0.0-week3,2026-09-30T14:43:51.571607+00:00
FT-T006990,FT-C00503,2026-02-22 10:07:00,Airtime/Data,198.23,Mobile App,Android,Enugu,No,Successful,No,41,Male,Kaduna,Everyday,Savings,26,57.2,100k-249k,Mobile App,Active,No,0.3193,Medium,Secondary Verification (SMS/OTP),2.0.0-week3,2026-09-30T14:43:51.571607+00:00
FT-T001694,FT-C00375,2026-01-13 16:45:00,Cash Withdrawal,111654.12,ATM,iOS,Port Harcourt,No,Successful,No,40,Male,Kaduna,SME,Savings,60,79.0,100k-249k,Mobile App,Active,Yes,0.4889,Medium,Secondary Verification (SMS/OTP),2.0.0-week3,2026-09-30T14:43:51.571607+00:00
FT-T003872,FT-C00831,2026-01-30 00:50:00,Bill Payment,9339.41,ATM,Web Browser,Port Harcourt,No,Successful,Yes,37,Male,Port Harcourt,Premium,Savings,64,84.3,500k-999k,Mobile App,Dormant,Yes,0.5111,Medium,Secondary Verification (SMS/OTP),2.0.0-week3,2026-09-30T14:43:51.571607+00:00
FT-T000982,FT-C01243,2026-01-08 08:35:00,Bill Payment,29304.13,Mobile App,Android,Benin City,No,Successful,No,49,Male,Kano,Premium,Savings,17,63.8,250k-499k,Web,Active,No,0.3217,Medium,Secondary Verification (SMS/OTP),2.0.0-week3,2026-09-30T14:43:51.571607+00:00
FT-T005798,FT-C00407,2026-02-13 11:32:00,Transfer,133276.07,POS,iOS,Kano,Yes,Successful,No,45,Female,Lagos,Premium,Savings,49,49.8,100k-249k,Mobile App,Active,Yes,0.5558,Medium,Secondary Verification (SMS/OTP),2.0.0-week3,2026-09-30T14:43:51.571607+00:00
FT-T002635,FT-C00408,2026-01-20 18:09:00,Transfer,187641.97,ATM,iOS,Kaduna,No,Successful,Yes,51,Male,Abuja,Everyday,Savings,19,56.7,100k-249k,USSD,Active,Yes,0.6907,Medium,Secondary Verification (SMS/OTP),2.0.0-week3,2026-09-30T14:43:51.571607+00:00
FT-T000954,FT-C01063,2026-01-08 03:33:00,Bill Payment,54705.52,ATM,Web Browser,Benin City,No,Successful,No,31,Female,Abuja,Everyday,Current,32,59.0,500k-999k,USSD,Active,Yes,0.4074,Medium,Secondary Verification (SMS/OTP),2.0.0-week3,2026-09-30T14:43:51.571607+00:00
FT-T010836,FT-C01017,2026-03-23 06:27:00,Deposit,8407.04,Web,Android,Port Harcourt,No,Successful,No,27,Male,Lagos,Student,Premium,36,53.5,1m+,Web,Active,No,0.3215,Medium,Secondary Verification (SMS/OTP),2.0.0-week3,2026-09-30T14:43:51.571607+00:00
FT-T006858,FT-C00058,2026-02-21 10:21:00,Airtime/Data,2464.27,POS,Android,Kaduna,No,Successful,No,31,Male,Kano,Everyday,Savings,93,84.1,250k-499k,Mobile App,Active,Yes,0.3669,Medium,Secondary Verification (SMS/OTP),2.0.0-week3,2026-09-30T14:43:51.571607+00:00
FT-T010398,FT-C00526,2026-03-19 23:36:00,Card Purchase,44255.86,Web,Android,Kano,No,Successful,No,30,Female,Ibadan,Everyday,Savings,43,84.9,100k-249k,Mobile App,Active,Yes,0.3571,Medium,Secondary Verification (SMS/OTP),2.0.0-week3,2026-09-30T14:43:51.571607+00:00
FT-T011982,FT-C01240,2026-03-31 20:45:00,Deposit,1331.63,Web,Android,Kano,No,Successful,No,47,Female,Ibadan,Student,Premium,86,92.1,500k-999k,Mobile App,Active,No,0.277,Low,Auto-Approve,2.0.0-week3,2026-09-30T14:43:51.571607+00:00
FT-T003982,FT-C00080,2026-01-30 20:38:00,Card Purchase,160513.6,USSD,Android,Abuja,No,Successful,No,40,Male,Lagos,Premium,Savings,90,74.8,100k-249k,Web,Active,No,0.3069,Medium,Secondary Verification (SMS/OTP),2.0.0-week3,2026-09-30T14:43:51.571607+00:00
FT-T003098,FT-C00068,2026-01-24 05:30:00,Card Purchase,352.89,Mobile App,Android,Benin City,No,Successful,Yes,35,Female,Lagos,Everyday,Premium,87,82.3,Below 100k,Mobile App,Active,Yes,0.4019,Medium,Secondary Verification (SMS/OTP),2.0.0-week3,2026-09-30T14:43:51.571607+00:00
FT-T003333,FT-C00214,2026-01-25 23:48:00,Airtime/Data,1315.28,POS,Android,Benin City,No,Failed,Yes,50,Male,Ibadan,Student,Savings,13,60.8,Below 100k,USSD,Active,Yes,0.3996,Medium,Secondary Verification (SMS/OTP),2.0.0-week3,2026-09-30T14:43:51.571607+00:00
FT-T007520,FT-C01442,2026-02-26 09:31:00,Card Purchase,2901.03,Mobile App,Android,Ibadan,No,Successful,Yes,57,Male,Lagos,Everyday,Current,69,51.2,100k-249k,Mobile App,Active,No,0.2063,Low,Auto-Approve,2.0.0-week3,2026-09-30T14:43:51.571607+00:00
FT-T007216,FT-C00377,2026-02-24 02:48:00,Transfer,11005.97,POS,iOS,Ibadan,No,Successful,No,44,Female,Port Harcourt,Student,Current,1,67.4,Below 100k,Web,Active,Yes,0.5123,Medium,Secondary Verification (SMS/OTP),2.0.0-week3,2026-09-30T14:43:51.571607+00:00
FT-T003614,FT-C01129,2026-01-28 02:23:00,Deposit,10408.33,Mobile App,ATM Terminal,Benin City,No,Successful,Yes,46,Female,Abuja,Student,Savings,13,87.8,250k-499k,Web,Active,Yes,0.5293,Medium,Secondary Verification (SMS/OTP),2.0.0-week3,2026-09-30T14:43:51.571607+00:00
FT-T005892,FT-C00659,2026-02-14 04:28:00,Transfer,4649.29,POS,iOS,Benin City,No,Successful,No,37,Male,Enugu,SME,Savings,19,33.2,100k-249k,Mobile App,Active,Yes,0.5056,Medium,Secondary Verification (SMS/OTP),2.0.0-week3,2026-09-30T14:43:51.571607+00:00
FT-T001728,FT-C00515,2026-01-13 22:53:00,Transfer,12772.87,Mobile App,iOS,Benin City,No,Reversed,No,60,Male,Abuja,Everyday,Savings,38,69.8,500k-999k,USSD,Restricted,Yes,0.5096,Medium,Secondary Verification (SMS/OTP),2.0.0-week3,2026-09-30T14:43:51.571607+00:00
FT-T010446,FT-C00419,2026-03-20 08:15:00,Card Purchase,58675.14,POS,Android,Benin City,No,Successful,No,60,Female,Ibadan,Premium,Savings,17,56.0,250k-499k,Mobile App,Active,No,0.2933,Low,Auto-Approve,2.0.0-week3,2026-09-30T14:43:51.571607+00:00
FT-T004351,FT-C01264,2026-02-02 15:03:00,Deposit,34220.31,Mobile App,Web Browser,Ibadan,No,Successful,No,56,Female,Abuja,Premium,Premium,15,40.5,100k-249k,Mobile App,Active,No,0.2918,Low,Auto-Approve,2.0.0-week3,2026-09-30T14:43:51.571607+00:00
FT-T002436,FT-C00023,2026-01-19 06:20:00,Card Purchase,739.07,ATM,Android,Kano,No,Successful,No,19,Female,Lagos,Student,Current,64,56.8,Below 100k,Mobile App,Dormant,No,0.2574,Low,Auto-Approve,2.0.0-week3,2026-09-30T14:43:51.571607+00:00
FT-T009211,FT-C00209,2026-03-11 01:56:00,Transfer,17174.36,Web,iOS,Kano,No,Successful,No,19,Female,Port Harcourt,SME,Savings,70,90.6,250k-499k,Mobile App,Active,Yes,0.5973,Medium,Secondary Verification (SMS/OTP),2.0.0-week3,2026-09-30T14:43:51.571607+00:00
FT-T001432,FT-C00775,2026-01-11 17:36:00,Card Purchase,1064.4,Mobile App,iOS,Kaduna,No,Successful,Yes,63,Female,Port Harcourt,Student,Savings,84,84.9,250k-499k,Mobile App,Active,No,0.3097,Medium,Secondary Verification (SMS/OTP),2.0.0-week3,2026-09-30T14:43:51.571607+00:00
FT-T009596,FT-C00561,2026-03-13 23:14:00,Deposit,9806.96,Mobile App,POS Terminal,Lagos,No,Successful,No,49,Female,Abuja,Everyday,Savings,19,77.7,500k-999k,USSD,Dormant,Yes,0.3899,Medium,Secondary Verification (SMS/OTP),2.0.0-week3,2026-09-30T14:43:51.571607+00:00
FT-T005609,FT-C00087,2026-02-12 01:31:00,Card Purchase,131532.11,Mobile App,iOS,Ibadan,No,Successful,No,41,Female,Abuja,Everyday,Premium,66,67.3,250k-499k,Mobile App,Active,Yes,0.5741,Medium,Secondary Verification (SMS/OTP),2.0.0-week3,2026-09-30T14:43:51.571607+00:00
FT-T009025,FT-C01418,2026-03-09 16:27:00,Bill Payment,22366.63,ATM,ATM Terminal,Abuja,No,Failed,Yes,41,Female,Kano,SME,Savings,93,87.8,100k-249k,Mobile App,Active,Yes,0.3725,Medium,Secondary Verification (SMS/OTP),2.0.0-week3,2026-09-30T14:43:51.571607+00:00
FT-T004436,FT-C01383,2026-02-03 06:21:00,Cash Withdrawal,54265.09,Web,Android,Port Harcourt,No,Successful,No,59,Male,Lagos,Everyday,Savings,23,67.4,1m+,Mobile App,Active,Yes,0.4752,Medium,Secondary Verification (SMS/OTP),2.0.0-week3,2026-09-30T14:43:51.571607+00:00
FT-T011533,FT-C00487,2026-03-28 11:55:00,Card Purchase,573.86,Web,Android,Benin City,No,Successful,No,47,Male,Lagos,Premium,Savings,75,66.3,Below 100k,Web,Active,No,0.274,Low,Auto-Approve,2.0.0-week3,2026-09-30T14:43:51.571607+00:00
FT-T010102,FT-C00011,2026-03-17 18:19:00,Cash Withdrawal,1971.47,Mobile App,Android,Kaduna,No,Successful,Yes,28,Male,Abuja,Premium,Savings,75,70.7,Below 100k,Web,Dormant,Yes,0.5322,Medium,Secondary Verification (SMS/OTP),2.0.0-week3,2026-09-30T14:43:51.571607+00:00
FT-T006445,FT-C01383,2026-02-18 08:00:00,Airtime/Data,5215.72,ATM,Android,Enugu,No,Successful,Yes,59,Male,Lagos,Everyday,Savings,23,67.4,1m+,Mobile App,Active,No,0.3414,Medium,Secondary Verification (SMS/OTP),2.0.0-week3,2026-09-30T14:43:51.571607+00:00
FT-T006593,FT-C00129,2026-02-19 10:39:00,Bill Payment,806.93,POS,Web Browser,Ibadan,No,Successful,No,44,Male,Lagos,Everyday,Current,37,80.0,Below 100k,Mobile App,Active,No,0.2746,Low,Auto-Approve,2.0.0-week3,2026-09-30T14:43:51.571607+00:00
FT-T000504,FT-C01463,2026-01-04 18:32:00,Transfer,46831.99,Mobile App,Android,Kaduna,No,Successful,No,41,Male,Lagos,Everyday,Savings,21,66.3,100k-249k,Web,Active,Yes,0.4888,Medium,Secondary Verification (SMS/OTP),2.0.0-week3,2026-09-30T14:43:51.571607+00:00
FT-T002399,FT-C00222,2026-01-18 23:40:00,Transfer,50746.69,ATM,Android,Ibadan,No,Successful,No,49,Male,Lagos,Premium,Savings,24,68.2,100k-249k,Mobile App,Dormant,Yes,0.5232,Medium,Secondary Verification (SMS/OTP),2.0.0-week3,2026-09-30T14:43:51.571607+00:00
FT-T000846,FT-C01121,2026-01-07 08:06:00,Airtime/Data,2122.42,USSD,Android,Enugu,No,Successful,No,64,Male,Kano,Everyday,Savings,61,88.6,500k-999k,Mobile App,Active,No,0.3405,Medium,Secondary Verification (SMS/OTP),2.0.0-week3,2026-09-30T14:43:51.571607+00:00
FT-T000877,FT-C00509,2026-01-07 13:41:00,Card Purchase,27689.0,ATM,POS Terminal,Abuja,No,Successful,No,37,Female,Ibadan,Everyday,Current,44,90.6,1m+,Mobile App,Active,No,0.2358,Low,Auto-Approve,2.0.0-week3,2026-09-30T14:43:51.571607+00:00
FT-T005445,FT-C01193,2026-02-10 20:00:00,Cash Withdrawal,126736.5,Mobile App,Android,Lagos,No,Successful,Yes,57,Male,Lagos,Everyday,Current,41,67.3,500k-999k,Mobile App,Dormant,Yes,0.4418,Medium,Secondary Verification (SMS/OTP),2.0.0-week3,2026-09-30T14:43:51.571607+00:00
FT-T003696,FT-C00952,2026-01-28 17:09:00,Card Purchase,13749.31,ATM,iOS,Benin City,No,Successful,No,23,Female,Ibadan,Student,Current,43,74.7,Below 100k,Mobile App,Active,No,0.2371,Low,Auto-Approve,2.0.0-week3,2026-09-30T14:43:51.571607+00:00
FT-T006244,FT-C00475,2026-02-16 19:50:00,Transfer,286460.38,ATM,,Enugu,No,Successful,Yes,47,Male,Lagos,SME,Savings,7,89.8,1m+,Web,Active,Yes,0.416,Medium,Secondary Verification (SMS/OTP),2.0.0-week3,2026-09-30T14:43:51.571607+00:00
FT-T005697,FT-C01486,2026-02-12 17:21:00,Deposit,651566.54,Mobile App,Android,Port Harcourt,No,Successful,Yes,33,Female,Benin City,Premium,Savings,48,90.9,1m+,Web,Active,Yes,0.595,Medium,Secondary Verification (SMS/OTP),2.0.0-week3,2026-09-30T14:43:51.571607+00:00
FT-T002075,FT-C01035,2026-01-16 13:21:00,Card Purchase,15368.87,Web,iOS,Abuja,No,Successful,No,55,Male,Abuja,Everyday,Savings,54,86.8,250k-499k,Web,Active,No,0.3283,Medium,Secondary Verification (SMS/OTP),2.0.0-week3,2026-09-30T14:43:51.571607+00:00
FT-T005573,FT-C00606,2026-02-11 19:02:00,Cash Withdrawal,11784.52,Web,iOS,Abuja,No,Failed,Yes,48,Male,Enugu,Everyday,Current,51,63.3,1m+,Mobile App,Active,Yes,0.4502,Medium,Secondary Verification (SMS/OTP),2.0.0-week3,2026-09-30T14:43:51.571607+00:00
FT-T000948,FT-C00250,2026-01-08 02:28:00,Card Purchase,25574.55,POS,ATM Terminal,Lagos,No,Failed,No,58,Male,Port Harcourt,Everyday,Current,3,77.0,250k-499k,Mobile App,Active,No,0.3373,Medium,Secondary Verification (SMS/OTP),2.0.0-week3,2026-09-30T14:43:51.571607+00:00
FT-T007736,FT-C00270,2026-02-28 00:24:00,Card Purchase,59484.38,POS,Android,Port Harcourt,No,Successful,No,18,Male,Abuja,Everyday,Savings,71,68.0,250k-499k,Web,Active,Yes,0.3594,Medium,Secondary Verification (SMS/OTP),2.0.0-week3,2026-09-30T14:43:51.571607+00:00
FT-T003060,FT-C00293,2026-01-23 22:39:00,Transfer,407722.74,Mobile App,iOS,Lagos,No,Successful,No,52,Female,Ibadan,Premium,Current,86,29.7,1m+,Web,Active,Yes,0.7012,High,Immediate Review / Payment Hold,2.0.0-week3,2026-09-30T14:43:51.571607+00:00
FT-T002448,FT-C00081,2026-01-19 08:29:00,Card Purchase,20796.11,Mobile App,Web Browser,Abuja,No,Successful,No,57,Male,Lagos,Premium,Savings,81,30.8,500k-999k,Mobile App,Active,No,0.2479,Low,Auto-Approve,2.0.0-week3,2026-09-30T14:43:51.571607+00:00
FT-T010135,FT-C00289,2026-03-18 00:16:00,Transfer,9954.73,ATM,iOS,Kano,No,Successful,No,53,Male,Kano,Everyday,Savings,79,86.8,Below 100k,Mobile App,Active,Yes,0.646,Medium,Secondary Verification (SMS/OTP),2.0.0-week3,2026-09-30T14:43:51.571607+00:00
FT-T008238,FT-C01340,2026-03-03 18:47:00,Transfer,168619.57,USSD,Android,Abuja,No,Successful,No,61,Female,Kaduna,Everyday,Savings,38,46.8,500k-999k,Mobile App,Active,Yes,0.4771,Medium,Secondary Verification (SMS/OTP),2.0.0-week3,2026-09-30T14:43:51.571607+00:00
FT-T001521,FT-C00542,2026-01-12 09:37:00,Card Purchase,119145.9,Mobile App,Web Browser,Kaduna,No,Successful,Yes,24,Male,Ibadan,Everyday,Current,61,54.1,250k-499k,Mobile App,Dormant,No,0.3366,Medium,Secondary Verification (SMS/OTP),2.0.0-week3,2026-09-30T14:43:51.571607+00:00
FT-T001122,FT-C00481,2026-01-09 09:47:00,Cash Withdrawal,53771.74,POS,iOS,Benin City,No,Successful,No,43,Female,Benin City,SME,Savings,75,85.2,100k-249k,Web,Active,Yes,0.4793,Medium,Secondary Verification (SMS/OTP),2.0.0-week3,2026-09-30T14:43:51.571607+00:00
FT-T011885,FT-C00234,2026-03-31 03:17:00,Airtime/Data,24969.51,POS,Android,Port Harcourt,No,Failed,No,33,Female,Lagos,Everyday,Savings,74,70.3,Below 100k,Mobile App,Active,Yes,0.4368,Medium,Secondary Verification (SMS/OTP),2.0.0-week3,2026-09-30T14:43:51.571607+00:00
FT-T002729,FT-C00167,2026-01-21 11:04:00,Airtime/Data,5679.96,Mobile App,Android,Port Harcourt,No,Successful,No,19,Male,Enugu,Student,Premium,31,74.6,Below 100k,Mobile App,Active,No,0.321,Medium,Secondary Verification (SMS/OTP),2.0.0-week3,2026-09-30T14:43:51.571607+00:00
FT-T011965,FT-C00118,2026-03-31 17:41:00,Transfer,7810.4,Mobile App,ATM Terminal,Benin City,No,Successful,Yes,29,Male,Abuja,Student,Premium,54,68.0,Below 100k,USSD,Active,Yes,0.5291,Medium,Secondary Verification (SMS/OTP),2.0.0-week3,2026-09-30T14:43:51.571607+00:00
FT-T001579,FT-C01333,2026-01-12 20:03:00,Card Purchase,48187.24,POS,ATM Terminal,Lagos,No,Successful,No,55,Male,Lagos,Everyday,Current,80,60.6,100k-249k,Mobile App,Active,No,0.1965,Low,Auto-Approve,2.0.0-week3,2026-09-30T14:43:51.571607+00:00
FT-T008725,FT-C00198,2026-03-07 10:27:00,Deposit,23651.66,Mobile App,iOS,Ibadan,No,Successful,No,49,Female,Ibadan,Everyday,Savings,84,49.5,250k-499k,Mobile App,Active,No,0.2945,Low,Auto-Approve,2.0.0-week3,2026-09-30T14:43:51.571607+00:00
FT-T001625,FT-C00682,2026-01-13 04:20:00,Cash Withdrawal,2105.73,Mobile App,Android,Benin City,No,Successful,No,53,Male,Abuja,Everyday,Premium,46,85.8,500k-999k,Mobile App,Active,Yes,0.5554,Medium,Secondary Verification (SMS/OTP),2.0.0-week3,2026-09-30T14:43:51.571607+00:00
FT-T009260,FT-C00618,2026-03-11 10:45:00,Cash Withdrawal,141241.56,Mobile App,POS Terminal,Kaduna,Yes,Successful,No,61,Male,Lagos,Student,Premium,35,70.3,100k-249k,USSD,Active,Yes,0.4453,Medium,Secondary Verification (SMS/OTP),2.0.0-week3,2026-09-30T14:43:51.571607+00:00
FT-T000901,FT-C01099,2026-01-07 18:00:00,Card Purchase,82308.36,Mobile App,Web Browser,Lagos,No,Failed,No,46,Prefer not to say,Port Harcourt,Everyday,Current,51,61.6,100k-249k,Web,Active,Yes,0.3865,Medium,Secondary Verification (SMS/OTP),2.0.0-week3,2026-09-30T14:43:51.571607+00:00
FT-T008636,FT-C01251,2026-03-06 18:25:00,Cash Withdrawal,75029.74,POS,Android,Kaduna,No,Successful,No,36,Female,Port Harcourt,Everyday,Current,56,45.5,Below 100k,Mobile App,Active,Yes,0.541,Medium,Secondary Verification (SMS/OTP),2.0.0-week3,2026-09-30T14:43:51.571607+00:00
FT-T011949,FT-C01048,2026-03-31 14:49:00,Deposit,12177.65,ATM,Android,Enugu,No,Successful,Yes,18,Female,Lagos,Everyday,Savings,74,43.0,250k-499k,USSD,Active,Yes,0.3793,Medium,Secondary Verification (SMS/OTP),2.0.0-week3,2026-09-30T14:43:51.571607+00:00
FT-T005441,FT-C00992,2026-02-10 19:16:00,Transfer,768.19,Web,Android,Port Harcourt,No,Successful,No,43,Male,Lagos,Premium,Current,29,96.6,1m+,Mobile App,Active,Yes,0.5273,Medium,Secondary Verification (SMS/OTP),2.0.0-week3,2026-09-30T14:43:51.571607+00:00
FT-T011462,FT-C01134,2026-03-27 23:09:00,Transfer,239744.33,POS,Web Browser,Kaduna,No,Successful,Yes,19,Male,Lagos,Everyday,Savings,17,17.1,500k-999k,Mobile App,Active,Yes,0.5895,Medium,Secondary Verification (SMS/OTP),2.0.0-week3,2026-09-30T14:43:51.571607+00:00
FT-T009094,FT-C00841,2026-03-10 04:52:00,Deposit,127257.85,Web,ATM Terminal,Ibadan,No,Successful,Yes,28,Female,Kano,Student,Savings,19,57.3,Below 100k,Mobile App,Active,Yes,0.3842,Medium,Secondary Verification (SMS/OTP),2.0.0-week3,2026-09-30T14:43:51.571607+00:00
FT-T007819,FT-C00212,2026-02-28 15:21:00,Bill Payment,1097.66,POS,Android,Ibadan,No,Successful,No,54,Male,Port Harcourt,SME,Savings,58,79.9,500k-999k,Mobile App,Active,No,0.3455,Medium,Secondary Verification (SMS/OTP),2.0.0-week3,2026-09-30T14:43:51.571607+00:00
FT-T005661,FT-C00970,2026-02-12 10:53:00,Card Purchase,740.78,Mobile App,Android,Benin City,No,Successful,No,26,Female,Ibadan,Premium,Savings,73,81.1,1m+,Mobile App,Active,No,0.2965,Low,Auto-Approve,2.0.0-week3,2026-09-30T14:43:51.571607+00:00
FT-T003720,FT-C00862,2026-01-28 21:28:00,Card Purchase,642.43,POS,Android,Lagos,No,Pending,No,35,Male,Enugu,Everyday,Savings,80,69.5,250k-499k,USSD,Dormant,No,0.3094,Medium,Secondary Verification (SMS/OTP),2.0.0-week3,2026-09-30T14:43:51.571607+00:00
FT-T006747,FT-C01351,2026-02-20 14:22:00,Cash Withdrawal,13106.03,Mobile App,Android,Kano,No,Successful,No,26,Female,Lagos,Everyday,Savings,26,71.5,1m+,Mobile App,Active,Yes,0.5625,Medium,Secondary Verification (SMS/OTP),2.0.0-week3,2026-09-30T14:43:51.571607+00:00
FT-T001065,FT-C00310,2026-01-08 23:32:00,Airtime/Data,108.66,USSD,iOS,Enugu,Yes,Successful,No,31,Male,Lagos,Everyday,Savings,60,49.1,1m+,Web,Active,Yes,0.4565,Medium,Secondary Verification (SMS/OTP),2.0.0-week3,2026-09-30T14:43:51.571607+00:00
FT-T006783,FT-C00219,2026-02-20 20:51:00,Bill Payment,10373.8,ATM,Web Browser,Ibadan,No,Failed,No,43,Female,Ibadan,Student,Savings,21,81.4,250k-499k,Mobile App,Active,Yes,0.3745,Medium,Secondary Verification (SMS/OTP),2.0.0-week3,2026-09-30T14:43:51.571607+00:00
FT-T010860,FT-C00699,2026-03-23 10:46:00,Bill Payment,1267.02,Mobile App,ATM Terminal,Abuja,No,Successful,No,49,Female,Abuja,Premium,Current,96,78.3,100k-249k,Mobile App,Active,No,0.3138,Medium,Secondary Verification (SMS/OTP),2.0.0-week3,2026-09-30T14:43:51.571607+00:00
FT-T009839,FT-C00169,2026-03-15 18:59:00,Card Purchase,313.64,USSD,ATM Terminal,Port Harcourt,No,Successful,No,62,Female,Kano,SME,Savings,9,90.4,Below 100k,Mobile App,Active,No,0.2461,Low,Auto-Approve,2.0.0-week3,2026-09-30T14:43:51.571607+00:00
FT-T009907,FT-C00428,2026-03-16 07:13:00,Cash Withdrawal,172301.47,Mobile App,iOS,Kano,No,Successful,No,23,Male,Lagos,Everyday,Current,50,95.0,Below 100k,Web,Active,Yes,0.5786,Medium,Secondary Verification (SMS/OTP),2.0.0-week3,2026-09-30T14:43:51.571607+00:00
FT-T011638,FT-C00106,2026-03-29 06:50:00,Cash Withdrawal,3478.66,POS,Android,Ibadan,No,Successful,Yes,25,Male,Kaduna,Student,Current,10,75.9,250k-499k,Mobile App,Active,Yes,0.433,Medium,Secondary Verification (SMS/OTP),2.0.0-week3,2026-09-30T14:43:51.571607+00:00
FT-T001903,FT-C01210,2026-01-15 06:23:00,Transfer,598.22,POS,Android,Kano,No,Successful,No,44,Male,Lagos,Premium,Savings,31,54.2,100k-249k,USSD,Active,Yes,0.5441,Medium,Secondary Verification (SMS/OTP),2.0.0-week3,2026-09-30T14:43:51.571607+00:00
FT-T004334,FT-C00228,2026-02-02 12:00:00,Bill Payment,8228.05,Mobile App,ATM Terminal,Lagos,No,Reversed,No,22,Female,Ibadan,Premium,Savings,17,31.4,100k-249k,Web,Active,No,0.3121,Medium,Secondary Verification (SMS/OTP),2.0.0-week3,2026-09-30T14:43:51.571607+00:00
FT-T001693,FT-C00186,2026-01-13 16:35:00,Deposit,39777.77,Mobile App,Web Browser,Benin City,No,Successful,No,20,Male,Abuja,Student,Current,52,67.0,500k-999k,USSD,Dormant,Yes,0.3712,Medium,Secondary Verification (SMS/OTP),2.0.0-week3,2026-09-30T14:43:51.571607+00:00
FT-T001993,FT-C00217,2026-01-15 22:35:00,Transfer,12809.75,POS,ATM Terminal,Port Harcourt,No,Successful,No,19,Female,Lagos,Premium,Savings,51,72.1,100k-249k,Mobile App,Active,Yes,0.5691,Medium,Secondary Verification (SMS/OTP),2.0.0-week3,2026-09-30T14:43:51.571607+00:00
FT-T005483,FT-C00347,2026-02-11 02:50:00,Bill Payment,18727.73,Mobile App,Android,Benin City,No,Successful,No,46,Male,Enugu,Everyday,Savings,9,64.5,Below 100k,USSD,Active,Yes,0.5012,Medium,Secondary Verification (SMS/OTP),2.0.0-week3,2026-09-30T14:43:51.571607+00:00
FT-T003343,FT-C00162,2026-01-26 01:36:00,Transfer,1077.02,ATM,Web Browser,Abuja,No,Successful,No,30,Female,Kano,Student,Premium,23,94.9,1m+,Web,Active,Yes,0.5029,Medium,Secondary Verification (SMS/OTP),2.0.0-week3,2026-09-30T14:43:51.571607+00:00
FT-T001393,FT-C00192,2026-01-11 10:34:00,Transfer,248070.38,ATM,iOS,Abuja,No,Successful,Yes,54,Male,Ibadan,SME,Savings,79,66.5,500k-999k,Mobile App,Active,Yes,0.5547,Medium,Secondary Verification (SMS/OTP),2.0.0-week3,2026-09-30T14:43:51.571607+00:00
FT-T002556,FT-C01043,2026-01-20 03:56:00,Transfer,13380.15,ATM,Android,Lagos,No,Successful,No,26,Female,Port Harcourt,Everyday,Savings,77,100.0,250k-499k,Web,Dormant,Yes,0.5194,Medium,Secondary Verification (SMS/OTP),2.0.0-week3,2026-09-30T14:43:51.571607+00:00
FT-T003368,FT-C00469,2026-01-26 06:06:00,Bill Payment,548.56,Mobile App,Web Browser,Kaduna,No,Successful,Yes,39,Female,Kaduna,Everyday,Current,53,64.4,100k-249k,Mobile App,Active,No,0.2571,Low,Auto-Approve,2.0.0-week3,2026-09-30T14:43:51.571607+00:00
FT-T006652,FT-C01103,2026-02-19 21:16:00,Airtime/Data,202.11,Mobile App,Android,Ibadan,No,Successful,No,44,Female,Ibadan,Everyday,Savings,66,72.9,Below 100k,Web,Active,No,0.3251,Medium,Secondary Verification (SMS/OTP),2.0.0-week3,2026-09-30T14:43:51.571607+00:00
FT-T005829,FT-C00270,2026-02-13 17:07:00,Deposit,2254.63,Mobile App,POS Terminal,Enugu,No,Successful,No,18,Male,Abuja,Everyday,Savings,71,68.0,250k-499k,Web,Active,No,0.3394,Medium,Secondary Verification (SMS/OTP),2.0.0-week3,2026-09-30T14:43:51.571607+00:00
FT-T011963,FT-C01056,2026-03-31 17:20:00,Card Purchase,162608.25,Mobile App,Android,Lagos,No,Successful,No,31,Male,Port Harcourt,Student,Savings,61,70.3,100k-249k,Mobile App,Active,No,0.3161,Medium,Secondary Verification (SMS/OTP),2.0.0-week3,2026-09-30T14:43:51.571607+00:00
FT-T004723,FT-C00530,2026-02-05 10:01:00,Card Purchase,1576.86,Web,Android,Abuja,No,Successful,No,19,Male,Port Harcourt,Student,Savings,81,47.4,500k-999k,Web,Active,No,0.2169,Low,Auto-Approve,2.0.0-week3,2026-09-30T14:43:51.571607+00:00
FT-T000498,FT-C01251,2026-01-04 17:28:00,Airtime/Data,2218.44,ATM,Android,Ibadan,No,Successful,No,36,Female,Port Harcourt,Everyday,Current,56,45.5,Below 100k,Mobile App,Active,No,0.3254,Medium,Secondary Verification (SMS/OTP),2.0.0-week3,2026-09-30T14:43:51.571607+00:00
FT-T004818,FT-C00973,2026-02-06 03:07:00,Cash Withdrawal,1759.52,POS,iOS,Lagos,No,Successful,No,57,Female,Kaduna,Everyday,Savings,19,68.6,100k-249k,Web,Active,Yes,0.5307,Medium,Secondary Verification (SMS/OTP),2.0.0-week3,2026-09-30T14:43:51.571607+00:00
FT-T004214,FT-C01126,2026-02-01 14:24:00,Airtime/Data,737.16,Mobile App,iOS,Ibadan,No,Successful,No,46,Male,Kaduna,Everyday,Savings,15,97.7,250k-499k,Web,Dormant,No,0.342,Medium,Secondary Verification (SMS/OTP),2.0.0-week3,2026-09-30T14:43:51.571607+00:00
FT-T010247,FT-C00556,2026-03-18 20:26:00,Card Purchase,10724.46,POS,POS Terminal,Port Harcourt,No,Successful,No,52,Male,Lagos,Everyday,Savings,47,96.1,250k-499k,Mobile App,Active,No,0.3043,Medium,Secondary Verification (SMS/OTP),2.0.0-week3,2026-09-30T14:43:51.571607+00:00
FT-T011375,FT-C00195,2026-03-27 07:29:00,Airtime/Data,15693.69,Web,POS Terminal,Enugu,No,Successful,No,61,Female,Ibadan,Everyday,Savings,15,73.7,250k-499k,Mobile App,Active,Yes,0.3697,Medium,Secondary Verification (SMS/OTP),2.0.0-week3,2026-09-30T14:43:51.571607+00:00
FT-T011713,FT-C01062,2026-03-29 20:20:00,Card Purchase,1516.02,Web,ATM Terminal,Kaduna,No,Successful,No,36,Male,Ibadan,Student,Savings,40,55.0,Below 100k,Web,Active,Yes,0.3833,Medium,Secondary Verification (SMS/OTP),2.0.0-week3,2026-09-30T14:43:51.571607+00:00
FT-T007412,FT-C00691,2026-02-25 14:05:00,Cash Withdrawal,51394.45,Mobile App,Android,Benin City,No,Failed,Yes,48,Male,Abuja,Student,Savings,3,59.9,100k-249k,Web,Active,Yes,0.4495,Medium,Secondary Verification (SMS/OTP),2.0.0-week3,2026-09-30T14:43:51.571607+00:00
FT-T008561,FT-C00717,2026-03-06 04:55:00,Deposit,2342.45,Web,Android,Enugu,Yes,Successful,No,34,Female,Kano,Everyday,Savings,7,70.6,100k-249k,Web,Active,Yes,0.7018,High,Immediate Review / Payment Hold,2.0.0-week3,2026-09-30T14:43:51.571607+00:00
FT-T008989,FT-C01206,2026-03-09 09:58:00,Card Purchase,90887.79,Web,POS Terminal,Lagos,No,Successful,Yes,55,Male,Lagos,Everyday,Savings,60,77.8,Below 100k,Mobile App,Active,No,0.3469,Medium,Secondary Verification (SMS/OTP),2.0.0-week3,2026-09-30T14:43:51.571607+00:00
FT-T002979,FT-C01169,2026-01-23 08:05:00,Transfer,1860.21,Mobile App,Android,Ibadan,No,Successful,No,21,Female,Lagos,SME,Savings,46,97.4,250k-499k,Mobile App,Active,Yes,0.5185,Medium,Secondary Verification (SMS/OTP),2.0.0-week3,2026-09-30T14:43:51.571607+00:00
FT-T002050,FT-C00266,2026-01-16 08:51:00,Card Purchase,40077.1,Mobile App,Android,Lagos,No,Successful,No,33,Female,Abuja,Everyday,Savings,83,100.0,500k-999k,Mobile App,Active,No,0.3256,Medium,Secondary Verification (SMS/OTP),2.0.0-week3,2026-09-30T14:43:51.571607+00:00
FT-T004752,FT-C00574,2026-02-05 15:15:00,Cash Withdrawal,22698.48,ATM,Web Browser,Lagos,No,Successful,No,37,Female,Port Harcourt,Everyday,Current,59,58.6,250k-499k,USSD,Active,Yes,0.4205,Medium,Secondary Verification (SMS/OTP),2.0.0-week3,2026-09-30T14:43:51.571607+00:00
FT-T004816,FT-C01087,2026-02-06 02:46:00,Transfer,132554.6,Web,POS Terminal,Ibadan,No,Successful,Yes,31,Male,Abuja,Premium,Savings,85,55.7,1m+,Mobile App,Active,Yes,0.5178,Medium,Secondary Verification (SMS/OTP),2.0.0-week3,2026-09-30T14:43:51.571607+00:00
FT-T000159,FT-C00543,2026-01-02 04:26:00,Bill Payment,643.47,POS,Web Browser,Enugu,No,Successful,No,21,Male,Kano,Everyday,Savings,87,92.5,500k-999k,Mobile App,Active,Yes,0.4102,Medium,Secondary Verification (SMS/OTP),2.0.0-week3,2026-09-30T14:43:51.571607+00:00
FT-T011967,FT-C00015,2026-03-31 18:03:00,Cash Withdrawal,31804.78,Mobile App,ATM Terminal,Benin City,No,Successful,No,41,Male,Kaduna,Student,Current,94,54.8,500k-999k,Mobile App,Active,Yes,0.3923,Medium,Secondary Verification (SMS/OTP),2.0.0-week3,2026-09-30T14:43:51.571607+00:00
FT-T008241,FT-C00896,2026-03-03 19:19:00,Transfer,522.95,POS,iOS,Benin City,No,Successful,Yes,31,Female,Lagos,Everyday,Savings,52,100.0,Below 100k,Mobile App,Active,Yes,0.5134,Medium,Secondary Verification (SMS/OTP),2.0.0-week3,2026-09-30T14:43:51.571607+00:00
FT-T002946,FT-C01041,2026-01-23 02:08:00,Airtime/Data,3417.51,Web,ATM Terminal,Enugu,No,Successful,No,31,Male,Lagos,Student,Savings,9,65.6,250k-499k,Web,Active,Yes,0.451,Medium,Secondary Verification (SMS/OTP),2.0.0-week3,2026-09-30T14:43:51.571607+00:00
FT-T008869,FT-C01269,2026-03-08 12:22:00,Transfer,182400.98,ATM,Android,Kano,No,Successful,Yes,36,Male,Kano,Everyday,Savings,66,65.8,100k-249k,Web,Active,Yes,0.6642,Medium,Secondary Verification (SMS/OTP),2.0.0-week3,2026-09-30T14:43:51.571607+00:00
FT-T000493,FT-C00467,2026-01-04 16:34:00,Transfer,3559.65,POS,iOS,Kano,No,Successful,Yes,33,Male,Kaduna,Everyday,Premium,32,91.0,100k-249k,Mobile App,Active,Yes,0.4675,Medium,Secondary Verification (SMS/OTP),2.0.0-week3,2026-09-30T14:43:51.571607+00:00
FT-T006685,FT-C00248,2026-02-20 03:13:00,Bill Payment,7515.17,POS,iOS,Benin City,No,Successful,No,49,Male,Enugu,Everyday,Savings,1,90.8,1m+,Mobile App,Active,Yes,0.4109,Medium,Secondary Verification (SMS/OTP),2.0.0-week3,2026-09-30T14:43:51.571607+00:00
FT-T000335,FT-C00555,2026-01-03 12:07:00,Transfer,427204.53,Mobile App,Android,Kano,No,Successful,No,52,Female,Ibadan,Student,Savings,48,58.4,Below 100k,Web,Active,Yes,0.6865,Medium,Secondary Verification (SMS/OTP),2.0.0-week3,2026-09-30T14:43:51.571607+00:00
FT-T006673,FT-C00080,2026-02-20 01:03:00,Cash Withdrawal,15055.09,Web,Android,Enugu,No,Successful,No,40,Male,Lagos,Premium,Savings,90,74.8,100k-249k,Web,Active,Yes,0.5198,Medium,Secondary Verification (SMS/OTP),2.0.0-week3,2026-09-30T14:43:51.571607+00:00
FT-T003080,FT-C01350,2026-01-24 02:15:00,Card Purchase,13899.68,Mobile App,POS Terminal,Ibadan,No,Successful,No,31,Female,Enugu,Everyday,Savings,29,65.4,1m+,USSD,Active,Yes,0.4173,Medium,Secondary Verification (SMS/OTP),2.0.0-week3,2026-09-30T14:43:51.571607+00:00
FT-T001032,FT-C00459,2026-01-08 17:35:00,Card Purchase,14735.0,Mobile App,iOS,Abuja,No,Successful,No,33,Male,Port Harcourt,Everyday,Savings,74,69.9,250k-499k,Mobile App,Active,No,0.3342,Medium,Secondary Verification (SMS/OTP),2.0.0-week3,2026-09-30T14:43:51.571607+00:00
FT-T003078,FT-C00750,2026-01-24 01:54:00,Transfer,25559.54,Mobile App,Android,Port Harcourt,No,Failed,Yes,50,Female,Kano,Everyday,Current,73,48.4,100k-249k,USSD,Active,Yes,0.6268,Medium,Secondary Verification (SMS/OTP),2.0.0-week3,2026-09-30T14:43:51.571607+00:00
FT-T002215,FT-C00302,2026-01-17 14:33:00,Transfer,18195.19,Web,Web Browser,Kaduna,No,Successful,No,19,Male,Port Harcourt,Premium,Current,80,72.3,100k-249k,USSD,Active,Yes,0.5378,Medium,Secondary Verification (SMS/OTP),2.0.0-week3,2026-09-30T14:43:51.571607+00:00
FT-T001569,FT-C01217,2026-01-12 18:15:00,Airtime/Data,582.06,ATM,Web Browser,Kano,No,Successful,No,42,Female,Lagos,Everyday,Current,18,53.8,250k-499k,USSD,Dormant,No,0.3281,Medium,Secondary Verification (SMS/OTP),2.0.0-week3,2026-09-30T14:43:51.571607+00:00
FT-T008436,FT-C00551,2026-03-05 06:25:00,Bill Payment,9778.77,Web,iOS,Lagos,No,Successful,No,27,Male,Lagos,Premium,Savings,11,60.0,250k-499k,Mobile App,Active,Yes,0.3529,Medium,Secondary Verification (SMS/OTP),2.0.0-week3,2026-09-30T14:43:51.571607+00:00
FT-T010052,FT-C00320,2026-03-17 09:19:00,Transfer,785.85,Mobile App,iOS,Abuja,No,Successful,No,29,Female,Abuja,Everyday,Current,64,53.8,Below 100k,Mobile App,Active,Yes,0.4738,Medium,Secondary Verification (SMS/OTP),2.0.0-week3,2026-09-30T14:43:51.571607+00:00
FT-T004975,FT-C00678,2026-02-07 07:23:00,Transfer,13850.48,Web,POS Terminal,Kaduna,No,Successful,No,33,Male,Abuja,Everyday,Premium,31,62.3,500k-999k,Web,Active,Yes,0.5234,Medium,Secondary Verification (SMS/OTP),2.0.0-week3,2026-09-30T14:43:51.571607+00:00
FT-T007745,FT-C00357,2026-02-28 02:02:00,Bill Payment,2787.43,Mobile App,iOS,Port Harcourt,No,Successful,No,52,Male,Port Harcourt,Everyday,Savings,86,70.8,100k-249k,Mobile App,Active,Yes,0.5072,Medium,Secondary Verification (SMS/OTP),2.0.0-week3,2026-09-30T14:43:51.571607+00:00
FT-T002652,FT-C00497,2026-01-20 21:13:00,Transfer,170609.36,Mobile App,Android,Port Harcourt,No,Pending,No,49,Female,Lagos,Everyday,Savings,80,100.0,100k-249k,Web,Active,Yes,0.5762,Medium,Secondary Verification (SMS/OTP),2.0.0-week3,2026-09-30T14:43:51.571607+00:00
FT-T009556,FT-C00118,2026-03-13 16:02:00,Transfer,24639.12,Mobile App,POS Terminal,Benin City,No,Successful,No,29,Male,Abuja,Student,Premium,54,68.0,Below 100k,USSD,Active,Yes,0.5121,Medium,Secondary Verification (SMS/OTP),2.0.0-week3,2026-09-30T14:43:51.571607+00:00
FT-T002933,FT-C00109,2026-01-22 23:48:00,Deposit,13698.82,Mobile App,iOS,Port Harcourt,No,Successful,No,50,Male,Lagos,Everyday,Premium,82,57.3,100k-249k,Mobile App,Active,No,0.2385,Low,Auto-Approve,2.0.0-week3,2026-09-30T14:43:51.571607+00:00
FT-T004289,FT-C01199,2026-02-02 03:54:00,Card Purchase,7643.44,POS,ATM Terminal,Enugu,Yes,Successful,Yes,27,Female,Kaduna,Student,Current,92,48.8,Below 100k,Web,Active,Yes,0.4863,Medium,Secondary Verification (SMS/OTP),2.0.0-week3,2026-09-30T14:43:51.571607+00:00
FT-T004222,FT-C00266,2026-02-01 15:50:00,Deposit,50979.75,USSD,,Kano,No,Successful,No,33,Female,Abuja,Everyday,Savings,83,100.0,500k-999k,Mobile App,Active,No,0.3124,Medium,Secondary Verification (SMS/OTP),2.0.0-week3,2026-09-30T14:43:51.571607+00:00
FT-T011228,FT-C00562,2026-03-26 05:01:00,Card Purchase,5242.33,POS,Android,Kaduna,No,Successful,Yes,41,Male,Lagos,Everyday,Savings,81,41.2,100k-249k,USSD,Dormant,No,0.337,Medium,Secondary Verification (SMS/OTP),2.0.0-week3,2026-09-30T14:43:51.571607+00:00
FT-T007249,FT-C01267,2026-02-24 08:44:00,Deposit,4143.34,POS,Android,Enugu,Yes,Successful,No,27,Female,Lagos,Premium,Savings,83,51.1,250k-499k,Mobile App,Active,Yes,0.4495,Medium,Secondary Verification (SMS/OTP),2.0.0-week3,2026-09-30T14:43:51.571607+00:00
FT-T002041,FT-C00827,2026-01-16 07:13:00,Transfer,3582.66,ATM,Android,Kano,Yes,Successful,Yes,27,Male,Enugu,Premium,Savings,14,58.6,100k-249k,USSD,Active,Yes,0.6088,Medium,Secondary Verification (SMS/OTP),2.0.0-week3,2026-09-30T14:43:51.571607+00:00
FT-T008906,FT-C01422,2026-03-08 19:02:00,Airtime/Data,1119.51,Mobile App,Android,Lagos,No,Successful,No,53,Male,Lagos,Premium,Premium,93,45.4,500k-999k,Mobile App,Active,No,0.2799,Low,Auto-Approve,2.0.0-week3,2026-09-30T14:43:51.571607+00:00
FT-T011464,FT-C00431,2026-03-27 23:30:00,Airtime/Data,4931.22,POS,Android,Abuja,No,Successful,No,47,Female,Lagos,Everyday,Savings,50,68.0,100k-249k,Mobile App,Active,No,0.3315,Medium,Secondary Verification (SMS/OTP),2.0.0-week3,2026-09-30T14:43:51.571607+00:00
FT-T002359,FT-C00598,2026-01-18 16:28:00,Card Purchase,12818.53,USSD,Android,Benin City,No,Successful,No,53,Male,Enugu,Everyday,Savings,32,55.1,Below 100k,Mobile App,Active,No,0.2801,Low,Auto-Approve,2.0.0-week3,2026-09-30T14:43:51.571607+00:00
FT-T005103,FT-C01311,2026-02-08 06:26:00,Deposit,7979.7,Mobile App,iOS,Lagos,No,Successful,No,40,Male,Lagos,Student,Savings,18,71.5,250k-499k,Mobile App,Active,Yes,0.3937,Medium,Secondary Verification (SMS/OTP),2.0.0-week3,2026-09-30T14:43:51.571607+00:00
FT-T010117,FT-C00634,2026-03-17 21:01:00,Cash Withdrawal,12113.26,POS,Android,Ibadan,No,Successful,No,25,Male,Abuja,Premium,Premium,4,67.8,250k-499k,Web,Active,Yes,0.4919,Medium,Secondary Verification (SMS/OTP),2.0.0-week3,2026-09-30T14:43:51.571607+00:00
FT-T000836,FT-C01383,2026-01-07 06:18:00,Cash Withdrawal,16737.97,POS,Android,Abuja,No,Successful,No,59,Male,Lagos,Everyday,Savings,23,67.4,1m+,Mobile App,Active,Yes,0.4852,Medium,Secondary Verification (SMS/OTP),2.0.0-week3,2026-09-30T14:43:51.571607+00:00
FT-T010618,FT-C01054,2026-03-21 15:13:00,Cash Withdrawal,20736.74,Web,iOS,Kaduna,No,Successful,No,58,Male,Abuja,Everyday,Savings,90,82.5,100k-249k,Mobile App,Dormant,Yes,0.3961,Medium,Secondary Verification (SMS/OTP),2.0.0-week3,2026-09-30T14:43:51.571607+00:00
FT-T011359,FT-C00586,2026-03-27 04:36:00,Cash Withdrawal,1076.38,Mobile App,Android,Benin City,No,Successful,No,24,Female,Port Harcourt,Everyday,Savings,45,47.8,Below 100k,Web,Dormant,Yes,0.5563,Medium,Secondary Verification (SMS/OTP),2.0.0-week3,2026-09-30T14:43:51.571607+00:00
FT-T009412,FT-C01305,2026-03-12 14:07:00,Airtime/Data,3005.02,USSD,Android,Ibadan,No,Successful,No,65,Female,Port Harcourt,Everyday,Premium,92,61.3,250k-499k,Mobile App,Active,No,0.3444,Medium,Secondary Verification (SMS/OTP),2.0.0-week3,2026-09-30T14:43:51.571607+00:00
FT-T007165,FT-C01065,2026-02-23 17:37:00,Transfer,300599.71,POS,iOS,Kano,No,Successful,Yes,21,Female,Enugu,Premium,Savings,93,42.7,250k-499k,Mobile App,Active,Yes,0.6978,Medium,Secondary Verification (SMS/OTP),2.0.0-week3,2026-09-30T14:43:51.571607+00:00
FT-T011614,FT-C01331,2026-03-29 02:30:00,Cash Withdrawal,5171.87,POS,ATM Terminal,Enugu,No,Successful,No,22,Male,Ibadan,SME,Savings,93,43.0,Below 100k,Mobile App,Dormant,Yes,0.3866,Medium,Secondary Verification (SMS/OTP),2.0.0-week3,2026-09-30T14:43:51.571607+00:00
FT-T010625,FT-C00683,2026-03-21 16:28:00,Transfer,2120.06,Web,Web Browser,Benin City,No,Successful,Yes,52,Female,Abuja,Student,Savings,77,100.0,Below 100k,Mobile App,Active,Yes,0.4793,Medium,Secondary Verification (SMS/OTP),2.0.0-week3,2026-09-30T14:43:51.571607+00:00
FT-T010482,FT-C00304,2026-03-20 14:44:00,Transfer,1171.79,Mobile App,Android,Ibadan,No,Successful,Yes,33,Female,Lagos,SME,Savings,93,60.8,100k-249k,Mobile App,Active,Yes,0.4611,Medium,Secondary Verification (SMS/OTP),2.0.0-week3,2026-09-30T14:43:51.571607+00:00
FT-T003128,FT-C00404,2026-01-24 10:54:00,Airtime/Data,12335.03,Mobile App,iOS,Lagos,No,Successful,No,29,Female,Lagos,Everyday,Savings,1,85.0,250k-499k,Web,Active,No,0.3381,Medium,Secondary Verification (SMS/OTP),2.0.0-week3,2026-09-30T14:43:51.571607+00:00
FT-T009519,FT-C00312,2026-03-13 09:22:00,Airtime/Data,32896.1,Mobile App,iOS,Lagos,No,Successful,No,65,Female,Kaduna,Everyday,Premium,55,89.7,100k-249k,USSD,Restricted,No,0.2638,Low,Auto-Approve,2.0.0-week3,2026-09-30T14:43:51.571607+00:00
FT-T004462,FT-C01421,2026-02-03 11:02:00,Cash Withdrawal,30125.75,Web,iOS,Port Harcourt,No,Successful,Yes,50,Female,Benin City,Everyday,Savings,55,37.8,250k-499k,Web,Active,Yes,0.5052,Medium,Secondary Verification (SMS/OTP),2.0.0-week3,2026-09-30T14:43:51.571607+00:00
FT-T009829,FT-C00127,2026-03-15 17:11:00,Deposit,241910.82,ATM,Android,Benin City,No,Successful,Yes,57,Female,Ibadan,SME,Current,28,56.7,500k-999k,Web,Active,Yes,0.4796,Medium,Secondary Verification (SMS/OTP),2.0.0-week3,2026-09-30T14:43:51.571607+00:00
FT-T011357,FT-C01259,2026-03-27 04:15:00,Transfer,610.53,Mobile App,POS Terminal,Lagos,Yes,Successful,Yes,55,Male,Lagos,Everyday,Savings,36,76.6,Below 100k,Web,Active,Yes,0.5591,Medium,Secondary Verification (SMS/OTP),2.0.0-week3,2026-09-30T14:43:51.571607+00:00
FT-T005153,FT-C00053,2026-02-08 15:26:00,Transfer,38853.84,POS,POS Terminal,Enugu,No,Successful,Yes,24,Female,Lagos,Everyday,Savings,90,81.1,500k-999k,Web,Active,Yes,0.4502,Medium,Secondary Verification (SMS/OTP),2.0.0-week3,2026-09-30T14:43:51.571607+00:00
FT-T010980,FT-C00508,2026-03-24 08:23:00,Airtime/Data,9988.25,Mobile App,iOS,Kano,No,Successful,Yes,44,Male,Kano,Student,Premium,65,57.9,250k-499k,Web,Active,No,0.2701,Low,Auto-Approve,2.0.0-week3,2026-09-30T14:43:51.571607+00:00
FT-T005766,FT-C00383,2026-02-13 05:47:00,Transfer,2034.59,Web,Android,Abuja,No,Successful,No,50,Male,Lagos,Everyday,Savings,77,42.0,100k-249k,Mobile App,Active,Yes,0.5228,Medium,Secondary Verification (SMS/OTP),2.0.0-week3,2026-09-30T14:43:51.571607+00:00
FT-T004136,FT-C01126,2026-02-01 00:21:00,Cash Withdrawal,7037.84,USSD,Web Browser,Kaduna,No,Reversed,No,46,Male,Kaduna,Everyday,Savings,15,97.7,250k-499k,Web,Dormant,Yes,0.4644,Medium,Secondary Verification (SMS/OTP),2.0.0-week3,2026-09-30T14:43:51.571607+00:00
FT-T001153,FT-C00690,2026-01-09 15:22:00,Bill Payment,1094.33,Web,iOS,Lagos,No,Successful,No,32,Female,Abuja,SME,Premium,77,73.6,250k-499k,USSD,Active,Yes,0.3535,Medium,Secondary Verification (SMS/OTP),2.0.0-week3,2026-09-30T14:43:51.571607+00:00
FT-T003482,FT-C01309,2026-01-27 02:37:00,Transfer,3209.83,POS,Web Browser,Kano,No,Successful,No,24,Male,Kano,SME,Savings,16,66.7,100k-249k,USSD,Active,Yes,0.5552,Medium,Secondary Verification (SMS/OTP),2.0.0-week3,2026-09-30T14:43:51.571607+00:00
FT-T003289,FT-C00994,2026-01-25 15:53:00,Transfer,4195.51,USSD,Android,Lagos,No,Successful,No,61,Female,Kano,Student,Savings,77,84.9,100k-249k,Web,Active,Yes,0.466,Medium,Secondary Verification (SMS/OTP),2.0.0-week3,2026-09-30T14:43:51.571607+00:00
FT-T002665,FT-C00824,2026-01-20 23:33:00,Airtime/Data,242.88,ATM,iOS,,No,Successful,No,22,Male,Port Harcourt,Premium,Current,19,92.4,100k-249k,Mobile App,Active,No,0.2354,Low,Auto-Approve,2.0.0-week3,2026-09-30T14:43:51.571607+00:00
FT-T002206,FT-C01086,2026-01-17 12:55:00,Deposit,23782.88,Web,Android,Ibadan,No,Successful,No,19,Male,Port Harcourt,SME,Savings,70,93.4,Below 100k,Web,Active,No,0.3474,Medium,Secondary Verification (SMS/OTP),2.0.0-week3,2026-09-30T14:43:51.571607+00:00
FT-T005631,FT-C00725,2026-02-12 05:29:00,Deposit,109564.03,Mobile App,Android,Abuja,No,Successful,No,30,Male,Port Harcourt,Everyday,Savings,69,54.6,100k-249k,Mobile App,Active,Yes,0.4631,Medium,Secondary Verification (SMS/OTP),2.0.0-week3,2026-09-30T14:43:51.571607+00:00
FT-T010681,FT-C00436,2026-03-22 02:33:00,Cash Withdrawal,12834.1,Web,Android,Abuja,No,Successful,No,30,Male,Lagos,Student,Savings,33,86.9,250k-499k,Mobile App,Active,Yes,0.5664,Medium,Secondary Verification (SMS/OTP),2.0.0-week3,2026-09-30T14:43:51.571607+00:00
FT-T005316,FT-C00426,2026-02-09 20:46:00,Card Purchase,57783.29,Mobile App,ATM Terminal,Abuja,Yes,Reversed,No,56,Female,Abuja,Everyday,Savings,43,60.1,100k-249k,Mobile App,Active,Yes,0.4096,Medium,Secondary Verification (SMS/OTP),2.0.0-week3,2026-09-30T14:43:51.571607+00:00
FT-T010973,FT-C01285,2026-03-24 07:07:00,Card Purchase,7167.89,Mobile App,POS Terminal,Lagos,No,Successful,No,54,Male,Lagos,SME,Savings,8,25.4,250k-499k,Mobile App,Dormant,No,0.3499,Medium,Secondary Verification (SMS/OTP),2.0.0-week3,2026-09-30T14:43:51.571607+00:00
FT-T006161,FT-C00463,2026-02-16 04:53:00,Card Purchase,10385.11,ATM,ATM Terminal,Kano,No,Successful,No,46,Male,Abuja,Everyday,Savings,91,86.2,250k-499k,Web,Active,Yes,0.4037,Medium,Secondary Verification (SMS/OTP),2.0.0-week3,2026-09-30T14:43:51.571607+00:00
FT-T001822,FT-C00794,2026-01-14 15:48:00,Transfer,265028.81,POS,iOS,Kaduna,No,Successful,Yes,22,Female,Ibadan,Student,Savings,82,81.8,250k-499k,Web,Active,Yes,0.6922,Medium,Secondary Verification (SMS/OTP),2.0.0-week3,2026-09-30T14:43:51.571607+00:00
FT-T001126,FT-C00628,2026-01-09 10:31:00,Transfer,7348.89,Mobile App,Android,Kaduna,No,Successful,No,19,Female,Ibadan,SME,Savings,29,68.4,250k-499k,Web,Active,Yes,0.5177,Medium,Secondary Verification (SMS/OTP),2.0.0-week3,2026-09-30T14:43:51.571607+00:00
FT-T004923,FT-C00958,2026-02-06 22:02:00,Card Purchase,16715.2,ATM,iOS,Ibadan,No,Successful,No,50,Female,Benin City,Everyday,Savings,12,54.6,250k-499k,Mobile App,Active,No,0.3474,Medium,Secondary Verification (SMS/OTP),2.0.0-week3,2026-09-30T14:43:51.571607+00:00
FT-T007181,FT-C00206,2026-02-23 20:30:00,Transfer,129622.34,ATM,ATM Terminal,Abuja,No,Successful,No,54,Female,Abuja,Student,Savings,53,36.9,100k-249k,USSD,Active,Yes,0.473,Medium,Secondary Verification (SMS/OTP),2.0.0-week3,2026-09-30T14:43:51.571607+00:00
FT-T004540,FT-C01037,2026-02-04 01:05:00,Transfer,189804.49,Mobile App,ATM Terminal,Lagos,No,Failed,Yes,47,Male,Abuja,SME,Savings,94,100.0,250k-499k,Web,Active,Yes,0.624,Medium,Secondary Verification (SMS/OTP),2.0.0-week3,2026-09-30T14:43:51.571607+00:00
FT-T007991,FT-C01100,2026-03-01 22:19:00,Deposit,1731.11,ATM,POS Terminal,Abuja,No,Failed,No,50,Male,Port Harcourt,Everyday,Current,32,71.2,100k-249k,Mobile App,Active,Yes,0.4627,Medium,Secondary Verification (SMS/OTP),2.0.0-week3,2026-09-30T14:43:51.571607+00:00
FT-T011261,FT-C00434,2026-03-26 10:58:00,Transfer,167586.6,POS,Android,Kano,No,Successful,No,57,Male,Abuja,Premium,Current,42,77.9,250k-499k,Mobile App,Active,Yes,0.6161,Medium,Secondary Verification (SMS/OTP),2.0.0-week3,2026-09-30T14:43:51.571607+00:00
FT-T008703,FT-C00814,2026-03-07 06:29:00,Deposit,5538.92,Mobile App,Web Browser,Enugu,Yes,Pending,Yes,32,Female,Ibadan,Everyday,Current,55,60.5,250k-499k,Mobile App,Active,Yes,0.379,Medium,Secondary Verification (SMS/OTP),2.0.0-week3,2026-09-30T14:43:51.571607+00:00
FT-T000282,FT-C00026,2026-01-03 02:35:00,Deposit,12580.27,Mobile App,iOS,Enugu,No,Successful,No,29,Female,Lagos,Everyday,Premium,62,63.6,100k-249k,Mobile App,Active,Yes,0.4255,Medium,Secondary Verification (SMS/OTP),2.0.0-week3,2026-09-30T14:43:51.571607+00:00
FT-T008243,FT-C00143,2026-03-03 19:41:00,Airtime/Data,14652.44,POS,iOS,Ibadan,No,Successful,No,26,Male,Kaduna,Everyday,Current,40,79.5,250k-499k,USSD,Active,Yes,0.372,Medium,Secondary Verification (SMS/OTP),2.0.0-week3,2026-09-30T14:43:51.571607+00:00
FT-T011340,FT-C00541,2026-03-27 01:11:00,Card Purchase,951.98,Mobile App,iOS,Lagos,No,Successful,No,58,Male,Port Harcourt,Everyday,Premium,82,51.0,250k-499k,Mobile App,Active,Yes,0.498,Medium,Secondary Verification (SMS/OTP),2.0.0-week3,2026-09-30T14:43:51.571607+00:00
FT-T003314,FT-C00912,2026-01-25 20:23:00,Card Purchase,152091.66,Web,Android,Enugu,No,Successful,No,64,Male,Port Harcourt,SME,Current,86,52.8,500k-999k,Web,Active,No,0.1643,Low,Auto-Approve,2.0.0-week3,2026-09-30T14:43:51.571607+00:00
FT-T000778,FT-C00644,2026-01-06 19:52:00,Bill Payment,2288.77,Mobile App,POS Terminal,Benin City,No,Successful,No,53,Female,Lagos,Premium,Savings,68,82.5,100k-249k,Mobile App,Active,No,0.3057,Medium,Secondary Verification (SMS/OTP),2.0.0-week3,2026-09-30T14:43:51.571607+00:00
FT-T006487,FT-C00665,2026-02-18 15:34:00,Airtime/Data,161.07,POS,POS Terminal,Lagos,Yes,Successful,No,20,Male,Enugu,Everyday,Savings,14,82.1,Below 100k,Web,Active,Yes,0.5223,Medium,Secondary Verification (SMS/OTP),2.0.0-week3,2026-09-30T14:43:51.571607+00:00
FT-T001433,FT-C01389,2026-01-11 17:46:00,Deposit,224725.42,Mobile App,POS Terminal,Kano,No,Successful,No,44,Female,Kano,Everyday,Premium,56,63.9,Below 100k,USSD,Active,Yes,0.518,Medium,Secondary Verification (SMS/OTP),2.0.0-week3,2026-09-30T14:43:51.571607+00:00
FT-T004433,FT-C00702,2026-02-03 05:49:00,Airtime/Data,2109.46,POS,Android,Kano,No,Successful,No,55,Male,Enugu,Premium,Savings,67,73.0,500k-999k,Web,Active,Yes,0.5087,Medium,Secondary Verification (SMS/OTP),2.0.0-week3,2026-09-30T14:43:51.571607+00:00
FT-T007320,FT-C00374,2026-02-24 21:31:00,Card Purchase,69319.83,Mobile App,iOS,Enugu,No,Successful,No,39,Male,Lagos,SME,Savings,21,45.4,250k-499k,Web,Active,No,0.2575,Low,Auto-Approve,2.0.0-week3,2026-09-30T14:43:51.571607+00:00
FT-T008615,FT-C00672,2026-03-06 14:38:00,Airtime/Data,35966.2,ATM,Android,Benin City,No,Successful,No,61,Female,Lagos,Everyday,Savings,39,59.6,250k-499k,Mobile App,Active,No,0.3162,Medium,Secondary Verification (SMS/OTP),2.0.0-week3,2026-09-30T14:43:51.571607+00:00
FT-T008810,FT-C00459,2026-03-08 01:45:00,Transfer,29127.15,Mobile App,Android,Kano,No,Successful,Yes,33,Male,Port Harcourt,Everyday,Savings,74,69.9,250k-499k,Mobile App,Active,Yes,0.6334,Medium,Secondary Verification (SMS/OTP),2.0.0-week3,2026-09-30T14:43:51.571607+00:00
FT-T005995,FT-C01041,2026-02-14 23:00:00,Airtime/Data,7311.2,USSD,Android,Benin City,No,Successful,No,31,Male,Lagos,Student,Savings,9,65.6,250k-499k,Web,Active,No,0.2985,Low,Auto-Approve,2.0.0-week3,2026-09-30T14:43:51.571607+00:00
FT-T006184,FT-C00001,2026-02-16 09:01:00,Deposit,279718.75,USSD,Web Browser,Benin City,No,Successful,No,56,Male,Lagos,Premium,Savings,55,84.9,500k-999k,Mobile App,Active,Yes,0.5174,Medium,Secondary Verification (SMS/OTP),2.0.0-week3,2026-09-30T14:43:51.571607+00:00
FT-T001535,FT-C00812,2026-01-12 12:08:00,Transfer,18686.91,Mobile App,Web Browser,Abuja,No,Successful,Yes,35,Female,Lagos,Student,Savings,33,82.1,100k-249k,Web,Active,Yes,0.4552,Medium,Secondary Verification (SMS/OTP),2.0.0-week3,2026-09-30T14:43:51.571607+00:00
FT-T003608,FT-C01096,2026-01-28 01:18:00,Airtime/Data,357.86,Web,Android,Ibadan,No,Failed,No,59,Female,Kaduna,Everyday,Savings,56,63.8,500k-999k,Mobile App,Active,Yes,0.5274,Medium,Secondary Verification (SMS/OTP),2.0.0-week3,2026-09-30T14:43:51.571607+00:00
FT-T008870,FT-C01277,2026-03-08 12:33:00,Deposit,101216.89,Mobile App,iOS,Ibadan,No,Successful,No,46,Female,Port Harcourt,Premium,Savings,6,36.5,250k-499k,USSD,Active,Yes,0.3763,Medium,Secondary Verification (SMS/OTP),2.0.0-week3,2026-09-30T14:43:51.571607+00:00
FT-T009063,FT-C00958,2026-03-09 23:17:00,Transfer,8824.06,Mobile App,Android,Ibadan,No,Successful,No,50,Female,Benin City,Everyday,Savings,12,54.6,250k-499k,Mobile App,Active,Yes,0.5001,Medium,Secondary Verification (SMS/OTP),2.0.0-week3,2026-09-30T14:43:51.571607+00:00
FT-T006100,FT-C00151,2026-02-15 17:54:00,Deposit,97235.34,POS,ATM Terminal,Kaduna,No,Successful,No,49,Female,Lagos,Everyday,Savings,33,53.8,250k-499k,Mobile App,Active,No,0.2999,Low,Auto-Approve,2.0.0-week3,2026-09-30T14:43:51.571607+00:00
FT-T011943,FT-C00231,2026-03-31 13:44:00,Airtime/Data,13216.59,Mobile App,ATM Terminal,Ibadan,No,Successful,No,39,Female,Lagos,Everyday,Current,61,89.8,Below 100k,Mobile App,Active,No,0.2915,Low,Auto-Approve,2.0.0-week3,2026-09-30T14:43:51.571607+00:00
FT-T000572,FT-C01407,2026-01-05 06:47:00,Card Purchase,22004.83,POS,POS Terminal,Benin City,No,Successful,No,46,Prefer not to say,Lagos,Everyday,Current,95,75.5,500k-999k,Mobile App,Dormant,No,0.2323,Low,Auto-Approve,2.0.0-week3,2026-09-30T14:43:51.571607+00:00
FT-T003152,FT-C01293,2026-01-24 15:13:00,Card Purchase,24888.32,Mobile App,Web Browser,Port Harcourt,No,Successful,No,49,Female,Enugu,SME,Savings,79,69.0,250k-499k,Mobile App,Active,Yes,0.3787,Medium,Secondary Verification (SMS/OTP),2.0.0-week3,2026-09-30T14:43:51.571607+00:00
FT-T003852,FT-C01162,2026-01-29 21:14:00,Airtime/Data,1327.2,ATM,Android,Kano,No,Successful,No,64,Male,Benin City,Premium,Savings,72,43.1,1m+,USSD,Active,No,0.2873,Low,Auto-Approve,2.0.0-week3,2026-09-30T14:43:51.571607+00:00
FT-T011546,FT-C00863,2026-03-28 14:16:00,Card Purchase,21599.06,Mobile App,Android,Benin City,Yes,Successful,Yes,45,Male,Benin City,Everyday,Premium,18,75.9,250k-499k,USSD,Active,Yes,0.6027,Medium,Secondary Verification (SMS/OTP),2.0.0-week3,2026-09-30T14:43:51.571607+00:00
FT-T001064,FT-C00589,2026-01-08 23:21:00,Airtime/Data,16233.65,Mobile App,POS Terminal,Lagos,No,Successful,No,48,Female,Lagos,Everyday,Savings,21,45.9,250k-499k,Web,Active,Yes,0.38,Medium,Secondary Verification (SMS/OTP),2.0.0-week3,2026-09-30T14:43:51.571607+00:00
FT-T008605,FT-C00577,2026-03-06 12:50:00,Deposit,14491.77,USSD,ATM Terminal,Port Harcourt,No,Successful,No,39,Female,Enugu,SME,Current,58,38.9,100k-249k,Mobile App,Restricted,No,0.2634,Low,Auto-Approve,2.0.0-week3,2026-09-30T14:43:51.571607+00:00
FT-T003311,FT-C00972,2026-01-25 19:50:00,Bill Payment,6162.82,ATM,POS Terminal,Enugu,No,Successful,No,48,Female,Port Harcourt,Everyday,Premium,89,70.2,100k-249k,USSD,Active,No,0.2959,Low,Auto-Approve,2.0.0-week3,2026-09-30T14:43:51.571607+00:00
FT-T011164,FT-C00991,2026-03-25 17:30:00,Airtime/Data,11951.79,Mobile App,iOS,Kano,No,Successful,No,25,Female,Enugu,Everyday,Premium,31,67.3,500k-999k,Mobile App,Active,No,0.2748,Low,Auto-Approve,2.0.0-week3,2026-09-30T14:43:51.571607+00:00
FT-T002345,FT-C01453,2026-01-18 13:57:00,Transfer,4877.63,Web,iOS,Port Harcourt,No,Successful,Yes,51,Male,Port Harcourt,Everyday,Savings,93,76.5,100k-249k,Mobile App,Active,Yes,0.5232,Medium,Secondary Verification (SMS/OTP),2.0.0-week3,2026-09-30T14:43:51.571607+00:00
FT-T009942,FT-C01455,2026-03-16 13:31:00,Card Purchase,426.16,Web,ATM Terminal,Enugu,No,Successful,No,36,Female,Lagos,Everyday,Savings,61,58.2,Below 100k,Mobile App,Active,No,0.2913,Low,Auto-Approve,2.0.0-week3,2026-09-30T14:43:51.571607+00:00
FT-T009797,FT-C00227,2026-03-15 11:25:00,Transfer,1015.61,POS,Android,Enugu,No,Successful,Yes,41,Female,Lagos,Student,Premium,29,78.0,500k-999k,Mobile App,Dormant,Yes,0.4487,Medium,Secondary Verification (SMS/OTP),2.0.0-week3,2026-09-30T14:43:51.571607+00:00
FT-T000423,FT-C00240,2026-01-04 03:57:00,Cash Withdrawal,57076.5,Mobile App,Android,Abuja,No,Successful,No,20,Female,Lagos,Premium,Premium,49,58.4,1m+,Mobile App,Dormant,Yes,0.5952,Medium,Secondary Verification (SMS/OTP),2.0.0-week3,2026-09-30T14:43:51.571607+00:00
FT-T006030,FT-C00890,2026-02-15 05:18:00,Transfer,21857.6,Mobile App,iOS,Lagos,No,Successful,No,18,Female,Benin City,Student,Savings,63,97.7,250k-499k,Mobile App,Active,Yes,0.7019,High,Immediate Review / Payment Hold,2.0.0-week3,2026-09-30T14:43:51.571607+00:00
FT-T000170,FT-C00651,2026-01-02 06:25:00,Deposit,538878.87,Mobile App,Android,Ibadan,No,Successful,Yes,27,Female,Kano,Everyday,Premium,38,63.2,Below 100k,Mobile App,Active,Yes,0.5944,Medium,Secondary Verification (SMS/OTP),2.0.0-week3,2026-09-30T14:43:51.571607+00:00
FT-T001509,FT-C01384,2026-01-12 07:27:00,Card Purchase,16639.25,Web,iOS,Abuja,No,Successful,No,39,Male,Enugu,SME,Current,10,76.5,500k-999k,Mobile App,Active,No,0.2441,Low,Auto-Approve,2.0.0-week3,2026-09-30T14:43:51.571607+00:00
FT-T005530,FT-C00199,2026-02-11 11:18:00,Deposit,35787.88,ATM,Android,Abuja,No,Successful,No,49,Male,Lagos,SME,Savings,38,58.4,100k-249k,Mobile App,Active,No,0.3296,Medium,Secondary Verification (SMS/OTP),2.0.0-week3,2026-09-30T14:43:51.571607+00:00
FT-T011418,FT-C00176,2026-03-27 15:13:00,Transfer,114047.18,Mobile App,POS Terminal,Enugu,No,Successful,No,47,Male,Lagos,Student,Premium,95,59.6,100k-249k,Mobile App,Active,Yes,0.4292,Medium,Secondary Verification (SMS/OTP),2.0.0-week3,2026-09-30T14:43:51.571607+00:00
FT-T001276,FT-C00006,2026-01-10 13:31:00,Bill Payment,68110.34,Mobile App,iOS,Port Harcourt,No,Successful,No,38,Male,Lagos,Everyday,Savings,33,36.6,500k-999k,Mobile App,Active,No,0.2936,Low,Auto-Approve,2.0.0-week3,2026-09-30T14:43:51.571607+00:00
FT-T009058,FT-C00489,2026-03-09 22:23:00,Cash Withdrawal,20183.63,POS,iOS,Lagos,No,Successful,No,40,Male,Lagos,Everyday,Premium,22,100.0,100k-249k,Mobile App,Active,Yes,0.4076,Medium,Secondary Verification (SMS/OTP),2.0.0-week3,2026-09-30T14:43:51.571607+00:00
FT-T008878,FT-C00960,2026-03-08 13:59:00,Transfer,124677.25,POS,Android,Lagos,No,Successful,Yes,38,Male,Lagos,Everyday,Premium,77,54.9,Below 100k,USSD,Active,Yes,0.4386,Medium,Secondary Verification (SMS/OTP),2.0.0-week3,2026-09-30T14:43:51.571607+00:00
FT-T002016,FT-C01053,2026-01-16 02:43:00,Card Purchase,37616.68,Mobile App,iOS,Ibadan,No,Successful,No,28,Male,Port Harcourt,Everyday,Savings,70,100.0,Below 100k,Mobile App,Restricted,Yes,0.4481,Medium,Secondary Verification (SMS/OTP),2.0.0-week3,2026-09-30T14:43:51.571607+00:00
FT-T002303,FT-C01187,2026-01-18 06:23:00,Cash Withdrawal,82274.3,Mobile App,iOS,Ibadan,No,Successful,No,38,Male,Ibadan,Premium,Savings,55,40.7,Below 100k,Mobile App,Active,Yes,0.4999,Medium,Secondary Verification (SMS/OTP),2.0.0-week3,2026-09-30T14:43:51.571607+00:00
FT-T005562,FT-C00511,2026-02-11 17:03:00,Card Purchase,24851.31,ATM,iOS,Lagos,No,Successful,No,29,Male,Lagos,Premium,Savings,37,90.9,Below 100k,Mobile App,Active,No,0.3479,Medium,Secondary Verification (SMS/OTP),2.0.0-week3,2026-09-30T14:43:51.571607+00:00
FT-T008685,FT-C01045,2026-03-07 03:15:00,Airtime/Data,1040.67,Mobile App,Web Browser,Benin City,No,Successful,Yes,29,Male,Ibadan,Everyday,Savings,60,77.8,250k-499k,Mobile App,Active,Yes,0.5379,Medium,Secondary Verification (SMS/OTP),2.0.0-week3,2026-09-30T14:43:51.571607+00:00
FT-T004130,FT-C01420,2026-01-31 23:16:00,Cash Withdrawal,4690.75,Mobile App,POS Terminal,Abuja,No,Reversed,No,22,Male,Abuja,Everyday,Savings,5,60.0,500k-999k,USSD,Active,No,0.3385,Medium,Secondary Verification (SMS/OTP),2.0.0-week3,2026-09-30T14:43:51.571607+00:00
FT-T003544,FT-C00871,2026-01-27 13:47:00,Deposit,94174.97,Web,Android,Benin City,No,Successful,No,29,Male,Abuja,Everyday,Savings,3,43.0,100k-249k,Web,Active,No,0.3302,Medium,Secondary Verification (SMS/OTP),2.0.0-week3,2026-09-30T14:43:51.571607+00:00
FT-T000307,FT-C00075,2026-01-03 07:05:00,Card Purchase,6093.56,POS,POS Terminal,Lagos,No,Successful,No,48,Male,Enugu,SME,Current,93,66.6,1m+,Mobile App,Active,No,0.2611,Low,Auto-Approve,2.0.0-week3,2026-09-30T14:43:51.571607+00:00
FT-T001008,FT-C00156,2026-01-08 13:16:00,Transfer,1103.18,POS,Web Browser,Port Harcourt,No,Successful,No,56,Female,Port Harcourt,Everyday,Savings,82,55.9,Below 100k,Web,Active,Yes,0.4442,Medium,Secondary Verification (SMS/OTP),2.0.0-week3,2026-09-30T14:43:51.571607+00:00
FT-T011451,FT-C00091,2026-03-27 21:10:00,Card Purchase,26308.82,Web,Android,Kaduna,No,Successful,No,58,Male,Kaduna,Everyday,Savings,11,100.0,Below 100k,Mobile App,Active,No,0.342,Medium,Secondary Verification (SMS/OTP),2.0.0-week3,2026-09-30T14:43:51.571607+00:00
FT-T011700,FT-C00590,2026-03-29 17:59:00,Deposit,1537.04,Mobile App,Android,Kano,No,Successful,No,36,Female,Ibadan,Student,Savings,83,66.9,250k-499k,USSD,Active,Yes,0.3611,Medium,Secondary Verification (SMS/OTP),2.0.0-week3,2026-09-30T14:43:51.571607+00:00
FT-T005191,FT-C00250,2026-02-08 22:16:00,Card Purchase,10012.48,Mobile App,iOS,Kano,No,Successful,No,58,Male,Port Harcourt,Everyday,Current,3,77.0,250k-499k,Mobile App,Active,No,0.268,Low,Auto-Approve,2.0.0-week3,2026-09-30T14:43:51.571607+00:00
FT-T002614,FT-C01396,2026-01-20 14:22:00,Airtime/Data,1271.07,USSD,POS Terminal,Enugu,No,Failed,No,62,Female,Abuja,Student,Current,29,68.2,100k-249k,Mobile App,Active,No,0.2908,Low,Auto-Approve,2.0.0-week3,2026-09-30T14:43:51.571607+00:00
FT-T004797,FT-C00344,2026-02-05 23:21:00,Card Purchase,429.94,USSD,Android,Port Harcourt,No,Successful,No,61,Male,Benin City,Everyday,Premium,90,75.8,500k-999k,Mobile App,Active,No,0.2019,Low,Auto-Approve,2.0.0-week3,2026-09-30T14:43:51.571607+00:00
FT-T003450,FT-C00679,2026-01-26 20:52:00,Bill Payment,795.08,Mobile App,iOS,Port Harcourt,No,Successful,No,38,Male,Port Harcourt,SME,Savings,80,94.9,250k-499k,Mobile App,Active,No,0.2766,Low,Auto-Approve,2.0.0-week3,2026-09-30T14:43:51.571607+00:00
FT-T001320,FT-C01138,2026-01-10 21:26:00,Card Purchase,93801.34,ATM,Android,Benin City,No,Successful,No,53,Male,Lagos,SME,Current,55,77.5,250k-499k,Mobile App,Active,No,0.2655,Low,Auto-Approve,2.0.0-week3,2026-09-30T14:43:51.571607+00:00
FT-T004282,FT-C00497,2026-02-02 02:38:00,Transfer,3237.34,Web,Android,Kaduna,No,Successful,No,49,Female,Lagos,Everyday,Savings,80,100.0,100k-249k,Web,Active,Yes,0.6245,Medium,Secondary Verification (SMS/OTP),2.0.0-week3,2026-09-30T14:43:51.571607+00:00
FT-T002533,FT-C00267,2026-01-19 23:47:00,Transfer,69479.71,POS,Android,Ibadan,Yes,Successful,No,43,Female,Kaduna,Premium,Savings,30,49.3,500k-999k,Mobile App,Active,Yes,0.6013,Medium,Secondary Verification (SMS/OTP),2.0.0-week3,2026-09-30T14:43:51.571607+00:00
FT-T004479,FT-C01010,2026-02-03 14:06:00,Card Purchase,17477.66,Mobile App,iOS,Enugu,No,Successful,No,28,Male,Lagos,Everyday,Savings,65,66.7,1m+,Mobile App,Active,No,0.3273,Medium,Secondary Verification (SMS/OTP),2.0.0-week3,2026-09-30T14:43:51.571607+00:00
FT-T006781,FT-C00858,2026-02-20 20:30:00,Card Purchase,7704.96,Mobile App,Web Browser,Port Harcourt,No,Successful,No,49,Male,Lagos,Premium,Current,41,89.3,1m+,Mobile App,Active,No,0.3063,Medium,Secondary Verification (SMS/OTP),2.0.0-week3,2026-09-30T14:43:51.571607+00:00
FT-T010259,FT-C00324,2026-03-18 22:35:00,Deposit,72327.72,POS,Android,Enugu,No,Successful,No,47,Male,Abuja,Everyday,Savings,37,82.5,1m+,Mobile App,Active,No,0.3164,Medium,Secondary Verification (SMS/OTP),2.0.0-week3,2026-09-30T14:43:51.571607+00:00
FT-T000722,FT-C01117,2026-01-06 09:47:00,Transfer,8598.31,USSD,POS Terminal,Kaduna,No,Successful,No,50,Male,Kano,Everyday,Savings,61,85.9,100k-249k,Mobile App,Active,Yes,0.5085,Medium,Secondary Verification (SMS/OTP),2.0.0-week3,2026-09-30T14:43:51.571607+00:00
FT-T000588,FT-C01401,2026-01-05 09:40:00,Airtime/Data,1665.79,Mobile App,ATM Terminal,Lagos,No,Successful,Yes,63,Female,Kano,Premium,Savings,26,71.5,1m+,Mobile App,Active,Yes,0.3721,Medium,Secondary Verification (SMS/OTP),2.0.0-week3,2026-09-30T14:43:51.571607+00:00
FT-T011250,FT-C00064,2026-03-26 08:59:00,Card Purchase,309.95,Web,Android,Lagos,No,Successful,No,23,Male,Port Harcourt,Everyday,Current,34,41.0,500k-999k,Web,Active,No,0.171,Low,Auto-Approve,2.0.0-week3,2026-09-30T14:43:51.571607+00:00
FT-T005511,FT-C01406,2026-02-11 07:52:00,Card Purchase,60592.16,Mobile App,Android,Ibadan,No,Successful,No,43,Female,Lagos,SME,Premium,66,95.7,100k-249k,Web,Active,No,0.2191,Low,Auto-Approve,2.0.0-week3,2026-09-30T14:43:51.571607+00:00
FT-T004591,FT-C01185,2026-02-04 10:16:00,Transfer,1886.93,ATM,Android,Enugu,No,Successful,Yes,63,Prefer not to say,Lagos,SME,Savings,70,94.9,Below 100k,Mobile App,Active,Yes,0.3964,Medium,Secondary Verification (SMS/OTP),2.0.0-week3,2026-09-30T14:43:51.571607+00:00
FT-T005190,FT-C00178,2026-02-08 22:05:00,Transfer,10623.72,Web,iOS,Benin City,No,Successful,Yes,45,Female,Benin City,Everyday,Savings,34,78.4,250k-499k,Mobile App,Active,Yes,0.5174,Medium,Secondary Verification (SMS/OTP),2.0.0-week3,2026-09-30T14:43:51.571607+00:00
FT-T005161,FT-C00461,2026-02-08 16:52:00,Transfer,1857.49,Mobile App,ATM Terminal,Enugu,No,Successful,No,22,Male,Port Harcourt,Everyday,Savings,58,79.5,Below 100k,Mobile App,Active,Yes,0.4663,Medium,Secondary Verification (SMS/OTP),2.0.0-week3,2026-09-30T14:43:51.571607+00:00
FT-T008176,FT-C01059,2026-03-03 07:37:00,Transfer,149020.68,USSD,Android,Port Harcourt,No,Successful,Yes,38,Female,Lagos,SME,Premium,50,45.9,250k-499k,Web,Active,Yes,0.4597,Medium,Secondary Verification (SMS/OTP),2.0.0-week3,2026-09-30T14:43:51.571607+00:00
FT-T003323,FT-C00900,2026-01-25 22:00:00,Bill Payment,96025.13,Mobile App,Android,Port Harcourt,No,Failed,No,31,Female,Lagos,Everyday,Savings,17,71.4,500k-999k,Mobile App,Active,Yes,0.4759,Medium,Secondary Verification (SMS/OTP),2.0.0-week3,2026-09-30T14:43:51.571607+00:00
FT-T011263,FT-C00841,2026-03-26 11:19:00,Card Purchase,4839.23,Mobile App,Web Browser,Port Harcourt,No,Successful,No,28,Female,Kano,Student,Savings,19,57.3,Below 100k,Mobile App,Active,No,0.3398,Medium,Secondary Verification (SMS/OTP),2.0.0-week3,2026-09-30T14:43:51.571607+00:00
FT-T006071,FT-C00486,2026-02-15 12:41:00,Deposit,1500.64,USSD,Web Browser,Enugu,No,Successful,No,50,Male,Lagos,Everyday,Savings,17,67.7,100k-249k,Mobile App,Active,No,0.3453,Medium,Secondary Verification (SMS/OTP),2.0.0-week3,2026-09-30T14:43:51.571607+00:00
FT-T010017,FT-C00901,2026-03-17 03:01:00,Cash Withdrawal,1624.05,Mobile App,iOS,Port Harcourt,No,Successful,No,41,Female,Port Harcourt,Everyday,Savings,64,41.9,250k-499k,Web,Active,Yes,0.4931,Medium,Secondary Verification (SMS/OTP),2.0.0-week3,2026-09-30T14:43:51.571607+00:00
FT-T005686,FT-C00896,2026-02-12 15:23:00,Bill Payment,93942.9,ATM,Android,Kaduna,No,Successful,No,31,Female,Lagos,Everyday,Savings,52,100.0,Below 100k,Mobile App,Active,No,0.3071,Medium,Secondary Verification (SMS/OTP),2.0.0-week3,2026-09-30T14:43:51.571607+00:00
FT-T005844,FT-C00524,2026-02-13 19:49:00,Transfer,58600.63,Mobile App,Web Browser,Abuja,No,Successful,Yes,61,Female,Port Harcourt,SME,Savings,2,85.1,500k-999k,Mobile App,Active,Yes,0.4682,Medium,Secondary Verification (SMS/OTP),2.0.0-week3,2026-09-30T14:43:51.571607+00:00
FT-T010251,FT-C00065,2026-03-18 21:09:00,Transfer,1336.04,POS,iOS,Enugu,No,Successful,No,59,Female,Abuja,Student,Premium,2,60.8,1m+,Mobile App,Active,Yes,0.4666,Medium,Secondary Verification (SMS/OTP),2.0.0-week3,2026-09-30T14:43:51.571607+00:00
FT-T011978,FT-C00064,2026-03-31 20:02:00,Airtime/Data,47145.2,Mobile App,iOS,Benin City,No,Reversed,No,23,Male,Port Harcourt,Everyday,Current,34,41.0,500k-999k,Web,Active,Yes,0.3611,Medium,Secondary Verification (SMS/OTP),2.0.0-week3,2026-09-30T14:43:51.571607+00:00
FT-T008848,FT-C00174,2026-03-08 08:35:00,Transfer,330298.2,Mobile App,ATM Terminal,Abuja,No,Successful,No,61,Female,Abuja,Everyday,Savings,21,47.0,100k-249k,Mobile App,Active,Yes,0.6427,Medium,Secondary Verification (SMS/OTP),2.0.0-week3,2026-09-30T14:43:51.571607+00:00
FT-T011497,FT-C00582,2026-03-28 05:27:00,Card Purchase,54061.69,Mobile App,Android,Kano,No,Failed,No,58,Male,Port Harcourt,Student,Savings,39,66.4,250k-499k,Mobile App,Active,Yes,0.5175,Medium,Secondary Verification (SMS/OTP),2.0.0-week3,2026-09-30T14:43:51.571607+00:00
FT-T006001,FT-C00528,2026-02-15 00:05:00,Transfer,21703.67,Mobile App,Android,Enugu,No,Successful,No,48,Male,Kano,Everyday,Savings,77,88.2,250k-499k,Mobile App,Active,Yes,0.6599,Medium,Secondary Verification (SMS/OTP),2.0.0-week3,2026-09-30T14:43:51.571607+00:00
FT-T004399,FT-C00661,2026-02-02 23:42:00,Deposit,31218.13,Mobile App,Android,Enugu,No,Successful,No,25,Female,Port Harcourt,SME,Savings,49,60.8,1m+,Mobile App,Active,No,0.2818,Low,Auto-Approve,2.0.0-week3,2026-09-30T14:43:51.571607+00:00
FT-T008428,FT-C00980,2026-03-05 04:59:00,Deposit,573477.37,Mobile App,Android,Lagos,No,Successful,No,37,Prefer not to say,Lagos,Everyday,Savings,79,57.6,250k-499k,Mobile App,Active,Yes,0.5819,Medium,Secondary Verification (SMS/OTP),2.0.0-week3,2026-09-30T14:43:51.571607+00:00
FT-T001163,FT-C00368,2026-01-09 17:10:00,Card Purchase,2493.0,Mobile App,Android,Port Harcourt,Yes,Successful,Yes,20,Female,Kano,Premium,Current,71,65.3,1m+,Web,Active,Yes,0.3939,Medium,Secondary Verification (SMS/OTP),2.0.0-week3,2026-09-30T14:43:51.571607+00:00
FT-T004109,FT-C00358,2026-01-31 19:30:00,Card Purchase,2506.08,Mobile App,Android,Kaduna,No,Successful,Yes,50,Female,Lagos,Premium,Premium,37,87.3,1m+,Web,Active,No,0.259,Low,Auto-Approve,2.0.0-week3,2026-09-30T14:43:51.571607+00:00
FT-T007050,FT-C00472,2026-02-22 20:55:00,Card Purchase,873.29,Mobile App,iOS,Kano,No,Successful,Yes,45,Male,Benin City,Everyday,Savings,85,64.2,100k-249k,Mobile App,Active,No,0.2949,Low,Auto-Approve,2.0.0-week3,2026-09-30T14:43:51.571607+00:00
FT-T007325,FT-C00229,2026-02-24 22:25:00,Card Purchase,45948.14,ATM,Android,Kano,No,Successful,No,51,Male,Benin City,Everyday,Savings,68,51.2,Below 100k,Mobile App,Active,No,0.2665,Low,Auto-Approve,2.0.0-week3,2026-09-30T14:43:51.571607+00:00
FT-T009446,FT-C01240,2026-03-12 20:14:00,Transfer,223010.74,POS,ATM Terminal,Port Harcourt,No,Successful,Yes,47,Female,Ibadan,Student,Premium,86,92.1,500k-999k,Mobile App,Active,Yes,0.6032,Medium,Secondary Verification (SMS/OTP),2.0.0-week3,2026-09-30T14:43:51.571607+00:00
FT-T006727,FT-C00497,2026-02-20 10:46:00,Card Purchase,1069.04,Mobile App,POS Terminal,Abuja,No,Successful,Yes,49,Female,Lagos,Everyday,Savings,80,100.0,100k-249k,Web,Active,No,0.3362,Medium,Secondary Verification (SMS/OTP),2.0.0-week3,2026-09-30T14:43:51.571607+00:00
FT-T003050,FT-C01268,2026-01-23 20:51:00,Transfer,64049.5,Mobile App,Android,Kaduna,No,Failed,Yes,27,Female,Enugu,Student,Savings,37,72.4,100k-249k,Mobile App,Active,Yes,0.479,Medium,Secondary Verification (SMS/OTP),2.0.0-week3,2026-09-30T14:43:51.571607+00:00
FT-T010754,FT-C00928,2026-03-22 15:42:00,Cash Withdrawal,22357.43,POS,iOS,Port Harcourt,No,Successful,No,42,Female,Abuja,Everyday,Savings,67,91.3,250k-499k,Mobile App,Active,Yes,0.5093,Medium,Secondary Verification (SMS/OTP),2.0.0-week3,2026-09-30T14:43:51.571607+00:00
FT-T006766,FT-C01007,2026-02-20 17:48:00,Transfer,42355.21,Web,POS Terminal,Lagos,No,Successful,Yes,31,Female,Lagos,Student,Savings,43,73.3,1m+,Web,Active,Yes,0.5165,Medium,Secondary Verification (SMS/OTP),2.0.0-week3,2026-09-30T14:43:51.571607+00:00
FT-T002102,FT-C01236,2026-01-16 18:12:00,Card Purchase,332.46,Web,Android,Abuja,No,Successful,No,24,Female,Benin City,SME,Savings,63,66.9,Below 100k,Mobile App,Active,No,0.2119,Low,Auto-Approve,2.0.0-week3,2026-09-30T14:43:51.571607+00:00
FT-T010598,FT-C01423,2026-03-21 11:37:00,Card Purchase,2694.33,POS,iOS,Enugu,No,Successful,No,64,Male,Lagos,Everyday,Savings,30,100.0,100k-249k,Mobile App,Active,No,0.2704,Low,Auto-Approve,2.0.0-week3,2026-09-30T14:43:51.571607+00:00
FT-T002190,FT-C00715,2026-01-17 10:03:00,Cash Withdrawal,11622.26,ATM,Web Browser,Port Harcourt,No,Failed,Yes,53,Male,Kaduna,Student,Savings,56,93.2,250k-499k,Mobile App,Active,Yes,0.5855,Medium,Secondary Verification (SMS/OTP),2.0.0-week3,2026-09-30T14:43:51.571607+00:00
FT-T011256,FT-C00357,2026-03-26 10:04:00,Transfer,9208.98,Mobile App,iOS,Benin City,Yes,Successful,Yes,52,Male,Port Harcourt,Everyday,Savings,86,70.8,100k-249k,Mobile App,Active,Yes,0.4613,Medium,Secondary Verification (SMS/OTP),2.0.0-week3,2026-09-30T14:43:51.571607+00:00
FT-T005029,FT-C00013,2026-02-07 17:06:00,Card Purchase,5361.87,Mobile App,ATM Terminal,Port Harcourt,No,Pending,No,53,Female,Lagos,Everyday,Savings,62,90.4,100k-249k,Mobile App,Dormant,No,0.3232,Medium,Secondary Verification (SMS/OTP),2.0.0-week3,2026-09-30T14:43:51.571607+00:00
FT-T006006,FT-C00377,2026-02-15 00:59:00,Transfer,541.61,Web,POS Terminal,Ibadan,No,Successful,No,44,Female,Port Harcourt,Student,Current,1,67.4,Below 100k,Web,Active,Yes,0.4973,Medium,Secondary Verification (SMS/OTP),2.0.0-week3,2026-09-30T14:43:51.571607+00:00
FT-T010282,FT-C01250,2026-03-19 02:44:00,Bill Payment,5732.11,Mobile App,Android,Ibadan,No,Successful,No,57,Female,Lagos,SME,Current,2,72.9,100k-249k,Mobile App,Active,Yes,0.5187,Medium,Secondary Verification (SMS/OTP),2.0.0-week3,2026-09-30T14:43:51.571607+00:00
FT-T003443,FT-C00783,2026-01-26 19:36:00,Cash Withdrawal,7966.58,USSD,POS Terminal,Lagos,No,Successful,No,51,Male,Ibadan,Everyday,Savings,20,71.1,100k-249k,Mobile App,Active,Yes,0.5179,Medium,Secondary Verification (SMS/OTP),2.0.0-week3,2026-09-30T14:43:51.571607+00:00
FT-T008276,FT-C00342,2026-03-04 01:37:00,Card Purchase,29071.12,Mobile App,iOS,Ibadan,No,Successful,Yes,52,Male,Abuja,Everyday,Premium,36,100.0,100k-249k,USSD,Active,Yes,0.4671,Medium,Secondary Verification (SMS/OTP),2.0.0-week3,2026-09-30T14:43:51.571607+00:00
FT-T008883,FT-C00339,2026-03-08 14:53:00,Card Purchase,69728.13,Mobile App,Web Browser,Lagos,No,Successful,No,65,Female,Abuja,Everyday,Current,59,72.7,500k-999k,Web,Dormant,No,0.3403,Medium,Secondary Verification (SMS/OTP),2.0.0-week3,2026-09-30T14:43:51.571607+00:00
FT-T011403,FT-C00141,2026-03-27 12:31:00,Airtime/Data,583.96,Mobile App,POS Terminal,Port Harcourt,No,Successful,No,56,Female,Lagos,SME,Current,63,76.6,100k-249k,Web,Dormant,No,0.2947,Low,Auto-Approve,2.0.0-week3,2026-09-30T14:43:51.571607+00:00
FT-T004106,FT-C00757,2026-01-31 18:57:00,Airtime/Data,292.5,Mobile App,iOS,Lagos,No,Successful,No,23,Female,Port Harcourt,Everyday,Current,78,78.4,500k-999k,USSD,Active,No,0.2205,Low,Auto-Approve,2.0.0-week3,2026-09-30T14:43:51.571607+00:00
FT-T010766,FT-C00548,2026-03-22 17:51:00,Transfer,19492.38,POS,iOS,Abuja,No,Successful,No,42,Female,Port Harcourt,Everyday,Current,33,83.3,500k-999k,Mobile App,Active,Yes,0.4555,Medium,Secondary Verification (SMS/OTP),2.0.0-week3,2026-09-30T14:43:51.571607+00:00
FT-T009029,FT-C00351,2026-03-09 17:10:00,Cash Withdrawal,1566.69,Web,POS Terminal,Benin City,No,Successful,No,58,Female,Benin City,SME,Savings,1,74.9,Below 100k,Web,Active,Yes,0.4231,Medium,Secondary Verification (SMS/OTP),2.0.0-week3,2026-09-30T14:43:51.571607+00:00
FT-T001314,FT-C01414,2026-01-10 20:21:00,Airtime/Data,34180.99,Mobile App,ATM Terminal,Benin City,No,Successful,No,57,Male,Lagos,Student,Savings,93,79.7,250k-499k,Mobile App,Dormant,Yes,0.3969,Medium,Secondary Verification (SMS/OTP),2.0.0-week3,2026-09-30T14:43:51.571607+00:00
FT-T007806,FT-C00293,2026-02-28 13:01:00,Transfer,774.27,Mobile App,POS Terminal,Enugu,No,Successful,Yes,52,Female,Ibadan,Premium,Current,86,29.7,1m+,Web,Active,Yes,0.4683,Medium,Secondary Verification (SMS/OTP),2.0.0-week3,2026-09-30T14:43:51.571607+00:00
FT-T010584,FT-C01062,2026-03-21 09:05:00,Transfer,7329.2,USSD,POS Terminal,Ibadan,No,Successful,No,36,Male,Ibadan,Student,Savings,40,55.0,Below 100k,Web,Active,Yes,0.4442,Medium,Secondary Verification (SMS/OTP),2.0.0-week3,2026-09-30T14:43:51.571607+00:00
FT-T007795,FT-C01177,2026-02-28 11:02:00,Cash Withdrawal,34566.21,Mobile App,iOS,Abuja,No,Successful,No,46,Male,Ibadan,SME,Savings,19,90.9,1m+,Mobile App,Active,Yes,0.493,Medium,Secondary Verification (SMS/OTP),2.0.0-week3,2026-09-30T14:43:51.571607+00:00
FT-T004583,FT-C01193,2026-02-04 08:49:00,Deposit,7634.44,Mobile App,Android,Lagos,No,Successful,No,57,Male,Lagos,Everyday,Current,41,67.3,500k-999k,Mobile App,Dormant,No,0.2908,Low,Auto-Approve,2.0.0-week3,2026-09-30T14:43:51.571607+00:00
FT-T009400,FT-C00887,2026-03-12 11:57:00,Card Purchase,973.72,POS,iOS,Port Harcourt,No,Successful,No,34,Female,Lagos,Everyday,Savings,7,60.2,250k-499k,USSD,Active,No,0.2526,Low,Auto-Approve,2.0.0-week3,2026-09-30T14:43:51.571607+00:00
FT-T004431,FT-C00240,2026-02-03 05:27:00,Transfer,9223.67,Mobile App,POS Terminal,Abuja,No,Successful,No,20,Female,Lagos,Premium,Premium,49,58.4,1m+,Mobile App,Dormant,Yes,0.5647,Medium,Secondary Verification (SMS/OTP),2.0.0-week3,2026-09-30T14:43:51.571607+00:00
FT-T003429,FT-C00619,2026-01-26 17:05:00,Cash Withdrawal,8663.98,Web,Android,Abuja,No,Successful,No,34,Female,Benin City,Student,Current,64,80.1,100k-249k,Web,Active,Yes,0.4729,Medium,Secondary Verification (SMS/OTP),2.0.0-week3,2026-09-30T14:43:51.571607+00:00
FT-T009439,FT-C01003,2026-03-12 18:58:00,Transfer,1081.04,Web,iOS,Abuja,No,Successful,Yes,29,Male,Kaduna,Premium,Current,93,65.3,250k-499k,USSD,Active,Yes,0.4732,Medium,Secondary Verification (SMS/OTP),2.0.0-week3,2026-09-30T14:43:51.571607+00:00
FT-T000044,FT-C00569,2026-01-01 07:44:00,Card Purchase,113261.84,Mobile App,Android,Kano,No,Successful,No,42,Male,Kano,Everyday,Current,95,54.2,500k-999k,Web,Active,No,0.1807,Low,Auto-Approve,2.0.0-week3,2026-09-30T14:43:51.571607+00:00
FT-T002989,FT-C00950,2026-01-23 09:53:00,Transfer,24811.5,POS,iOS,Lagos,No,Successful,Yes,58,Male,Abuja,Premium,Savings,50,88.9,250k-499k,Mobile App,Active,Yes,0.4431,Medium,Secondary Verification (SMS/OTP),2.0.0-week3,2026-09-30T14:43:51.571607+00:00
FT-T008941,FT-C01421,2026-03-09 01:20:00,Cash Withdrawal,21612.38,Mobile App,Android,Lagos,No,Successful,Yes,50,Female,Benin City,Everyday,Savings,55,37.8,250k-499k,Web,Active,Yes,0.5738,Medium,Secondary Verification (SMS/OTP),2.0.0-week3,2026-09-30T14:43:51.571607+00:00
FT-T010190,FT-C00460,2026-03-18 10:10:00,Transfer,34226.67,Mobile App,Android,Abuja,No,Successful,No,56,Female,Kano,Everyday,Savings,61,85.2,100k-249k,Mobile App,Active,Yes,0.4205,Medium,Secondary Verification (SMS/OTP),2.0.0-week3,2026-09-30T14:43:51.571607+00:00
FT-T009584,FT-C00271,2026-03-13 21:05:00,Card Purchase,2855.48,Web,iOS,Enugu,No,Successful,No,65,Male,Enugu,Everyday,Current,83,45.0,250k-499k,Mobile App,Active,No,0.2048,Low,Auto-Approve,2.0.0-week3,2026-09-30T14:43:51.571607+00:00
FT-T008641,FT-C00538,2026-03-06 19:19:00,Transfer,1293.15,POS,Android,Abuja,No,Successful,No,27,Female,Ibadan,Everyday,Premium,83,50.1,100k-249k,Mobile App,Active,Yes,0.4682,Medium,Secondary Verification (SMS/OTP),2.0.0-week3,2026-09-30T14:43:51.571607+00:00
FT-T002523,FT-C00281,2026-01-19 21:59:00,Airtime/Data,1390.38,Mobile App,Web Browser,Enugu,No,Successful,No,33,Male,Kaduna,Everyday,Savings,27,34.5,100k-249k,Web,Active,Yes,0.3996,Medium,Secondary Verification (SMS/OTP),2.0.0-week3,2026-09-30T14:43:51.571607+00:00
FT-T002528,FT-C00531,2026-01-19 22:53:00,Card Purchase,9848.94,Mobile App,Android,Abuja,No,Successful,No,52,Male,Ibadan,Student,Current,88,47.4,500k-999k,Mobile App,Active,No,0.1909,Low,Auto-Approve,2.0.0-week3,2026-09-30T14:43:51.571607+00:00
FT-T007486,FT-C01493,2026-02-26 03:24:00,Card Purchase,8530.84,POS,,Ibadan,No,Successful,No,24,Male,Lagos,SME,Premium,78,81.4,500k-999k,Mobile App,Active,Yes,0.3653,Medium,Secondary Verification (SMS/OTP),2.0.0-week3,2026-09-30T14:43:51.571607+00:00
FT-T001611,FT-C00880,2026-01-13 01:49:00,Bill Payment,1669.49,Mobile App,iOS,Ibadan,No,Successful,No,43,Male,Kaduna,Everyday,Premium,33,77.2,250k-499k,Mobile App,Active,Yes,0.4706,Medium,Secondary Verification (SMS/OTP),2.0.0-week3,2026-09-30T14:43:51.571607+00:00
FT-T008773,FT-C01015,2026-03-07 19:05:00,Cash Withdrawal,47796.01,Web,Web Browser,Port Harcourt,No,Successful,Yes,50,Female,Lagos,Everyday,Current,19,61.7,100k-249k,Mobile App,Active,Yes,0.4744,Medium,Secondary Verification (SMS/OTP),2.0.0-week3,2026-09-30T14:43:51.571607+00:00
FT-T009571,FT-C01098,2026-03-13 18:44:00,Deposit,9897.3,Mobile App,Android,Lagos,No,Successful,No,64,Female,Lagos,Everyday,Current,95,52.7,250k-499k,Mobile App,Active,No,0.25,Low,Auto-Approve,2.0.0-week3,2026-09-30T14:43:51.571607+00:00
FT-T006051,FT-C00064,2026-02-15 09:05:00,Transfer,570.06,Web,Android,Lagos,No,Successful,No,23,Male,Port Harcourt,Everyday,Current,34,41.0,500k-999k,Web,Active,Yes,0.4455,Medium,Secondary Verification (SMS/OTP),2.0.0-week3,2026-09-30T14:43:51.571607+00:00
FT-T003966,FT-C00658,2026-01-30 17:45:00,Transfer,25512.47,Mobile App,Android,Lagos,Yes,Successful,Yes,45,Male,Lagos,Premium,Savings,61,80.1,500k-999k,Mobile App,Active,Yes,0.4324,Medium,Secondary Verification (SMS/OTP),2.0.0-week3,2026-09-30T14:43:51.571607+00:00
FT-T002285,FT-C00339,2026-01-18 03:09:00,Card Purchase,28142.83,Mobile App,Android,Lagos,No,Successful,No,65,Female,Abuja,Everyday,Current,59,72.7,500k-999k,Web,Dormant,Yes,0.3946,Medium,Secondary Verification (SMS/OTP),2.0.0-week3,2026-09-30T14:43:51.571607+00:00
FT-T009752,FT-C00757,2026-03-15 03:19:00,Deposit,550470.37,Web,Android,Lagos,No,Successful,No,23,Female,Port Harcourt,Everyday,Current,78,78.4,500k-999k,USSD,Active,Yes,0.6911,Medium,Secondary Verification (SMS/OTP),2.0.0-week3,2026-09-30T14:43:51.571607+00:00
FT-T010896,FT-C00480,2026-03-23 17:15:00,Card Purchase,14448.91,Mobile App,iOS,Ibadan,No,Successful,No,43,Female,Kaduna,Everyday,Current,31,50.5,100k-249k,Mobile App,Active,No,0.274,Low,Auto-Approve,2.0.0-week3,2026-09-30T14:43:51.571607+00:00
FT-T005926,FT-C00951,2026-02-14 10:35:00,Card Purchase,17552.15,Web,Android,Kaduna,No,Successful,No,54,Male,Abuja,Student,Current,86,79.7,1m+,Web,Active,No,0.2378,Low,Auto-Approve,2.0.0-week3,2026-09-30T14:43:51.571607+00:00
FT-T006140,FT-C01289,2026-02-16 01:06:00,Bill Payment,4550.86,Mobile App,Android,Benin City,No,Successful,Yes,64,Male,Kaduna,Everyday,Current,40,45.0,100k-249k,Mobile App,Active,Yes,0.3872,Medium,Secondary Verification (SMS/OTP),2.0.0-week3,2026-09-30T14:43:51.571607+00:00
FT-T010853,FT-C00486,2026-03-23 09:31:00,Card Purchase,2781.78,POS,Web Browser,Lagos,No,Successful,No,50,Male,Lagos,Everyday,Savings,17,67.7,100k-249k,Mobile App,Active,No,0.3229,Medium,Secondary Verification (SMS/OTP),2.0.0-week3,2026-09-30T14:43:51.571607+00:00
FT-T009692,FT-C00406,2026-03-14 16:31:00,Airtime/Data,43680.2,Mobile App,POS Terminal,Enugu,No,Successful,No,32,Male,Port Harcourt,Everyday,Savings,3,53.1,500k-999k,Mobile App,Active,No,0.3111,Medium,Secondary Verification (SMS/OTP),2.0.0-week3,2026-09-30T14:43:51.571607+00:00
FT-T002943,FT-C00866,2026-01-23 01:36:00,Airtime/Data,39246.46,Mobile App,Android,Enugu,No,Successful,No,38,Female,Kano,Premium,Savings,65,19.6,Below 100k,Mobile App,Dormant,Yes,0.437,Medium,Secondary Verification (SMS/OTP),2.0.0-week3,2026-09-30T14:43:51.571607+00:00
FT-T008033,FT-C00639,2026-03-02 05:52:00,Airtime/Data,10690.07,Mobile App,POS Terminal,Kano,No,Successful,No,34,Male,Port Harcourt,Student,Current,48,39.8,100k-249k,Mobile App,Active,Yes,0.4663,Medium,Secondary Verification (SMS/OTP),2.0.0-week3,2026-09-30T14:43:51.571607+00:00
FT-T007492,FT-C00788,2026-02-26 04:29:00,Card Purchase,3633.1,Mobile App,iOS,Kano,No,Successful,No,43,Female,Abuja,Premium,Savings,68,65.0,250k-499k,USSD,Active,Yes,0.4133,Medium,Secondary Verification (SMS/OTP),2.0.0-week3,2026-09-30T14:43:51.571607+00:00
FT-T000833,FT-C00155,2026-01-07 05:46:00,Card Purchase,150697.63,POS,POS Terminal,Ibadan,No,Successful,No,40,Female,Kano,Premium,Current,62,59.0,100k-249k,Web,Active,Yes,0.3643,Medium,Secondary Verification (SMS/OTP),2.0.0-week3,2026-09-30T14:43:51.571607+00:00
FT-T008155,FT-C00309,2026-03-03 03:50:00,Transfer,14922.77,ATM,Android,Port Harcourt,No,Successful,No,50,Female,Enugu,Premium,Premium,28,57.8,1m+,Web,Active,Yes,0.7092,High,Immediate Review / Payment Hold,2.0.0-week3,2026-09-30T14:43:51.571607+00:00
FT-T003165,FT-C00275,2026-01-24 17:34:00,Cash Withdrawal,1711.36,Web,Web Browser,Benin City,Yes,Successful,No,49,Female,Lagos,Everyday,Savings,23,72.2,250k-499k,Mobile App,Active,Yes,0.6541,Medium,Secondary Verification (SMS/OTP),2.0.0-week3,2026-09-30T14:43:51.571607+00:00
FT-T008268,FT-C00838,2026-03-04 00:11:00,Deposit,350300.88,Web,Android,Ibadan,No,Successful,No,60,Female,Port Harcourt,SME,Premium,80,91.4,100k-249k,USSD,Active,Yes,0.6674,Medium,Secondary Verification (SMS/OTP),2.0.0-week3,2026-09-30T14:43:51.571607+00:00
FT-T007454,FT-C01300,2026-02-25 21:39:00,Card Purchase,132880.68,USSD,Android,Lagos,Yes,Successful,Yes,21,Female,Port Harcourt,Premium,Current,26,69.4,100k-249k,Web,Active,Yes,0.4422,Medium,Secondary Verification (SMS/OTP),2.0.0-week3,2026-09-30T14:43:51.571607+00:00
FT-T010220,FT-C00361,2026-03-18 15:34:00,Card Purchase,3428.53,Mobile App,,Enugu,No,Reversed,No,40,Female,Lagos,Everyday,Savings,78,90.5,Below 100k,Web,Active,No,0.3382,Medium,Secondary Verification (SMS/OTP),2.0.0-week3,2026-09-30T14:43:51.571607+00:00
FT-T002907,FT-C00430,2026-01-22 19:07:00,Bill Payment,22312.24,Mobile App,Android,Kaduna,No,Successful,No,49,Male,Benin City,Everyday,Savings,81,37.4,Below 100k,USSD,Active,No,0.2672,Low,Auto-Approve,2.0.0-week3,2026-09-30T14:43:51.571607+00:00
FT-T010614,FT-C00633,2026-03-21 14:29:00,Transfer,7784.57,Web,Android,Abuja,No,Successful,Yes,36,Male,Kano,Student,Current,90,47.0,250k-499k,Web,Active,Yes,0.4396,Medium,Secondary Verification (SMS/OTP),2.0.0-week3,2026-09-30T14:43:51.571607+00:00
FT-T006753,FT-C00217,2026-02-20 15:27:00,Card Purchase,7647.36,Mobile App,Web Browser,Abuja,No,Successful,No,19,Female,Lagos,Premium,Savings,51,72.1,100k-249k,Mobile App,Active,Yes,0.3591,Medium,Secondary Verification (SMS/OTP),2.0.0-week3,2026-09-30T14:43:51.571607+00:00
FT-T010725,FT-C00928,2026-03-22 10:28:00,Card Purchase,119686.52,POS,iOS,Kano,No,Successful,No,42,Female,Abuja,Everyday,Savings,67,91.3,250k-499k,Mobile App,Active,No,0.2952,Low,Auto-Approve,2.0.0-week3,2026-09-30T14:43:51.571607+00:00
FT-T008453,FT-C00204,2026-03-05 09:29:00,Card Purchase,6958.85,Mobile App,Android,Kaduna,Yes,Successful,Yes,19,Female,Kaduna,SME,Savings,73,73.4,500k-999k,Mobile App,Active,Yes,0.4971,Medium,Secondary Verification (SMS/OTP),2.0.0-week3,2026-09-30T14:43:51.571607+00:00
FT-T003677,FT-C00521,2026-01-28 13:44:00,Bill Payment,1229.02,Mobile App,Android,Kano,No,Successful,No,57,Female,Lagos,Everyday,Savings,61,76.0,250k-499k,Web,Active,No,0.3172,Medium,Secondary Verification (SMS/OTP),2.0.0-week3,2026-09-30T14:43:51.571607+00:00
FT-T008864,FT-C00509,2026-03-08 11:28:00,Deposit,3278.44,POS,iOS,Port Harcourt,No,Successful,No,37,Female,Ibadan,Everyday,Current,44,90.6,1m+,Mobile App,Active,No,0.219,Low,Auto-Approve,2.0.0-week3,2026-09-30T14:43:51.571607+00:00
FT-T004708,FT-C00180,2026-02-05 07:19:00,Transfer,32497.04,Web,Android,Benin City,Yes,Successful,No,56,Female,Lagos,Premium,Savings,35,79.8,500k-999k,Web,Active,Yes,0.4751,Medium,Secondary Verification (SMS/OTP),2.0.0-week3,2026-09-30T14:43:51.571607+00:00
FT-T010643,FT-C00742,2026-03-21 19:43:00,Bill Payment,14768.39,Mobile App,Android,Port Harcourt,No,Successful,No,64,Female,Ibadan,Everyday,Savings,90,56.9,Below 100k,USSD,Active,No,0.2337,Low,Auto-Approve,2.0.0-week3,2026-09-30T14:43:51.571607+00:00
FT-T011309,FT-C00959,2026-03-26 19:36:00,Card Purchase,5866.61,USSD,Android,Kano,No,Reversed,No,39,Male,Ibadan,Everyday,Savings,4,34.2,250k-499k,Mobile App,Active,No,0.2426,Low,Auto-Approve,2.0.0-week3,2026-09-30T14:43:51.571607+00:00
FT-T010789,FT-C01236,2026-03-22 22:00:00,Transfer,17920.23,Web,Android,Kano,No,Successful,No,24,Female,Benin City,SME,Savings,63,66.9,Below 100k,Mobile App,Active,Yes,0.5172,Medium,Secondary Verification (SMS/OTP),2.0.0-week3,2026-09-30T14:43:51.571607+00:00
FT-T011270,FT-C00492,2026-03-26 12:35:00,Airtime/Data,521.03,POS,Android,Kano,No,Successful,No,53,Male,Abuja,Everyday,Premium,37,67.9,Below 100k,Mobile App,Active,No,0.3113,Medium,Secondary Verification (SMS/OTP),2.0.0-week3,2026-09-30T14:43:51.571607+00:00
FT-T007566,FT-C00924,2026-02-26 17:48:00,Transfer,1335.98,Mobile App,Android,Port Harcourt,No,Successful,No,56,Female,Kaduna,Premium,Savings,46,100.0,100k-249k,Web,Active,Yes,0.5457,Medium,Secondary Verification (SMS/OTP),2.0.0-week3,2026-09-30T14:43:51.571607+00:00
FT-T000974,FT-C00339,2026-01-08 07:09:00,Cash Withdrawal,1442.16,Mobile App,Android,Kano,No,Successful,No,65,Female,Abuja,Everyday,Current,59,72.7,500k-999k,Web,Dormant,Yes,0.3993,Medium,Secondary Verification (SMS/OTP),2.0.0-week3,2026-09-30T14:43:51.571607+00:00
FT-T008866,FT-C00617,2026-03-08 11:49:00,Card Purchase,16729.6,Web,ATM Terminal,Port Harcourt,No,Successful,Yes,27,Female,Abuja,Everyday,Savings,1,56.1,100k-249k,Mobile App,Active,Yes,0.391,Medium,Secondary Verification (SMS/OTP),2.0.0-week3,2026-09-30T14:43:51.571607+00:00
FT-T011126,FT-C01101,2026-03-25 10:39:00,Cash Withdrawal,1951.39,Web,POS Terminal,Abuja,No,Failed,No,47,Female,Port Harcourt,Premium,Premium,50,90.7,100k-249k,Web,Active,Yes,0.4589,Medium,Secondary Verification (SMS/OTP),2.0.0-week3,2026-09-30T14:43:51.571607+00:00
FT-T004135,FT-C00557,2026-02-01 00:10:00,Deposit,5815.44,Mobile App,Android,Abuja,No,Successful,No,65,Female,Kaduna,Everyday,Current,78,58.4,500k-999k,USSD,Active,Yes,0.5513,Medium,Secondary Verification (SMS/OTP),2.0.0-week3,2026-09-30T14:43:51.571607+00:00
FT-T009327,FT-C00424,2026-03-11 22:49:00,Card Purchase,1327.52,Mobile App,iOS,Benin City,No,Failed,No,61,Prefer not to say,Lagos,Everyday,Premium,50,93.5,500k-999k,Web,Active,No,0.3299,Medium,Secondary Verification (SMS/OTP),2.0.0-week3,2026-09-30T14:43:51.571607+00:00
FT-T007315,FT-C01352,2026-02-24 20:37:00,Transfer,402350.94,Mobile App,Android,Kano,No,Successful,Yes,57,Male,Lagos,Premium,Savings,87,57.2,250k-499k,Mobile App,Active,Yes,0.652,Medium,Secondary Verification (SMS/OTP),2.0.0-week3,2026-09-30T14:43:51.571607+00:00
FT-T008717,FT-C00471,2026-03-07 09:00:00,Transfer,150778.63,Mobile App,POS Terminal,Benin City,No,Successful,No,31,Female,Enugu,Premium,Current,46,76.3,500k-999k,USSD,Active,Yes,0.4866,Medium,Secondary Verification (SMS/OTP),2.0.0-week3,2026-09-30T14:43:51.571607+00:00
FT-T006347,FT-C00701,2026-02-17 14:22:00,Card Purchase,8840.7,ATM,Android,Kano,No,Successful,No,25,Male,Kano,Everyday,Savings,69,68.6,100k-249k,Web,Active,No,0.3004,Medium,Secondary Verification (SMS/OTP),2.0.0-week3,2026-09-30T14:43:51.571607+00:00
FT-T009442,FT-C00635,2026-03-12 19:31:00,Deposit,109942.29,Mobile App,iOS,Abuja,No,Successful,No,65,Female,Port Harcourt,Everyday,Current,14,66.0,250k-499k,Web,Dormant,No,0.2523,Low,Auto-Approve,2.0.0-week3,2026-09-30T14:43:51.571607+00:00
FT-T010337,FT-C01387,2026-03-19 12:38:00,Transfer,9667.84,Mobile App,POS Terminal,Port Harcourt,No,Successful,No,48,Female,Port Harcourt,Everyday,Savings,49,48.7,500k-999k,Web,Active,Yes,0.5105,Medium,Secondary Verification (SMS/OTP),2.0.0-week3,2026-09-30T14:43:51.571607+00:00
FT-T001337,FT-C00687,2026-01-11 00:30:00,Card Purchase,5213.02,Mobile App,Web Browser,Lagos,No,Successful,No,64,Female,Abuja,Everyday,Premium,74,64.6,250k-499k,Mobile App,Active,Yes,0.5471,Medium,Secondary Verification (SMS/OTP),2.0.0-week3,2026-09-30T14:43:51.571607+00:00
FT-T005991,FT-C00908,2026-02-14 22:17:00,Card Purchase,3996.93,POS,POS Terminal,Enugu,No,Failed,No,64,Male,Ibadan,Everyday,Savings,12,63.9,500k-999k,Mobile App,Active,Yes,0.3537,Medium,Secondary Verification (SMS/OTP),2.0.0-week3,2026-09-30T14:43:51.571607+00:00
FT-T002601,FT-C00707,2026-01-20 12:02:00,Transfer,217013.75,USSD,Android,Abuja,No,Successful,No,45,Female,Lagos,Student,Savings,63,75.9,250k-499k,Web,Active,Yes,0.6032,Medium,Secondary Verification (SMS/OTP),2.0.0-week3,2026-09-30T14:43:51.571607+00:00
FT-T003960,FT-C00664,2026-01-30 16:40:00,Card Purchase,12907.94,POS,Web Browser,Ibadan,No,Successful,No,18,Female,Lagos,SME,Savings,57,62.7,Below 100k,Mobile App,Active,No,0.3443,Medium,Secondary Verification (SMS/OTP),2.0.0-week3,2026-09-30T14:43:51.571607+00:00
FT-T002629,FT-C00684,2026-01-20 17:04:00,Transfer,174156.6,Mobile App,Web Browser,Port Harcourt,No,Successful,No,36,Female,Abuja,SME,Savings,52,68.3,100k-249k,Mobile App,Active,Yes,0.69,Medium,Secondary Verification (SMS/OTP),2.0.0-week3,2026-09-30T14:43:51.571607+00:00
FT-T008217,FT-C01106,2026-03-03 15:00:00,Transfer,167654.65,Mobile App,iOS,Kano,No,Successful,Yes,55,Male,Abuja,Premium,Savings,66,37.1,250k-499k,Web,Active,Yes,0.7113,High,Immediate Review / Payment Hold,2.0.0-week3,2026-09-30T14:43:51.571607+00:00
FT-T010341,FT-C00897,2026-03-19 13:21:00,Cash Withdrawal,49516.44,Web,ATM Terminal,Port Harcourt,No,Successful,No,43,Female,Enugu,Premium,Premium,29,65.9,100k-249k,USSD,Active,Yes,0.5375,Medium,Secondary Verification (SMS/OTP),2.0.0-week3,2026-09-30T14:43:51.571607+00:00
FT-T002411,FT-C01009,2026-01-19 01:50:00,Bill Payment,96534.23,Web,iOS,Ibadan,No,Successful,No,54,Female,Ibadan,Everyday,Savings,40,53.8,Below 100k,Mobile App,Active,Yes,0.3941,Medium,Secondary Verification (SMS/OTP),2.0.0-week3,2026-09-30T14:43:51.571607+00:00
FT-T002015,FT-C00939,2026-01-16 02:33:00,Cash Withdrawal,49036.62,ATM,Android,Benin City,No,Successful,No,64,Male,Benin City,Premium,Premium,41,63.7,100k-249k,Mobile App,Active,Yes,0.5917,Medium,Secondary Verification (SMS/OTP),2.0.0-week3,2026-09-30T14:43:51.571607+00:00
FT-T011672,FT-C00651,2026-03-29 12:57:00,Transfer,543.68,Mobile App,ATM Terminal,Abuja,No,Failed,No,27,Female,Kano,Everyday,Premium,38,63.2,Below 100k,Mobile App,Active,Yes,0.5867,Medium,Secondary Verification (SMS/OTP),2.0.0-week3,2026-09-30T14:43:51.571607+00:00
FT-T003328,FT-C00209,2026-01-25 22:54:00,Cash Withdrawal,2510.86,POS,Web Browser,Enugu,No,Successful,No,19,Female,Port Harcourt,SME,Savings,70,90.6,250k-499k,Mobile App,Active,Yes,0.4492,Medium,Secondary Verification (SMS/OTP),2.0.0-week3,2026-09-30T14:43:51.571607+00:00
FT-T007069,FT-C01236,2026-02-23 00:20:00,Transfer,154147.85,Mobile App,POS Terminal,Abuja,No,Failed,No,24,Female,Benin City,SME,Savings,63,66.9,Below 100k,Mobile App,Active,Yes,0.5818,Medium,Secondary Verification (SMS/OTP),2.0.0-week3,2026-09-30T14:43:51.571607+00:00
FT-T011820,FT-C00027,2026-03-30 15:35:00,Deposit,7566.45,Web,iOS,Lagos,No,Successful,No,39,Female,Port Harcourt,Everyday,Savings,89,50.5,1m+,Mobile App,Active,No,0.2963,Low,Auto-Approve,2.0.0-week3,2026-09-30T14:43:51.571607+00:00
FT-T010320,FT-C00525,2026-03-19 09:34:00,Bill Payment,7759.28,Web,Android,Enugu,No,Pending,No,46,Male,Lagos,Everyday,Savings,72,87.1,100k-249k,Mobile App,Restricted,No,0.3238,Medium,Secondary Verification (SMS/OTP),2.0.0-week3,2026-09-30T14:43:51.571607+00:00
FT-T007609,FT-C00685,2026-02-27 01:33:00,Card Purchase,20729.43,USSD,POS Terminal,Abuja,No,Successful,No,37,Male,Lagos,SME,Current,10,60.7,250k-499k,Mobile App,Active,Yes,0.4192,Medium,Secondary Verification (SMS/OTP),2.0.0-week3,2026-09-30T14:43:51.571607+00:00
FT-T010317,FT-C01328,2026-03-19 09:02:00,Card Purchase,4470.77,Web,iOS,Kano,Yes,Successful,No,40,Female,Port Harcourt,SME,Savings,77,89.4,100k-249k,Mobile App,Active,Yes,0.3742,Medium,Secondary Verification (SMS/OTP),2.0.0-week3,2026-09-30T14:43:51.571607+00:00
FT-T008146,FT-C00769,2026-03-03 02:13:00,Cash Withdrawal,83058.69,USSD,ATM Terminal,Kaduna,No,Successful,No,27,Female,Lagos,Student,Current,75,74.6,Below 100k,Mobile App,Active,Yes,0.5269,Medium,Secondary Verification (SMS/OTP),2.0.0-week3,2026-09-30T14:43:51.571607+00:00
FT-T000628,FT-C00509,2026-01-05 16:52:00,Transfer,273255.91,Mobile App,POS Terminal,Ibadan,No,Successful,No,37,Female,Ibadan,Everyday,Current,44,90.6,1m+,Mobile App,Active,Yes,0.5783,Medium,Secondary Verification (SMS/OTP),2.0.0-week3,2026-09-30T14:43:51.571607+00:00
FT-T004350,FT-C00369,2026-02-02 14:53:00,Transfer,1437.92,Mobile App,POS Terminal,Benin City,No,Successful,No,57,Female,Abuja,Everyday,Current,42,59.0,Below 100k,Mobile App,Active,Yes,0.5041,Medium,Secondary Verification (SMS/OTP),2.0.0-week3,2026-09-30T14:43:51.571607+00:00
FT-T008882,FT-C01121,2026-03-08 14:42:00,Card Purchase,56478.16,POS,Android,Lagos,No,Reversed,No,64,Male,Kano,Everyday,Savings,61,88.6,500k-999k,Mobile App,Active,No,0.3035,Medium,Secondary Verification (SMS/OTP),2.0.0-week3,2026-09-30T14:43:51.571607+00:00
FT-T003096,FT-C01012,2026-01-24 05:08:00,Card Purchase,3246.04,POS,iOS,Enugu,No,Successful,No,30,Female,Benin City,Student,Premium,74,40.8,250k-499k,Web,Active,No,0.2588,Low,Auto-Approve,2.0.0-week3,2026-09-30T14:43:51.571607+00:00
FT-T000485,FT-C00243,2026-01-04 15:07:00,Card Purchase,3603.9,Web,Android,Kano,No,Successful,No,36,Female,Kano,Everyday,Savings,72,46.6,250k-499k,Mobile App,Active,No,0.318,Medium,Secondary Verification (SMS/OTP),2.0.0-week3,2026-09-30T14:43:51.571607+00:00
FT-T010493,FT-C00407,2026-03-20 16:43:00,Transfer,166437.9,POS,POS Terminal,Enugu,No,Successful,No,45,Female,Lagos,Premium,Savings,49,49.8,100k-249k,Mobile App,Active,Yes,0.6201,Medium,Secondary Verification (SMS/OTP),2.0.0-week3,2026-09-30T14:43:51.571607+00:00
FT-T005252,FT-C00782,2026-02-09 09:15:00,Card Purchase,4261.46,ATM,iOS,Kano,No,Successful,No,49,Male,Kano,Everyday,Savings,19,35.5,250k-499k,Web,Active,No,0.2601,Low,Auto-Approve,2.0.0-week3,2026-09-30T14:43:51.571607+00:00
FT-T011707,FT-C00079,2026-03-29 19:15:00,Card Purchase,337.27,POS,iOS,Abuja,Yes,Successful,No,31,Male,Abuja,Student,Current,96,54.3,100k-249k,Mobile App,Active,Yes,0.3735,Medium,Secondary Verification (SMS/OTP),2.0.0-week3,2026-09-30T14:43:51.571607+00:00
FT-T003370,FT-C01263,2026-01-26 06:28:00,Transfer,4235.97,Web,Android,Kaduna,No,Successful,No,46,Female,Lagos,Student,Premium,7,56.1,100k-249k,Web,Active,Yes,0.4789,Medium,Secondary Verification (SMS/OTP),2.0.0-week3,2026-09-30T14:43:51.571607+00:00
FT-T010355,FT-C00758,2026-03-19 15:52:00,Transfer,282934.38,POS,Web Browser,Kano,No,Successful,No,45,Male,Benin City,Everyday,Savings,3,92.0,100k-249k,Mobile App,Active,Yes,0.6421,Medium,Secondary Verification (SMS/OTP),2.0.0-week3,2026-09-30T14:43:51.571607+00:00
FT-T003499,FT-C00519,2026-01-27 05:41:00,Transfer,4696.79,Mobile App,iOS,Benin City,No,Successful,Yes,18,Female,Kaduna,Premium,Savings,77,80.0,1m+,Mobile App,Active,Yes,0.6246,Medium,Secondary Verification (SMS/OTP),2.0.0-week3,2026-09-30T14:43:51.571607+00:00
FT-T008254,FT-C00525,2026-03-03 21:39:00,Card Purchase,475.88,Mobile App,Android,Port Harcourt,No,Pending,No,46,Male,Lagos,Everyday,Savings,72,87.1,100k-249k,Mobile App,Restricted,No,0.3187,Medium,Secondary Verification (SMS/OTP),2.0.0-week3,2026-09-30T14:43:51.571607+00:00
FT-T010720,FT-C00007,2026-03-22 09:34:00,Card Purchase,7753.56,Web,Android,Lagos,No,Successful,No,56,Male,Kaduna,Everyday,Savings,24,97.5,Below 100k,Mobile App,Active,No,0.3139,Medium,Secondary Verification (SMS/OTP),2.0.0-week3,2026-09-30T14:43:51.571607+00:00
FT-T005196,FT-C00339,2026-02-08 23:10:00,Transfer,12230.48,Mobile App,Android,Kaduna,No,Successful,Yes,65,Female,Abuja,Everyday,Current,59,72.7,500k-999k,Web,Dormant,Yes,0.5044,Medium,Secondary Verification (SMS/OTP),2.0.0-week3,2026-09-30T14:43:51.571607+00:00
FT-T004210,FT-C01141,2026-02-01 13:40:00,Cash Withdrawal,96975.32,Mobile App,POS Terminal,Ibadan,No,Reversed,Yes,44,Male,Benin City,Everyday,Savings,47,43.5,Below 100k,Web,Dormant,Yes,0.4317,Medium,Secondary Verification (SMS/OTP),2.0.0-week3,2026-09-30T14:43:51.571607+00:00
FT-T009223,FT-C01340,2026-03-11 04:05:00,Card Purchase,90058.79,POS,Android,Kano,No,Successful,No,61,Female,Kaduna,Everyday,Savings,38,46.8,500k-999k,Mobile App,Active,Yes,0.43,Medium,Secondary Verification (SMS/OTP),2.0.0-week3,2026-09-30T14:43:51.571607+00:00
FT-T010550,FT-C00971,2026-03-21 02:58:00,Airtime/Data,299.51,POS,iOS,Enugu,No,Successful,No,20,Male,Port Harcourt,Premium,Savings,6,68.7,500k-999k,Mobile App,Active,No,0.3461,Medium,Secondary Verification (SMS/OTP),2.0.0-week3,2026-09-30T14:43:51.571607+00:00
FT-T005207,FT-C00519,2026-02-09 01:09:00,Airtime/Data,2130.71,Mobile App,Android,Port Harcourt,No,Successful,Yes,18,Female,Kaduna,Premium,Savings,77,80.0,1m+,Mobile App,Active,Yes,0.4717,Medium,Secondary Verification (SMS/OTP),2.0.0-week3,2026-09-30T14:43:51.571607+00:00
FT-T000831,FT-C01371,2026-01-07 05:24:00,Card Purchase,5033.44,POS,Android,Kaduna,No,Successful,No,38,Male,Abuja,Premium,Savings,79,90.4,500k-999k,Web,Active,No,0.3427,Medium,Secondary Verification (SMS/OTP),2.0.0-week3,2026-09-30T14:43:51.571607+00:00
FT-T006234,FT-C00116,2026-02-16 18:02:00,Transfer,302666.17,Mobile App,iOS,Kano,No,Successful,Yes,26,Male,Kaduna,Everyday,Savings,44,57.1,Below 100k,Mobile App,Dormant,Yes,0.6408,Medium,Secondary Verification (SMS/OTP),2.0.0-week3,2026-09-30T14:43:51.571607+00:00
FT-T002082,FT-C00165,2026-01-16 14:36:00,Cash Withdrawal,73801.39,Mobile App,Android,Kano,No,Successful,No,39,Female,Kano,Premium,Current,57,65.4,250k-499k,Mobile App,Active,Yes,0.5147,Medium,Secondary Verification (SMS/OTP),2.0.0-week3,2026-09-30T14:43:51.571607+00:00
FT-T000481,FT-C01055,2026-01-04 14:24:00,Bill Payment,8111.24,POS,ATM Terminal,Port Harcourt,No,Successful,No,54,Male,Ibadan,Premium,Premium,66,58.9,500k-999k,Mobile App,Active,No,0.2501,Low,Auto-Approve,2.0.0-week3,2026-09-30T14:43:51.571607+00:00
FT-T011081,FT-C01132,2026-03-25 02:33:00,Transfer,2293.23,Mobile App,POS Terminal,Port Harcourt,No,Successful,No,29,Female,Lagos,Premium,Savings,57,73.0,500k-999k,Web,Active,Yes,0.5464,Medium,Secondary Verification (SMS/OTP),2.0.0-week3,2026-09-30T14:43:51.571607+00:00
FT-T000971,FT-C00428,2026-01-08 06:36:00,Deposit,276675.54,ATM,iOS,Lagos,No,Successful,No,23,Male,Lagos,Everyday,Current,50,95.0,Below 100k,Web,Active,Yes,0.5677,Medium,Secondary Verification (SMS/OTP),2.0.0-week3,2026-09-30T14:43:51.571607+00:00
FT-T006717,FT-C00455,2026-02-20 08:58:00,Bill Payment,13581.67,USSD,ATM Terminal,Ibadan,Yes,Successful,No,42,Female,Ibadan,Everyday,Premium,94,59.7,1m+,Web,Active,Yes,0.4537,Medium,Secondary Verification (SMS/OTP),2.0.0-week3,2026-09-30T14:43:51.571607+00:00
FT-T009911,FT-C00907,2026-03-16 07:56:00,Bill Payment,20008.42,Mobile App,iOS,Abuja,No,Successful,No,20,Female,Lagos,Student,Current,5,85.8,100k-249k,Mobile App,Active,No,0.2848,Low,Auto-Approve,2.0.0-week3,2026-09-30T14:43:51.571607+00:00
FT-T011601,FT-C01423,2026-03-29 00:10:00,Bill Payment,21929.05,ATM,iOS,Kano,No,Successful,No,64,Male,Lagos,Everyday,Savings,30,100.0,100k-249k,Mobile App,Active,Yes,0.3833,Medium,Secondary Verification (SMS/OTP),2.0.0-week3,2026-09-30T14:43:51.571607+00:00
FT-T011779,FT-C00531,2026-03-30 08:12:00,Deposit,1681.89,Mobile App,iOS,Benin City,No,Successful,Yes,52,Male,Ibadan,Student,Current,88,47.4,500k-999k,Mobile App,Active,No,0.2444,Low,Auto-Approve,2.0.0-week3,2026-09-30T14:43:51.571607+00:00
FT-T004590,FT-C00199,2026-02-04 10:05:00,Deposit,14064.29,USSD,iOS,Lagos,No,Successful,No,49,Male,Lagos,SME,Savings,38,58.4,100k-249k,Mobile App,Active,No,0.3304,Medium,Secondary Verification (SMS/OTP),2.0.0-week3,2026-09-30T14:43:51.571607+00:00
FT-T002518,FT-C00721,2026-01-19 21:05:00,Airtime/Data,764.31,Mobile App,POS Terminal,Kaduna,No,Pending,No,30,Female,Kano,Everyday,Savings,79,100.0,250k-499k,Mobile App,Active,No,0.326,Medium,Secondary Verification (SMS/OTP),2.0.0-week3,2026-09-30T14:43:51.571607+00:00
FT-T005380,FT-C00137,2026-02-10 08:18:00,Card Purchase,27604.19,ATM,Android,Lagos,No,Successful,No,18,Female,Kano,Premium,Savings,68,55.3,1m+,Web,Active,No,0.2744,Low,Auto-Approve,2.0.0-week3,2026-09-30T14:43:51.571607+00:00
FT-T000529,FT-C00900,2026-01-04 23:02:00,Deposit,1220.07,Web,iOS,Kaduna,No,Successful,Yes,31,Female,Lagos,Everyday,Savings,17,71.4,500k-999k,Mobile App,Active,No,0.3468,Medium,Secondary Verification (SMS/OTP),2.0.0-week3,2026-09-30T14:43:51.571607+00:00
FT-T000065,FT-C00329,2026-01-01 11:31:00,Transfer,34665.14,ATM,iOS,Kaduna,No,Successful,No,44,Female,Enugu,Everyday,Current,79,83.3,250k-499k,Web,Active,Yes,0.4582,Medium,Secondary Verification (SMS/OTP),2.0.0-week3,2026-09-30T14:43:51.571607+00:00
FT-T010141,FT-C00948,2026-03-18 01:21:00,Card Purchase,2843.34,Mobile App,Android,Kano,No,Successful,No,36,Male,Lagos,SME,Savings,2,37.0,100k-249k,Mobile App,Active,Yes,0.4246,Medium,Secondary Verification (SMS/OTP),2.0.0-week3,2026-09-30T14:43:51.571607+00:00
FT-T001316,FT-C00948,2026-01-10 20:43:00,Transfer,864.99,Mobile App,ATM Terminal,Kaduna,No,Successful,No,36,Male,Lagos,SME,Savings,2,37.0,100k-249k,Mobile App,Active,Yes,0.5539,Medium,Secondary Verification (SMS/OTP),2.0.0-week3,2026-09-30T14:43:51.571607+00:00
FT-T007180,FT-C00941,2026-02-23 20:19:00,Transfer,35557.98,Mobile App,POS Terminal,Kaduna,No,Successful,No,64,Male,Lagos,Everyday,Current,61,68.9,Below 100k,Mobile App,Active,Yes,0.4473,Medium,Secondary Verification (SMS/OTP),2.0.0-week3,2026-09-30T14:43:51.571607+00:00
FT-T002283,FT-C00749,2026-01-18 02:47:00,Transfer,2576.7,ATM,POS Terminal,Port Harcourt,No,Successful,No,30,Female,Ibadan,Everyday,Savings,65,82.9,500k-999k,USSD,Active,Yes,0.6351,Medium,Secondary Verification (SMS/OTP),2.0.0-week3,2026-09-30T14:43:51.571607+00:00
FT-T009275,FT-C00893,2026-03-11 13:27:00,Bill Payment,6721.39,Mobile App,Android,Kaduna,No,Successful,No,32,Female,Lagos,Everyday,Current,38,60.9,250k-499k,USSD,Dormant,Yes,0.3585,Medium,Secondary Verification (SMS/OTP),2.0.0-week3,2026-09-30T14:43:51.571607+00:00
FT-T003519,FT-C00021,2026-01-27 09:17:00,Transfer,32185.78,POS,Android,Lagos,No,Successful,No,47,Female,Abuja,Everyday,Current,25,72.9,100k-249k,Web,Active,Yes,0.4885,Medium,Secondary Verification (SMS/OTP),2.0.0-week3,2026-09-30T14:43:51.571607+00:00
FT-T004216,FT-C00456,2026-02-01 14:45:00,Transfer,41622.82,Mobile App,iOS,Kano,No,Reversed,No,57,Male,Benin City,Everyday,Savings,51,39.2,Below 100k,USSD,Active,Yes,0.5165,Medium,Secondary Verification (SMS/OTP),2.0.0-week3,2026-09-30T14:43:51.571607+00:00
FT-T010359,FT-C00778,2026-03-19 16:35:00,Airtime/Data,191.2,USSD,ATM Terminal,Abuja,No,Successful,No,30,Female,Kaduna,Everyday,Savings,9,37.1,500k-999k,Mobile App,Active,No,0.2771,Low,Auto-Approve,2.0.0-week3,2026-09-30T14:43:51.571607+00:00
FT-T001228,FT-C00838,2026-01-10 04:52:00,Bill Payment,66820.88,Web,Android,Port Harcourt,No,Successful,No,60,Female,Port Harcourt,SME,Premium,80,91.4,100k-249k,USSD,Active,Yes,0.4287,Medium,Secondary Verification (SMS/OTP),2.0.0-week3,2026-09-30T14:43:51.571607+00:00
FT-T011383,FT-C00862,2026-03-27 08:55:00,Transfer,6746.28,POS,Android,Port Harcourt,No,Successful,Yes,35,Male,Enugu,Everyday,Savings,80,69.5,250k-499k,USSD,Dormant,Yes,0.4901,Medium,Secondary Verification (SMS/OTP),2.0.0-week3,2026-09-30T14:43:51.571607+00:00
FT-T011945,FT-C00938,2026-03-31 14:05:00,Cash Withdrawal,32469.65,POS,iOS,Port Harcourt,No,Successful,Yes,35,Prefer not to say,Kano,Premium,Premium,16,61.5,250k-499k,Mobile App,Active,Yes,0.4969,Medium,Secondary Verification (SMS/OTP),2.0.0-week3,2026-09-30T14:43:51.571607+00:00
FT-T002977,FT-C01318,2026-01-23 07:43:00,Transfer,148950.69,USSD,iOS,Kano,No,Successful,No,35,Female,Kaduna,Student,Current,9,58.9,500k-999k,Mobile App,Active,Yes,0.4345,Medium,Secondary Verification (SMS/OTP),2.0.0-week3,2026-09-30T14:43:51.571607+00:00
FT-T008203,FT-C00761,2026-03-03 12:28:00,Cash Withdrawal,10040.24,Mobile App,iOS,Abuja,No,Successful,No,48,Female,Lagos,Everyday,Savings,13,86.4,250k-499k,Web,Active,Yes,0.4691,Medium,Secondary Verification (SMS/OTP),2.0.0-week3,2026-09-30T14:43:51.571607+00:00
FT-T010822,FT-C00383,2026-03-23 03:56:00,Deposit,25480.16,Mobile App,iOS,Benin City,No,Successful,No,50,Male,Lagos,Everyday,Savings,77,42.0,100k-249k,Mobile App,Active,Yes,0.5108,Medium,Secondary Verification (SMS/OTP),2.0.0-week3,2026-09-30T14:43:51.571607+00:00
FT-T004770,FT-C00994,2026-02-05 18:29:00,Card Purchase,4669.41,USSD,ATM Terminal,Benin City,No,Successful,No,61,Female,Kano,Student,Savings,77,84.9,100k-249k,Web,Active,No,0.3283,Medium,Secondary Verification (SMS/OTP),2.0.0-week3,2026-09-30T14:43:51.571607+00:00
FT-T006763,FT-C01472,2026-02-20 17:15:00,Card Purchase,97461.36,Mobile App,Android,Benin City,No,Successful,No,23,Female,Kano,Premium,Savings,51,34.4,100k-249k,Mobile App,Active,No,0.2978,Low,Auto-Approve,2.0.0-week3,2026-09-30T14:43:51.571607+00:00
FT-T002081,FT-C00562,2026-01-16 14:25:00,Cash Withdrawal,235830.38,USSD,POS Terminal,Port Harcourt,No,Successful,No,41,Male,Lagos,Everyday,Savings,81,41.2,100k-249k,USSD,Dormant,Yes,0.5221,Medium,Secondary Verification (SMS/OTP),2.0.0-week3,2026-09-30T14:43:51.571607+00:00
FT-T005975,FT-C00256,2026-02-14 19:24:00,Airtime/Data,6801.54,Mobile App,iOS,Lagos,No,Successful,No,18,Male,Enugu,Student,Premium,8,84.2,500k-999k,Mobile App,Active,No,0.2573,Low,Auto-Approve,2.0.0-week3,2026-09-30T14:43:51.571607+00:00
FT-T001620,FT-C00985,2026-01-13 03:26:00,Cash Withdrawal,32122.73,Mobile App,iOS,Ibadan,No,Successful,No,23,Female,Kano,Everyday,Savings,72,66.8,100k-249k,Mobile App,Dormant,Yes,0.5585,Medium,Secondary Verification (SMS/OTP),2.0.0-week3,2026-09-30T14:43:51.571607+00:00
FT-T009394,FT-C00125,2026-03-12 10:52:00,Cash Withdrawal,18884.94,POS,POS Terminal,Port Harcourt,No,Successful,No,52,Female,Abuja,Everyday,Current,10,95.6,100k-249k,Mobile App,Active,Yes,0.4573,Medium,Secondary Verification (SMS/OTP),2.0.0-week3,2026-09-30T14:43:51.571607+00:00
FT-T004373,FT-C00258,2026-02-02 19:01:00,Deposit,9609.27,USSD,POS Terminal,Kano,Yes,Successful,No,45,Female,Lagos,Premium,Premium,83,69.4,1m+,Mobile App,Active,Yes,0.402,Medium,Secondary Verification (SMS/OTP),2.0.0-week3,2026-09-30T14:43:51.571607+00:00
FT-T008951,FT-C00832,2026-03-09 03:08:00,Cash Withdrawal,132486.97,Mobile App,Android,Port Harcourt,No,Successful,No,41,Male,Port Harcourt,Premium,Savings,64,49.3,500k-999k,Mobile App,Active,Yes,0.4511,Medium,Secondary Verification (SMS/OTP),2.0.0-week3,2026-09-30T14:43:51.571607+00:00
FT-T000733,FT-C00157,2026-01-06 11:46:00,Bill Payment,31919.17,POS,Android,Port Harcourt,No,Successful,No,62,Male,Lagos,Premium,Current,71,50.0,250k-499k,Mobile App,Active,No,0.239,Low,Auto-Approve,2.0.0-week3,2026-09-30T14:43:51.571607+00:00
FT-T001389,FT-C00767,2026-01-11 09:51:00,Card Purchase,109245.47,POS,Android,Enugu,No,Successful,No,54,Female,Lagos,Student,Current,47,51.7,100k-249k,Mobile App,Active,No,0.2427,Low,Auto-Approve,2.0.0-week3,2026-09-30T14:43:51.571607+00:00
FT-T003470,FT-C00638,2026-01-27 00:28:00,Deposit,8932.97,POS,Android,Abuja,No,Successful,Yes,39,Female,Lagos,Premium,Savings,22,72.2,Below 100k,USSD,Active,Yes,0.4153,Medium,Secondary Verification (SMS/OTP),2.0.0-week3,2026-09-30T14:43:51.571607+00:00
FT-T008599,FT-C00961,2026-03-06 11:46:00,Deposit,1111.74,POS,POS Terminal,Ibadan,No,Successful,No,23,Male,Kano,Student,Savings,95,77.8,Below 100k,Web,Active,No,0.3231,Medium,Secondary Verification (SMS/OTP),2.0.0-week3,2026-09-30T14:43:51.571607+00:00
FT-T010406,FT-C00643,2026-03-20 01:03:00,Card Purchase,82348.89,Web,POS Terminal,Benin City,No,Successful,No,21,Male,Lagos,Everyday,Savings,23,78.0,250k-499k,Mobile App,Active,Yes,0.4557,Medium,Secondary Verification (SMS/OTP),2.0.0-week3,2026-09-30T14:43:51.571607+00:00
FT-T003155,FT-C01388,2026-01-24 15:46:00,Bill Payment,641.18,POS,Android,Enugu,No,Successful,No,23,Prefer not to say,Benin City,Everyday,Savings,17,52.5,250k-499k,Mobile App,Active,No,0.3198,Medium,Secondary Verification (SMS/OTP),2.0.0-week3,2026-09-30T14:43:51.571607+00:00
FT-T010159,FT-C01349,2026-03-18 04:35:00,Transfer,3186.84,Web,iOS,Ibadan,No,Successful,Yes,34,Male,Lagos,Everyday,Savings,73,63.7,100k-249k,Mobile App,Active,Yes,0.6299,Medium,Secondary Verification (SMS/OTP),2.0.0-week3,2026-09-30T14:43:51.571607+00:00
FT-T005564,FT-C00798,2026-02-11 17:25:00,Card Purchase,738.05,Mobile App,iOS,Port Harcourt,No,Successful,No,65,Female,Port Harcourt,SME,Savings,8,82.4,500k-999k,Web,Active,No,0.2331,Low,Auto-Approve,2.0.0-week3,2026-09-30T14:43:51.571607+00:00
FT-T004847,FT-C00657,2026-02-06 08:21:00,Bill Payment,2137.88,Web,ATM Terminal,Kano,No,Successful,No,30,Male,Benin City,Student,Savings,65,30.5,250k-499k,USSD,Restricted,Yes,0.3832,Medium,Secondary Verification (SMS/OTP),2.0.0-week3,2026-09-30T14:43:51.571607+00:00
FT-T008013,FT-C00794,2026-03-02 02:16:00,Transfer,4565.84,POS,Web Browser,Kano,No,Successful,No,22,Female,Ibadan,Student,Savings,82,81.8,250k-499k,Web,Active,Yes,0.5201,Medium,Secondary Verification (SMS/OTP),2.0.0-week3,2026-09-30T14:43:51.571607+00:00
FT-T006413,FT-C01276,2026-02-18 02:15:00,Card Purchase,1651.09,Mobile App,Android,Benin City,No,Successful,No,24,Female,Kano,Everyday,Savings,57,92.1,500k-999k,Web,Active,Yes,0.4536,Medium,Secondary Verification (SMS/OTP),2.0.0-week3,2026-09-30T14:43:51.571607+00:00
FT-T000337,FT-C00071,2026-01-03 12:29:00,Card Purchase,2664.14,Mobile App,Web Browser,Kano,No,Successful,No,51,Female,Enugu,Everyday,Premium,23,81.3,250k-499k,Mobile App,Active,No,0.3352,Medium,Secondary Verification (SMS/OTP),2.0.0-week3,2026-09-30T14:43:51.571607+00:00
FT-T008876,FT-C00152,2026-03-08 13:37:00,Card Purchase,56509.16,POS,Web Browser,Kano,No,Successful,No,21,Male,Lagos,SME,Premium,16,92.7,250k-499k,Mobile App,Dormant,No,0.2957,Low,Auto-Approve,2.0.0-week3,2026-09-30T14:43:51.571607+00:00
FT-T006746,FT-C01124,2026-02-20 14:12:00,Card Purchase,8420.05,POS,Android,Abuja,No,Failed,No,41,Female,Port Harcourt,Student,Savings,82,37.9,Below 100k,Mobile App,Active,No,0.3418,Medium,Secondary Verification (SMS/OTP),2.0.0-week3,2026-09-30T14:43:51.571607+00:00
FT-T006507,FT-C01033,2026-02-18 19:10:00,Card Purchase,39158.25,USSD,Android,Enugu,No,Successful,No,32,Male,Lagos,Student,Savings,83,79.4,500k-999k,Mobile App,Active,Yes,0.3637,Medium,Secondary Verification (SMS/OTP),2.0.0-week3,2026-09-30T14:43:51.571607+00:00
FT-T011165,FT-C00922,2026-03-25 17:41:00,Cash Withdrawal,2774.41,POS,POS Terminal,Ibadan,No,Successful,No,56,Male,Enugu,Premium,Premium,17,55.9,1m+,Web,Active,Yes,0.4932,Medium,Secondary Verification (SMS/OTP),2.0.0-week3,2026-09-30T14:43:51.571607+00:00
FT-T007261,FT-C00994,2026-02-24 10:54:00,Transfer,4739.74,Web,Android,Ibadan,No,Successful,No,61,Female,Kano,Student,Savings,77,84.9,100k-249k,Web,Active,Yes,0.4718,Medium,Secondary Verification (SMS/OTP),2.0.0-week3,2026-09-30T14:43:51.571607+00:00
FT-T010542,FT-C00305,2026-03-21 01:32:00,Card Purchase,3855.04,Mobile App,Android,Kano,No,Successful,Yes,58,Female,Lagos,Everyday,Savings,10,84.5,250k-499k,Web,Active,Yes,0.4383,Medium,Secondary Verification (SMS/OTP),2.0.0-week3,2026-09-30T14:43:51.571607+00:00
FT-T008723,FT-C00239,2026-03-07 10:05:00,Bill Payment,1129.16,Mobile App,ATM Terminal,Benin City,No,Successful,No,46,Prefer not to say,Lagos,Everyday,Premium,89,53.3,500k-999k,Mobile App,Active,No,0.2419,Low,Auto-Approve,2.0.0-week3,2026-09-30T14:43:51.571607+00:00
FT-T007802,FT-C01056,2026-02-28 12:17:00,Cash Withdrawal,69495.81,Mobile App,Android,Lagos,No,Successful,No,31,Male,Port Harcourt,Student,Savings,61,70.3,100k-249k,Mobile App,Active,Yes,0.4855,Medium,Secondary Verification (SMS/OTP),2.0.0-week3,2026-09-30T14:43:51.571607+00:00
FT-T009663,FT-C00309,2026-03-14 11:18:00,Card Purchase,1910.05,Mobile App,iOS,Enugu,No,Successful,No,50,Female,Enugu,Premium,Premium,28,57.8,1m+,Web,Active,No,0.2844,Low,Auto-Approve,2.0.0-week3,2026-09-30T14:43:51.571607+00:00
FT-T006027,FT-C01202,2026-02-15 04:46:00,Airtime/Data,9625.2,POS,iOS,Kaduna,No,Successful,Yes,52,Female,Lagos,SME,Current,18,76.8,1m+,Mobile App,Active,Yes,0.4171,Medium,Secondary Verification (SMS/OTP),2.0.0-week3,2026-09-30T14:43:51.571607+00:00
FT-T007088,FT-C00245,2026-02-23 03:45:00,Card Purchase,31338.22,Mobile App,iOS,Lagos,No,Successful,No,20,Male,Kaduna,Everyday,Savings,89,77.4,100k-249k,USSD,Active,Yes,0.3579,Medium,Secondary Verification (SMS/OTP),2.0.0-week3,2026-09-30T14:43:51.571607+00:00
FT-T003371,FT-C00624,2026-01-26 06:39:00,Card Purchase,1604.37,POS,Web Browser,Benin City,No,Failed,No,57,Male,Lagos,Premium,Savings,3,79.5,100k-249k,Mobile App,Active,Yes,0.4094,Medium,Secondary Verification (SMS/OTP),2.0.0-week3,2026-09-30T14:43:51.571607+00:00
FT-T000142,FT-C01234,2026-01-02 01:22:00,Deposit,15834.35,POS,iOS,Kano,No,Successful,No,45,Female,Ibadan,Everyday,Premium,4,57.7,500k-999k,Mobile App,Active,Yes,0.4518,Medium,Secondary Verification (SMS/OTP),2.0.0-week3,2026-09-30T14:43:51.571607+00:00
FT-T000107,FT-C01130,2026-01-01 19:04:00,Card Purchase,1350.03,Mobile App,iOS,Ibadan,No,Successful,No,64,Female,Ibadan,Everyday,Savings,43,89.9,500k-999k,Web,Active,No,0.2674,Low,Auto-Approve,2.0.0-week3,2026-09-30T14:43:51.571607+00:00
FT-T007551,FT-C00201,2026-02-26 15:06:00,Deposit,1812.17,Mobile App,Android,Lagos,No,Successful,No,58,Male,Lagos,Everyday,Savings,82,77.7,100k-249k,Mobile App,Active,No,0.3132,Medium,Secondary Verification (SMS/OTP),2.0.0-week3,2026-09-30T14:43:51.571607+00:00
FT-T003915,FT-C01287,2026-01-30 08:34:00,Deposit,12088.54,POS,ATM Terminal,Abuja,No,Successful,No,50,Male,Port Harcourt,Premium,Savings,7,58.0,250k-499k,Mobile App,Active,No,0.3269,Medium,Secondary Verification (SMS/OTP),2.0.0-week3,2026-09-30T14:43:51.571607+00:00
FT-T002905,FT-C01286,2026-01-22 18:45:00,Airtime/Data,2113.49,POS,Web Browser,Abuja,No,Successful,No,20,Male,Lagos,Student,Savings,64,49.6,100k-249k,Web,Active,Yes,0.3895,Medium,Secondary Verification (SMS/OTP),2.0.0-week3,2026-09-30T14:43:51.571607+00:00
FT-T004000,FT-C00416,2026-01-30 23:52:00,Transfer,686.9,POS,Android,Lagos,No,Successful,No,59,Female,Abuja,Student,Savings,60,85.8,100k-249k,Mobile App,Active,Yes,0.4982,Medium,Secondary Verification (SMS/OTP),2.0.0-week3,2026-09-30T14:43:51.571607+00:00
FT-T001978,FT-C01254,2026-01-15 19:53:00,Transfer,570.78,Mobile App,Android,Ibadan,No,Successful,No,31,Female,Port Harcourt,Everyday,Savings,54,62.6,100k-249k,Mobile App,Dormant,Yes,0.5753,Medium,Secondary Verification (SMS/OTP),2.0.0-week3,2026-09-30T14:43:51.571607+00:00
FT-T003908,FT-C01284,2026-01-30 07:19:00,Deposit,11150.36,POS,Android,Kano,Yes,Successful,No,64,Male,Lagos,Premium,Current,7,51.2,250k-499k,Mobile App,Active,Yes,0.4808,Medium,Secondary Verification (SMS/OTP),2.0.0-week3,2026-09-30T14:43:51.571607+00:00
FT-T011916,FT-C00213,2026-03-31 08:52:00,Card Purchase,2153.88,Mobile App,Android,Benin City,No,Successful,Yes,49,Female,Ibadan,SME,Savings,88,67.7,250k-499k,Mobile App,Active,No,0.2943,Low,Auto-Approve,2.0.0-week3,2026-09-30T14:43:51.571607+00:00
FT-T004321,FT-C01441,2026-02-02 09:39:00,Transfer,52936.89,Mobile App,Android,Benin City,No,Successful,No,60,Female,Kano,Everyday,Savings,54,80.7,100k-249k,Mobile App,Restricted,Yes,0.4459,Medium,Secondary Verification (SMS/OTP),2.0.0-week3,2026-09-30T14:43:51.571607+00:00
FT-T004162,FT-C00427,2026-02-01 05:02:00,Deposit,15832.56,Mobile App,iOS,Ibadan,No,Successful,No,21,Female,Lagos,Student,Premium,57,79.5,100k-249k,Mobile App,Active,Yes,0.3987,Medium,Secondary Verification (SMS/OTP),2.0.0-week3,2026-09-30T14:43:51.571607+00:00
FT-T001448,FT-C00936,2026-01-11 20:28:00,Cash Withdrawal,100715.95,Mobile App,Android,Port Harcourt,No,Successful,No,58,Female,Lagos,Everyday,Premium,89,49.2,500k-999k,Web,Active,Yes,0.4392,Medium,Secondary Verification (SMS/OTP),2.0.0-week3,2026-09-30T14:43:51.571607+00:00
FT-T003037,FT-C00884,2026-01-23 18:31:00,Deposit,8840.92,Mobile App,Web Browser,Port Harcourt,No,Successful,No,47,Male,Abuja,Student,Savings,80,36.3,100k-249k,Mobile App,Dormant,No,0.3415,Medium,Secondary Verification (SMS/OTP),2.0.0-week3,2026-09-30T14:43:51.571607+00:00
FT-T003516,FT-C00563,2026-01-27 08:45:00,Card Purchase,3341.49,ATM,ATM Terminal,Enugu,No,Successful,No,40,Male,Ibadan,Everyday,Current,90,72.8,1m+,Mobile App,Active,No,0.2551,Low,Auto-Approve,2.0.0-week3,2026-09-30T14:43:51.571607+00:00
FT-T003356,FT-C00199,2026-01-26 03:57:00,Transfer,1664.21,Mobile App,ATM Terminal,Abuja,No,Successful,Yes,49,Male,Lagos,SME,Savings,38,58.4,100k-249k,Mobile App,Active,Yes,0.5574,Medium,Secondary Verification (SMS/OTP),2.0.0-week3,2026-09-30T14:43:51.571607+00:00
FT-T005485,FT-C00735,2026-02-11 03:12:00,Deposit,85060.23,POS,Web Browser,Kaduna,No,Successful,No,47,Female,Kano,Everyday,Premium,33,39.9,Below 100k,Mobile App,Active,Yes,0.4472,Medium,Secondary Verification (SMS/OTP),2.0.0-week3,2026-09-30T14:43:51.571607+00:00
FT-T010732,FT-C01372,2026-03-22 11:44:00,Transfer,5898.75,POS,Android,Benin City,No,Successful,No,59,Male,Enugu,Everyday,Savings,6,92.2,Below 100k,Mobile App,Active,Yes,0.4678,Medium,Secondary Verification (SMS/OTP),2.0.0-week3,2026-09-30T14:43:51.571607+00:00
FT-T008099,FT-C00114,2026-03-02 17:45:00,Transfer,4837.18,POS,iOS,Benin City,No,Successful,No,45,Male,Lagos,SME,Savings,53,66.8,1m+,Mobile App,Active,Yes,0.5229,Medium,Secondary Verification (SMS/OTP),2.0.0-week3,2026-09-30T14:43:51.571607+00:00
FT-T007142,FT-C00076,2026-02-23 13:29:00,Transfer,31992.69,POS,iOS,Enugu,No,Successful,No,65,Male,Benin City,Premium,Savings,65,77.2,250k-499k,Web,Active,Yes,0.4597,Medium,Secondary Verification (SMS/OTP),2.0.0-week3,2026-09-30T14:43:51.571607+00:00
FT-T000731,FT-C00826,2026-01-06 11:24:00,Cash Withdrawal,61443.86,USSD,iOS,Kano,No,Successful,Yes,21,Prefer not to say,Port Harcourt,Premium,Premium,56,95.9,100k-249k,Web,Active,Yes,0.3861,Medium,Secondary Verification (SMS/OTP),2.0.0-week3,2026-09-30T14:43:51.571607+00:00
FT-T007176,FT-C01013,2026-02-23 19:36:00,Cash Withdrawal,2140.35,Mobile App,ATM Terminal,Lagos,No,Successful,No,60,Female,Abuja,SME,Savings,92,69.2,Below 100k,Mobile App,Active,Yes,0.4362,Medium,Secondary Verification (SMS/OTP),2.0.0-week3,2026-09-30T14:43:51.571607+00:00
FT-T011685,FT-C00091,2026-03-29 15:17:00,Deposit,305846.14,ATM,Android,Kano,No,Pending,No,58,Male,Kaduna,Everyday,Savings,11,100.0,Below 100k,Mobile App,Active,Yes,0.6202,Medium,Secondary Verification (SMS/OTP),2.0.0-week3,2026-09-30T14:43:51.571607+00:00
FT-T007167,FT-C01118,2026-02-23 17:59:00,Transfer,18262.74,Mobile App,Android,Kaduna,No,Failed,No,55,Female,Port Harcourt,Everyday,Current,46,85.4,500k-999k,Mobile App,Active,Yes,0.5086,Medium,Secondary Verification (SMS/OTP),2.0.0-week3,2026-09-30T14:43:51.571607+00:00
FT-T009429,FT-C00657,2026-03-12 17:10:00,Card Purchase,1608.07,Mobile App,POS Terminal,Lagos,No,Successful,No,30,Male,Benin City,Student,Savings,65,30.5,250k-499k,USSD,Restricted,No,0.3145,Medium,Secondary Verification (SMS/OTP),2.0.0-week3,2026-09-30T14:43:51.571607+00:00
FT-T008357,FT-C00423,2026-03-04 16:12:00,Transfer,3099.44,POS,iOS,Ibadan,No,Failed,Yes,61,Male,Kano,Everyday,Savings,20,71.3,Below 100k,Mobile App,Active,Yes,0.5205,Medium,Secondary Verification (SMS/OTP),2.0.0-week3,2026-09-30T14:43:51.571607+00:00
FT-T002103,FT-C00134,2026-01-16 18:23:00,Transfer,4588.52,POS,Android,Benin City,No,Successful,No,64,Male,Kano,SME,Current,52,70.1,100k-249k,USSD,Active,Yes,0.5062,Medium,Secondary Verification (SMS/OTP),2.0.0-week3,2026-09-30T14:43:51.571607+00:00
FT-T008255,FT-C00946,2026-03-03 21:50:00,Card Purchase,736.45,Mobile App,Android,Abuja,No,Reversed,No,57,Male,Lagos,Student,Current,73,64.0,500k-999k,Mobile App,Active,No,0.2609,Low,Auto-Approve,2.0.0-week3,2026-09-30T14:43:51.571607+00:00
FT-T005486,FT-C01277,2026-02-11 03:22:00,Card Purchase,142388.68,Mobile App,POS Terminal,Port Harcourt,No,Successful,No,46,Female,Port Harcourt,Premium,Savings,6,36.5,250k-499k,USSD,Active,Yes,0.4917,Medium,Secondary Verification (SMS/OTP),2.0.0-week3,2026-09-30T14:43:51.571607+00:00
FT-T002168,FT-C00436,2026-01-17 06:05:00,Transfer,5433.39,Mobile App,iOS,Ibadan,No,Successful,No,30,Male,Lagos,Student,Savings,33,86.9,250k-499k,Mobile App,Active,Yes,0.5111,Medium,Secondary Verification (SMS/OTP),2.0.0-week3,2026-09-30T14:43:51.571607+00:00
FT-T005646,FT-C01453,2026-02-12 08:11:00,Cash Withdrawal,19017.89,Mobile App,ATM Terminal,Benin City,No,Successful,No,51,Male,Port Harcourt,Everyday,Savings,93,76.5,100k-249k,Mobile App,Active,Yes,0.4567,Medium,Secondary Verification (SMS/OTP),2.0.0-week3,2026-09-30T14:43:51.571607+00:00
FT-T004985,FT-C00992,2026-02-07 09:11:00,Transfer,1562.08,Mobile App,iOS,Kano,Yes,Successful,No,43,Male,Lagos,Premium,Current,29,96.6,1m+,Mobile App,Active,Yes,0.4905,Medium,Secondary Verification (SMS/OTP),2.0.0-week3,2026-09-30T14:43:51.571607+00:00
FT-T006111,FT-C00080,2026-02-15 19:53:00,Transfer,4472.31,Web,Android,Abuja,No,Successful,No,40,Male,Lagos,Premium,Savings,90,74.8,100k-249k,Web,Active,Yes,0.4689,Medium,Secondary Verification (SMS/OTP),2.0.0-week3,2026-09-30T14:43:51.571607+00:00
FT-T009367,FT-C00924,2026-03-12 06:01:00,Transfer,13418.3,POS,iOS,Lagos,No,Successful,Yes,56,Female,Kaduna,Premium,Savings,46,100.0,100k-249k,Web,Active,Yes,0.4694,Medium,Secondary Verification (SMS/OTP),2.0.0-week3,2026-09-30T14:43:51.571607+00:00
FT-T001580,FT-C01302,2026-01-12 20:14:00,Card Purchase,4997.82,Web,iOS,Port Harcourt,No,Reversed,No,38,Male,Benin City,Everyday,Savings,90,83.9,100k-249k,Mobile App,Active,No,0.325,Medium,Secondary Verification (SMS/OTP),2.0.0-week3,2026-09-30T14:43:51.571607+00:00
FT-T009346,FT-C00267,2026-03-12 02:14:00,Card Purchase,732.54,Mobile App,iOS,Port Harcourt,No,Successful,Yes,43,Female,Kaduna,Premium,Savings,30,49.3,500k-999k,Mobile App,Active,Yes,0.4507,Medium,Secondary Verification (SMS/OTP),2.0.0-week3,2026-09-30T14:43:51.571607+00:00
FT-T001624,FT-C01075,2026-01-13 04:09:00,Bill Payment,54296.28,Mobile App,POS Terminal,Port Harcourt,No,Successful,Yes,31,Male,Kano,Everyday,Premium,60,70.3,Below 100k,Mobile App,Active,No,0.3357,Medium,Secondary Verification (SMS/OTP),2.0.0-week3,2026-09-30T14:43:51.571607+00:00
FT-T002769,FT-C00316,2026-01-21 18:16:00,Card Purchase,10728.14,ATM,Android,Ibadan,No,Failed,Yes,20,Female,Ibadan,SME,Premium,15,56.2,250k-499k,Mobile App,Active,Yes,0.3767,Medium,Secondary Verification (SMS/OTP),2.0.0-week3,2026-09-30T14:43:51.571607+00:00
FT-T003122,FT-C00732,2026-01-24 09:49:00,Airtime/Data,881.53,ATM,Android,Abuja,No,Successful,No,42,Female,Kaduna,Student,Savings,39,53.6,100k-249k,Mobile App,Active,No,0.3208,Medium,Secondary Verification (SMS/OTP),2.0.0-week3,2026-09-30T14:43:51.571607+00:00
FT-T007989,FT-C01136,2026-03-01 21:57:00,Deposit,7031.15,Mobile App,iOS,Enugu,No,Successful,No,48,Male,Abuja,Student,Savings,32,85.0,250k-499k,Mobile App,Active,Yes,0.3568,Medium,Secondary Verification (SMS/OTP),2.0.0-week3,2026-09-30T14:43:51.571607+00:00
FT-T007543,FT-C00317,2026-02-26 13:40:00,Bill Payment,36107.79,Mobile App,iOS,Port Harcourt,No,Failed,No,34,Male,Lagos,Student,Savings,2,78.1,250k-499k,Mobile App,Active,Yes,0.4102,Medium,Secondary Verification (SMS/OTP),2.0.0-week3,2026-09-30T14:43:51.571607+00:00
FT-T011082,FT-C00355,2026-03-25 02:44:00,Card Purchase,632.91,Mobile App,Android,Abuja,No,Successful,No,63,Male,Lagos,Premium,Savings,56,53.4,1m+,Web,Active,Yes,0.42,Medium,Secondary Verification (SMS/OTP),2.0.0-week3,2026-09-30T14:43:51.571607+00:00
FT-T002273,FT-C00312,2026-01-18 00:59:00,Cash Withdrawal,2111.32,Mobile App,Android,Kaduna,No,Successful,No,65,Female,Kaduna,Everyday,Premium,55,89.7,100k-249k,USSD,Restricted,Yes,0.4925,Medium,Secondary Verification (SMS/OTP),2.0.0-week3,2026-09-30T14:43:51.571607+00:00
FT-T004425,FT-C00815,2026-02-03 04:23:00,Bill Payment,2953.84,Mobile App,Android,Abuja,No,Successful,No,44,Male,Abuja,SME,Premium,12,86.2,500k-999k,Web,Active,Yes,0.4281,Medium,Secondary Verification (SMS/OTP),2.0.0-week3,2026-09-30T14:43:51.571607+00:00
FT-T009054,FT-C00351,2026-03-09 21:40:00,Cash Withdrawal,28357.59,POS,iOS,Abuja,No,Failed,Yes,58,Female,Benin City,SME,Savings,1,74.9,Below 100k,Web,Active,Yes,0.3542,Medium,Secondary Verification (SMS/OTP),2.0.0-week3,2026-09-30T14:43:51.571607+00:00
FT-T008208,FT-C01365,2026-03-03 13:22:00,Card Purchase,34441.58,POS,Web Browser,Abuja,No,Successful,No,51,Female,Lagos,Student,Savings,27,37.5,Below 100k,Mobile App,Dormant,No,0.3011,Medium,Secondary Verification (SMS/OTP),2.0.0-week3,2026-09-30T14:43:51.571607+00:00
FT-T000797,FT-C01093,2026-01-06 23:17:00,Deposit,190077.07,ATM,iOS,Benin City,No,Successful,No,20,Male,Kano,Everyday,Savings,14,99.2,500k-999k,Web,Active,Yes,0.5089,Medium,Secondary Verification (SMS/OTP),2.0.0-week3,2026-09-30T14:43:51.571607+00:00
FT-T004428,FT-C00200,2026-02-03 04:55:00,Transfer,12708.97,Mobile App,iOS,Ibadan,No,Successful,No,41,Male,Lagos,Premium,Savings,26,56.7,100k-249k,Mobile App,Active,Yes,0.6241,Medium,Secondary Verification (SMS/OTP),2.0.0-week3,2026-09-30T14:43:51.571607+00:00
FT-T007835,FT-C01461,2026-02-28 18:14:00,Transfer,1786.03,POS,Android,Lagos,No,Successful,No,29,Male,Lagos,SME,Savings,30,88.4,250k-499k,Mobile App,Active,Yes,0.4979,Medium,Secondary Verification (SMS/OTP),2.0.0-week3,2026-09-30T14:43:51.571607+00:00
FT-T001787,FT-C01106,2026-01-14 09:30:00,Transfer,5060.49,Mobile App,Web Browser,Benin City,No,Successful,No,55,Male,Abuja,Premium,Savings,66,37.1,250k-499k,Web,Active,Yes,0.4525,Medium,Secondary Verification (SMS/OTP),2.0.0-week3,2026-09-30T14:43:51.571607+00:00
FT-T011650,FT-C01312,2026-03-29 08:59:00,Airtime/Data,7300.57,ATM,Web Browser,Kaduna,No,Successful,No,38,Male,Lagos,Everyday,Savings,62,56.3,500k-999k,Mobile App,Active,No,0.2912,Low,Auto-Approve,2.0.0-week3,2026-09-30T14:43:51.571607+00:00
FT-T007763,FT-C00399,2026-02-28 05:16:00,Airtime/Data,879.75,POS,Android,Ibadan,No,Successful,No,18,Male,Lagos,Premium,Premium,88,50.0,250k-499k,Mobile App,Active,Yes,0.3947,Medium,Secondary Verification (SMS/OTP),2.0.0-week3,2026-09-30T14:43:51.571607+00:00
FT-T004618,FT-C00289,2026-02-04 15:07:00,Card Purchase,34959.13,ATM,iOS,Abuja,No,Successful,No,53,Male,Kano,Everyday,Savings,79,86.8,Below 100k,Mobile App,Active,No,0.3264,Medium,Secondary Verification (SMS/OTP),2.0.0-week3,2026-09-30T14:43:51.571607+00:00
FT-T001582,FT-C00189,2026-01-12 20:36:00,Airtime/Data,13342.27,Mobile App,Android,Enugu,No,Successful,No,25,Male,Ibadan,Everyday,Current,95,97.6,500k-999k,Mobile App,Active,No,0.2529,Low,Auto-Approve,2.0.0-week3,2026-09-30T14:43:51.571607+00:00
FT-T006592,FT-C00100,2026-02-19 10:28:00,Transfer,28281.35,Mobile App,ATM Terminal,Lagos,No,Successful,No,18,Female,Abuja,Premium,Current,52,97.7,100k-249k,Mobile App,Active,Yes,0.5118,Medium,Secondary Verification (SMS/OTP),2.0.0-week3,2026-09-30T14:43:51.571607+00:00
FT-T004308,FT-C00845,2026-02-02 07:19:00,Deposit,232600.96,Mobile App,Android,Port Harcourt,No,Successful,No,48,Male,Abuja,Student,Savings,9,79.3,250k-499k,Mobile App,Active,Yes,0.5272,Medium,Secondary Verification (SMS/OTP),2.0.0-week3,2026-09-30T14:43:51.571607+00:00
FT-T011511,FT-C00686,2026-03-28 07:58:00,Transfer,52168.44,ATM,Android,Ibadan,No,Successful,No,35,Female,Lagos,Student,Current,88,85.8,100k-249k,Web,Active,Yes,0.4886,Medium,Secondary Verification (SMS/OTP),2.0.0-week3,2026-09-30T14:43:51.571607+00:00
FT-T011229,FT-C00090,2026-03-26 05:12:00,Deposit,7013.48,USSD,iOS,Kano,No,Successful,No,62,Female,Lagos,Student,Savings,88,58.9,100k-249k,Mobile App,Active,Yes,0.5242,Medium,Secondary Verification (SMS/OTP),2.0.0-week3,2026-09-30T14:43:51.571607+00:00
FT-T009617,FT-C00531,2026-03-14 03:01:00,Airtime/Data,1794.76,POS,Web Browser,Abuja,No,Successful,No,52,Male,Ibadan,Student,Current,88,47.4,500k-999k,Mobile App,Active,Yes,0.4502,Medium,Secondary Verification (SMS/OTP),2.0.0-week3,2026-09-30T14:43:51.571607+00:00
FT-T011431,FT-C00606,2026-03-27 17:34:00,Cash Withdrawal,160069.93,POS,POS Terminal,Kano,No,Successful,No,48,Male,Enugu,Everyday,Current,51,63.3,1m+,Mobile App,Active,Yes,0.5156,Medium,Secondary Verification (SMS/OTP),2.0.0-week3,2026-09-30T14:43:51.571607+00:00
FT-T009775,FT-C01459,2026-03-15 07:27:00,Card Purchase,980.56,Mobile App,Web Browser,Kano,No,Successful,No,27,Male,Lagos,SME,Savings,95,64.3,250k-499k,Web,Active,No,0.3092,Medium,Secondary Verification (SMS/OTP),2.0.0-week3,2026-09-30T14:43:51.571607+00:00
FT-T000370,FT-C00042,2026-01-03 18:25:00,Transfer,6926.94,Web,iOS,Enugu,No,Successful,No,56,Male,Lagos,Everyday,Premium,50,61.4,100k-249k,Mobile App,Active,Yes,0.4499,Medium,Secondary Verification (SMS/OTP),2.0.0-week3,2026-09-30T14:43:51.571607+00:00
FT-T006404,FT-C00877,2026-02-18 00:38:00,Deposit,1127.0,Mobile App,ATM Terminal,Abuja,No,Successful,Yes,62,Male,Kaduna,Everyday,Savings,82,50.8,250k-499k,Mobile App,Active,Yes,0.5449,Medium,Secondary Verification (SMS/OTP),2.0.0-week3,2026-09-30T14:43:51.571607+00:00
FT-T009316,FT-C00049,2026-03-11 20:50:00,Transfer,5542.34,USSD,Android,Ibadan,No,Successful,No,19,Female,Port Harcourt,SME,Current,58,81.7,100k-249k,Mobile App,Active,Yes,0.545,Medium,Secondary Verification (SMS/OTP),2.0.0-week3,2026-09-30T14:43:51.571607+00:00
FT-T005166,FT-C00395,2026-02-08 17:46:00,Card Purchase,3919.05,POS,ATM Terminal,Ibadan,No,Successful,No,24,Female,Ibadan,Everyday,Current,56,57.7,100k-249k,Mobile App,Dormant,No,0.2913,Low,Auto-Approve,2.0.0-week3,2026-09-30T14:43:51.571607+00:00
FT-T008379,FT-C00871,2026-03-04 20:09:00,Card Purchase,147870.14,Web,Android,Ibadan,No,Successful,No,29,Male,Abuja,Everyday,Savings,3,43.0,100k-249k,Web,Active,No,0.2852,Low,Auto-Approve,2.0.0-week3,2026-09-30T14:43:51.571607+00:00
FT-T008578,FT-C00027,2026-03-06 07:59:00,Deposit,7489.47,Mobile App,iOS,Port Harcourt,No,Successful,No,39,Female,Port Harcourt,Everyday,Savings,89,50.5,1m+,Mobile App,Active,No,0.2846,Low,Auto-Approve,2.0.0-week3,2026-09-30T14:43:51.571607+00:00
FT-T007355,FT-C01459,2026-02-25 03:49:00,Card Purchase,354.35,Mobile App,Android,Ibadan,No,Successful,No,27,Male,Lagos,SME,Savings,95,64.3,250k-499k,Web,Active,No,0.3456,Medium,Secondary Verification (SMS/OTP),2.0.0-week3,2026-09-30T14:43:51.571607+00:00
FT-T009716,FT-C00850,2026-03-14 20:50:00,Card Purchase,340.27,Mobile App,Android,Lagos,No,Failed,Yes,57,Female,Kano,Premium,Current,45,38.5,Below 100k,Mobile App,Active,Yes,0.3582,Medium,Secondary Verification (SMS/OTP),2.0.0-week3,2026-09-30T14:43:51.571607+00:00
FT-T011918,FT-C00546,2026-03-31 09:14:00,Deposit,5376.31,Mobile App,Web Browser,Port Harcourt,No,Successful,No,46,Female,Abuja,Everyday,Current,75,67.4,250k-499k,Web,Active,No,0.2724,Low,Auto-Approve,2.0.0-week3,2026-09-30T14:43:51.571607+00:00
FT-T003052,FT-C01206,2026-01-23 21:13:00,Bill Payment,71170.87,Web,Android,Port Harcourt,No,Reversed,No,55,Male,Lagos,Everyday,Savings,60,77.8,Below 100k,Mobile App,Active,No,0.2996,Low,Auto-Approve,2.0.0-week3,2026-09-30T14:43:51.571607+00:00
FT-T001026,FT-C01354,2026-01-08 16:30:00,Bill Payment,3886.07,Mobile App,ATM Terminal,Kaduna,Yes,Successful,Yes,62,Male,Kano,Everyday,Savings,93,90.8,500k-999k,Mobile App,Active,Yes,0.3896,Medium,Secondary Verification (SMS/OTP),2.0.0-week3,2026-09-30T14:43:51.571607+00:00
FT-T001371,FT-C00527,2026-01-11 06:37:00,Transfer,1660.11,Mobile App,Android,Lagos,No,Successful,No,29,Female,Port Harcourt,Everyday,Savings,42,95.1,Below 100k,Mobile App,Active,Yes,0.5555,Medium,Secondary Verification (SMS/OTP),2.0.0-week3,2026-09-30T14:43:51.571607+00:00
FT-T008435,FT-C01103,2026-03-05 06:14:00,Card Purchase,38137.27,POS,Web Browser,Ibadan,No,Successful,No,44,Female,Ibadan,Everyday,Savings,66,72.9,Below 100k,Web,Active,No,0.3488,Medium,Secondary Verification (SMS/OTP),2.0.0-week3,2026-09-30T14:43:51.571607+00:00
FT-T003426,FT-C00713,2026-01-26 16:33:00,Cash Withdrawal,131796.03,Mobile App,iOS,Kano,No,Successful,No,54,Male,Kano,Everyday,Savings,18,56.9,250k-499k,Mobile App,Active,Yes,0.4299,Medium,Secondary Verification (SMS/OTP),2.0.0-week3,2026-09-30T14:43:51.571607+00:00
FT-T002932,FT-C00970,2026-01-22 23:37:00,Transfer,25048.39,POS,Web Browser,Kano,No,Successful,No,26,Female,Ibadan,Premium,Savings,73,81.1,1m+,Mobile App,Active,Yes,0.5015,Medium,Secondary Verification (SMS/OTP),2.0.0-week3,2026-09-30T14:43:51.571607+00:00
FT-T008003,FT-C01173,2026-03-02 00:28:00,Transfer,11727.75,Mobile App,ATM Terminal,Lagos,No,Successful,Yes,59,Female,Lagos,Everyday,Savings,86,85.0,100k-249k,Mobile App,Active,Yes,0.6365,Medium,Secondary Verification (SMS/OTP),2.0.0-week3,2026-09-30T14:43:51.571607+00:00
FT-T001211,FT-C01054,2026-01-10 01:49:00,Deposit,572229.73,Mobile App,ATM Terminal,Ibadan,No,Successful,No,58,Male,Abuja,Everyday,Savings,90,82.5,100k-249k,Mobile App,Dormant,Yes,0.6446,Medium,Secondary Verification (SMS/OTP),2.0.0-week3,2026-09-30T14:43:51.571607+00:00
FT-T006419,FT-C00254,2026-02-18 03:20:00,Transfer,7366.11,POS,Android,Benin City,No,Successful,No,35,Male,Enugu,Everyday,Savings,51,26.5,500k-999k,Mobile App,Active,Yes,0.5339,Medium,Secondary Verification (SMS/OTP),2.0.0-week3,2026-09-30T14:43:51.571607+00:00
FT-T000341,FT-C01068,2026-01-03 13:12:00,Card Purchase,17701.31,USSD,iOS,Lagos,No,Successful,No,59,Female,Port Harcourt,Everyday,Current,38,96.2,Below 100k,USSD,Active,No,0.2904,Low,Auto-Approve,2.0.0-week3,2026-09-30T14:43:51.571607+00:00
FT-T002086,FT-C00289,2026-01-16 15:19:00,Card Purchase,420.22,Web,Android,Enugu,No,Successful,Yes,53,Male,Kano,Everyday,Savings,79,86.8,Below 100k,Mobile App,Active,No,0.2556,Low,Auto-Approve,2.0.0-week3,2026-09-30T14:43:51.571607+00:00
FT-T006674,FT-C01038,2026-02-20 01:14:00,Card Purchase,98426.91,Mobile App,Android,Abuja,No,Successful,No,48,Female,Kano,Everyday,Current,83,75.2,500k-999k,USSD,Active,Yes,0.5488,Medium,Secondary Verification (SMS/OTP),2.0.0-week3,2026-09-30T14:43:51.571607+00:00
FT-T007552,FT-C01216,2026-02-26 15:17:00,Cash Withdrawal,2270.85,Mobile App,Android,Kano,No,Successful,No,41,Male,Lagos,Student,Savings,96,51.9,100k-249k,Mobile App,Active,Yes,0.4019,Medium,Secondary Verification (SMS/OTP),2.0.0-week3,2026-09-30T14:43:51.571607+00:00
FT-T005543,FT-C00772,2026-02-11 13:38:00,Bill Payment,79602.12,Mobile App,POS Terminal,Kano,No,Successful,No,38,Male,Port Harcourt,Student,Savings,64,60.5,1m+,USSD,Active,No,0.3272,Medium,Secondary Verification (SMS/OTP),2.0.0-week3,2026-09-30T14:43:51.571607+00:00
FT-T001436,FT-C00777,2026-01-11 18:19:00,Airtime/Data,2262.13,Mobile App,Android,Abuja,Yes,Successful,Yes,62,Male,Lagos,Everyday,Current,42,34.9,500k-999k,Mobile App,Active,Yes,0.416,Medium,Secondary Verification (SMS/OTP),2.0.0-week3,2026-09-30T14:43:51.571607+00:00
FT-T011975,FT-C00913,2026-03-31 19:29:00,Deposit,2379.32,Mobile App,Android,Ibadan,No,Successful,No,62,Female,Port Harcourt,Premium,Savings,50,64.5,250k-499k,USSD,Active,No,0.3409,Medium,Secondary Verification (SMS/OTP),2.0.0-week3,2026-09-30T14:43:51.571607+00:00
FT-T001099,FT-C00168,2026-01-09 05:39:00,Transfer,1131.79,ATM,Android,,No,Successful,No,59,Female,Lagos,Everyday,Savings,71,64.0,500k-999k,Mobile App,Active,Yes,0.5354,Medium,Secondary Verification (SMS/OTP),2.0.0-week3,2026-09-30T14:43:51.571607+00:00
FT-T005499,FT-C00824,2026-02-11 05:43:00,Transfer,1062.33,Mobile App,Android,Kaduna,No,Successful,Yes,22,Male,Port Harcourt,Premium,Current,19,92.4,100k-249k,Mobile App,Active,Yes,0.6256,Medium,Secondary Verification (SMS/OTP),2.0.0-week3,2026-09-30T14:43:51.571607+00:00
FT-T008475,FT-C00103,2026-03-05 13:26:00,Cash Withdrawal,2652.74,ATM,iOS,Lagos,No,Successful,No,41,Female,Lagos,Premium,Current,17,59.8,250k-499k,Mobile App,Active,Yes,0.4474,Medium,Secondary Verification (SMS/OTP),2.0.0-week3,2026-09-30T14:43:51.571607+00:00
FT-T002515,FT-C00229,2026-01-19 20:33:00,Airtime/Data,20688.58,Web,ATM Terminal,Port Harcourt,No,Successful,No,51,Male,Benin City,Everyday,Savings,68,51.2,Below 100k,Mobile App,Active,Yes,0.3541,Medium,Secondary Verification (SMS/OTP),2.0.0-week3,2026-09-30T14:43:51.571607+00:00
FT-T000272,FT-C00433,2026-01-03 00:47:00,Transfer,1231.54,ATM,Android,Kaduna,No,Successful,Yes,52,Male,Benin City,SME,Premium,46,80.6,100k-249k,Mobile App,Active,Yes,0.614,Medium,Secondary Verification (SMS/OTP),2.0.0-week3,2026-09-30T14:43:51.571607+00:00
FT-T011773,FT-C00558,2026-03-30 07:08:00,Airtime/Data,2864.32,Mobile App,Android,Ibadan,No,Successful,No,53,Male,Lagos,Everyday,Savings,92,73.9,100k-249k,Mobile App,Active,No,0.3063,Medium,Secondary Verification (SMS/OTP),2.0.0-week3,2026-09-30T14:43:51.571607+00:00
FT-T008790,FT-C00189,2026-03-07 22:09:00,Bill Payment,3398.55,Mobile App,Web Browser,Abuja,No,Successful,No,25,Male,Ibadan,Everyday,Current,95,97.6,500k-999k,Mobile App,Active,No,0.26,Low,Auto-Approve,2.0.0-week3,2026-09-30T14:43:51.571607+00:00
FT-T001622,FT-C01378,2026-01-13 03:48:00,Cash Withdrawal,3772.7,Mobile App,POS Terminal,Kaduna,No,Successful,No,54,Male,Kano,Premium,Premium,61,66.1,250k-499k,Mobile App,Active,Yes,0.5782,Medium,Secondary Verification (SMS/OTP),2.0.0-week3,2026-09-30T14:43:51.571607+00:00
FT-T001411,FT-C00559,2026-01-11 13:49:00,Transfer,18878.44,Mobile App,iOS,Kano,No,Successful,No,35,Female,Kano,SME,Savings,53,56.9,100k-249k,Mobile App,Active,Yes,0.4889,Medium,Secondary Verification (SMS/OTP),2.0.0-week3,2026-09-30T14:43:51.571607+00:00
FT-T006246,FT-C00685,2026-02-16 20:11:00,Cash Withdrawal,211879.88,Mobile App,ATM Terminal,Enugu,No,Successful,Yes,37,Male,Lagos,SME,Current,10,60.7,250k-499k,Mobile App,Active,Yes,0.5887,Medium,Secondary Verification (SMS/OTP),2.0.0-week3,2026-09-30T14:43:51.571607+00:00
FT-T002453,FT-C01127,2026-01-19 09:23:00,Transfer,5249.41,USSD,POS Terminal,Kaduna,No,Successful,No,25,Male,Abuja,SME,Savings,48,64.3,100k-249k,USSD,Active,Yes,0.5271,Medium,Secondary Verification (SMS/OTP),2.0.0-week3,2026-09-30T14:43:51.571607+00:00
FT-T011589,FT-C00944,2026-03-28 22:00:00,Cash Withdrawal,185743.28,Mobile App,Android,Abuja,No,Failed,Yes,64,Prefer not to say,Abuja,Everyday,Savings,87,58.2,250k-499k,Mobile App,Active,Yes,0.6209,Medium,Secondary Verification (SMS/OTP),2.0.0-week3,2026-09-30T14:43:51.571607+00:00
FT-T009120,FT-C00623,2026-03-10 09:33:00,Airtime/Data,490.28,USSD,iOS,Ibadan,No,Failed,Yes,30,Male,Benin City,Premium,Savings,1,79.0,100k-249k,Mobile App,Active,No,0.2893,Low,Auto-Approve,2.0.0-week3,2026-09-30T14:43:51.571607+00:00
FT-T002949,FT-C01416,2026-01-23 02:41:00,Transfer,1176.76,Mobile App,POS Terminal,Benin City,No,Successful,No,51,Female,Abuja,Everyday,Savings,39,71.6,100k-249k,Mobile App,Active,Yes,0.5923,Medium,Secondary Verification (SMS/OTP),2.0.0-week3,2026-09-30T14:43:51.571607+00:00
FT-T005556,FT-C00794,2026-02-11 15:58:00,Transfer,3134.39,ATM,Web Browser,Enugu,No,Successful,No,22,Female,Ibadan,Student,Savings,82,81.8,250k-499k,Web,Active,Yes,0.4837,Medium,Secondary Verification (SMS/OTP),2.0.0-week3,2026-09-30T14:43:51.571607+00:00
FT-T007450,FT-C00413,2026-02-25 20:55:00,Airtime/Data,1126.04,Web,iOS,Port Harcourt,No,Successful,No,42,Female,Port Harcourt,Premium,Current,73,52.1,Below 100k,Web,Active,No,0.2859,Low,Auto-Approve,2.0.0-week3,2026-09-30T14:43:51.571607+00:00
FT-T009321,FT-C00856,2026-03-11 21:44:00,Card Purchase,26349.66,ATM,iOS,Kaduna,No,Successful,No,44,Female,Kano,Student,Savings,76,93.9,100k-249k,USSD,Active,No,0.3123,Medium,Secondary Verification (SMS/OTP),2.0.0-week3,2026-09-30T14:43:51.571607+00:00
FT-T005633,FT-C00189,2026-02-12 05:50:00,Bill Payment,1899.92,ATM,ATM Terminal,Ibadan,No,Successful,No,25,Male,Ibadan,Everyday,Current,95,97.6,500k-999k,Mobile App,Active,Yes,0.382,Medium,Secondary Verification (SMS/OTP),2.0.0-week3,2026-09-30T14:43:51.571607+00:00
FT-T008808,FT-C00183,2026-03-08 01:23:00,Transfer,836.69,Web,iOS,Kano,No,Successful,No,44,Female,Lagos,Everyday,Savings,6,67.8,100k-249k,Mobile App,Active,Yes,0.5169,Medium,Secondary Verification (SMS/OTP),2.0.0-week3,2026-09-30T14:43:51.571607+00:00
FT-T002673,FT-C00281,2026-01-21 01:00:00,Transfer,235616.83,Mobile App,POS Terminal,Port Harcourt,No,Failed,Yes,33,Male,Kaduna,Everyday,Savings,27,34.5,100k-249k,Web,Active,Yes,0.6313,Medium,Secondary Verification (SMS/OTP),2.0.0-week3,2026-09-30T14:43:51.571607+00:00
FT-T003526,FT-C00970,2026-01-27 10:33:00,Cash Withdrawal,3076.47,POS,Web Browser,Kano,No,Successful,No,26,Female,Ibadan,Premium,Savings,73,81.1,1m+,Mobile App,Active,Yes,0.4951,Medium,Secondary Verification (SMS/OTP),2.0.0-week3,2026-09-30T14:43:51.571607+00:00
FT-T002045,FT-C00232,2026-01-16 07:57:00,Transfer,2716.53,POS,Android,Enugu,No,Failed,Yes,28,Male,Kano,Premium,Savings,93,86.4,100k-249k,Mobile App,Restricted,Yes,0.4827,Medium,Secondary Verification (SMS/OTP),2.0.0-week3,2026-09-30T14:43:51.571607+00:00
FT-T009575,FT-C00951,2026-03-13 19:27:00,Bill Payment,1066.79,ATM,iOS,Benin City,No,Successful,No,54,Male,Abuja,Student,Current,86,79.7,1m+,Web,Active,No,0.2443,Low,Auto-Approve,2.0.0-week3,2026-09-30T14:43:51.571607+00:00
FT-T006368,FT-C00069,2026-02-17 18:09:00,Bill Payment,49015.63,Mobile App,Android,Kano,No,Successful,No,43,Male,Port Harcourt,Premium,Savings,72,59.2,250k-499k,Mobile App,Active,No,0.3138,Medium,Secondary Verification (SMS/OTP),2.0.0-week3,2026-09-30T14:43:51.571607+00:00
FT-T011302,FT-C00789,2026-03-26 18:20:00,Transfer,167095.45,Mobile App,Android,Lagos,No,Successful,Yes,51,Female,Enugu,Everyday,Current,94,49.7,Below 100k,Mobile App,Active,Yes,0.5444,Medium,Secondary Verification (SMS/OTP),2.0.0-week3,2026-09-30T14:43:51.571607+00:00
FT-T002461,FT-C00280,2026-01-19 10:50:00,Cash Withdrawal,46188.21,Mobile App,iOS,Kano,No,Successful,Yes,65,Female,Abuja,Premium,Savings,41,34.9,100k-249k,USSD,Active,Yes,0.4198,Medium,Secondary Verification (SMS/OTP),2.0.0-week3,2026-09-30T14:43:51.571607+00:00
FT-T002880,FT-C01093,2026-01-22 14:15:00,Cash Withdrawal,144346.38,POS,Android,Kano,No,Failed,No,20,Male,Kano,Everyday,Savings,14,99.2,500k-999k,Web,Active,Yes,0.4868,Medium,Secondary Verification (SMS/OTP),2.0.0-week3,2026-09-30T14:43:51.571607+00:00
FT-T004747,FT-C00530,2026-02-05 14:21:00,Airtime/Data,913.64,Web,Web Browser,Abuja,Yes,Successful,No,19,Male,Port Harcourt,Student,Savings,81,47.4,500k-999k,Web,Active,Yes,0.4972,Medium,Secondary Verification (SMS/OTP),2.0.0-week3,2026-09-30T14:43:51.571607+00:00
FT-T009006,FT-C01139,2026-03-09 13:02:00,Airtime/Data,1193.44,Web,ATM Terminal,Abuja,No,Successful,No,43,Male,Ibadan,Everyday,Savings,57,72.7,1m+,Mobile App,Active,Yes,0.383,Medium,Secondary Verification (SMS/OTP),2.0.0-week3,2026-09-30T14:43:51.571607+00:00
FT-T002286,FT-C00531,2026-01-18 03:20:00,Deposit,2228.65,Web,POS Terminal,Enugu,No,Successful,No,52,Male,Ibadan,Student,Current,88,47.4,500k-999k,Mobile App,Active,Yes,0.4319,Medium,Secondary Verification (SMS/OTP),2.0.0-week3,2026-09-30T14:43:51.571607+00:00
FT-T005002,FT-C00506,2026-02-07 12:15:00,Transfer,29526.16,ATM,POS Terminal,Abuja,No,Successful,No,45,Male,Lagos,Everyday,Current,63,82.5,Below 100k,Mobile App,Active,Yes,0.4534,Medium,Secondary Verification (SMS/OTP),2.0.0-week3,2026-09-30T14:43:51.571607+00:00
FT-T007751,FT-C01168,2026-02-28 03:06:00,Cash Withdrawal,11815.34,Web,ATM Terminal,Kano,No,Reversed,Yes,65,Male,Lagos,Premium,Savings,7,57.8,500k-999k,Mobile App,Dormant,Yes,0.5015,Medium,Secondary Verification (SMS/OTP),2.0.0-week3,2026-09-30T14:43:51.571607+00:00
FT-T006471,FT-C00340,2026-02-18 12:41:00,Transfer,3050.92,Mobile App,Android,Abuja,No,Successful,No,36,Male,Kano,Student,Current,62,76.7,250k-499k,Mobile App,Active,Yes,0.4876,Medium,Secondary Verification (SMS/OTP),2.0.0-week3,2026-09-30T14:43:51.571607+00:00
FT-T011838,FT-C00902,2026-03-30 18:50:00,Cash Withdrawal,123990.35,Web,iOS,Lagos,No,Successful,No,19,Female,Lagos,Premium,Current,91,66.3,250k-499k,Mobile App,Active,Yes,0.3732,Medium,Secondary Verification (SMS/OTP),2.0.0-week3,2026-09-30T14:43:51.571607+00:00
FT-T003698,FT-C01069,2026-01-28 17:30:00,Deposit,80483.73,Mobile App,iOS,Lagos,Yes,Successful,No,42,Female,Kano,Everyday,Current,48,69.4,500k-999k,Web,Active,Yes,0.4602,Medium,Secondary Verification (SMS/OTP),2.0.0-week3,2026-09-30T14:43:51.571607+00:00
FT-T001226,FT-C00232,2026-01-10 04:31:00,Card Purchase,5196.4,POS,iOS,Benin City,No,Successful,No,28,Male,Kano,Premium,Savings,93,86.4,100k-249k,Mobile App,Restricted,Yes,0.4176,Medium,Secondary Verification (SMS/OTP),2.0.0-week3,2026-09-30T14:43:51.571607+00:00
FT-T004805,FT-C01296,2026-02-06 00:47:00,Airtime/Data,111.86,POS,Android,Port Harcourt,No,Successful,Yes,49,Male,Enugu,Everyday,Current,22,51.4,250k-499k,Web,Active,Yes,0.4297,Medium,Secondary Verification (SMS/OTP),2.0.0-week3,2026-09-30T14:43:51.571607+00:00
FT-T008760,FT-C00940,2026-03-07 16:45:00,Card Purchase,782.67,POS,Android,Kano,No,Successful,No,53,Male,Abuja,Everyday,Savings,55,67.2,250k-499k,Web,Active,No,0.2477,Low,Auto-Approve,2.0.0-week3,2026-09-30T14:43:51.571607+00:00
FT-T003079,FT-C00744,2026-01-24 02:05:00,Card Purchase,4214.52,Mobile App,iOS,Lagos,No,Successful,No,38,Male,Enugu,Everyday,Savings,82,100.0,Below 100k,Mobile App,Active,Yes,0.4301,Medium,Secondary Verification (SMS/OTP),2.0.0-week3,2026-09-30T14:43:51.571607+00:00
FT-T008031,FT-C00897,2026-03-02 05:31:00,Transfer,11447.0,Mobile App,iOS,Port Harcourt,No,Successful,No,43,Female,Enugu,Premium,Premium,29,65.9,100k-249k,USSD,Active,Yes,0.5798,Medium,Secondary Verification (SMS/OTP),2.0.0-week3,2026-09-30T14:43:51.571607+00:00
FT-T008698,FT-C00841,2026-03-07 05:35:00,Airtime/Data,20781.79,POS,Android,Enugu,No,Successful,No,28,Female,Kano,Student,Savings,19,57.3,Below 100k,Mobile App,Active,Yes,0.4757,Medium,Secondary Verification (SMS/OTP),2.0.0-week3,2026-09-30T14:43:51.571607+00:00
FT-T011203,FT-C00746,2026-03-26 00:31:00,Card Purchase,4045.33,USSD,iOS,Kano,No,Successful,No,42,Male,Kano,SME,Premium,31,72.4,100k-249k,Web,Active,Yes,0.4352,Medium,Secondary Verification (SMS/OTP),2.0.0-week3,2026-09-30T14:43:51.571607+00:00
FT-T001261,FT-C01438,2026-01-10 10:49:00,Deposit,41009.93,Web,Web Browser,Enugu,No,Successful,No,34,Female,Benin City,Everyday,Premium,41,73.2,250k-499k,Mobile App,Active,No,0.3321,Medium,Secondary Verification (SMS/OTP),2.0.0-week3,2026-09-30T14:43:51.571607+00:00
FT-T000944,FT-C01257,2026-01-08 01:45:00,Card Purchase,16176.88,ATM,Android,Abuja,Yes,Successful,Yes,45,Female,Port Harcourt,Everyday,Savings,7,67.5,500k-999k,Mobile App,Active,Yes,0.7181,High,Immediate Review / Payment Hold,2.0.0-week3,2026-09-30T14:43:51.571607+00:00
FT-T009619,FT-C00718,2026-03-14 03:23:00,Transfer,1710.96,POS,iOS,Port Harcourt,No,Successful,No,26,Female,Enugu,Student,Savings,69,93.2,500k-999k,Mobile App,Active,Yes,0.5978,Medium,Secondary Verification (SMS/OTP),2.0.0-week3,2026-09-30T14:43:51.571607+00:00
FT-T004198,FT-C00971,2026-02-01 11:31:00,Cash Withdrawal,151334.75,POS,iOS,Ibadan,No,Successful,No,20,Male,Port Harcourt,Premium,Savings,6,68.7,500k-999k,Mobile App,Active,Yes,0.4297,Medium,Secondary Verification (SMS/OTP),2.0.0-week3,2026-09-30T14:43:51.571607+00:00
FT-T000231,FT-C00120,2026-01-02 17:24:00,Transfer,6305.72,POS,iOS,Kano,No,Successful,No,50,Male,Kaduna,Premium,Savings,79,53.9,250k-499k,USSD,Active,Yes,0.4787,Medium,Secondary Verification (SMS/OTP),2.0.0-week3,2026-09-30T14:43:51.571607+00:00
FT-T009730,FT-C00722,2026-03-14 23:21:00,Deposit,528187.6,USSD,ATM Terminal,Kano,No,Successful,No,45,Female,Lagos,Student,Savings,52,77.6,1m+,Web,Active,Yes,0.4966,Medium,Secondary Verification (SMS/OTP),2.0.0-week3,2026-09-30T14:43:51.571607+00:00
FT-T010442,FT-C00884,2026-03-20 07:32:00,Card Purchase,6988.58,Mobile App,Android,Enugu,No,Failed,No,47,Male,Abuja,Student,Savings,80,36.3,100k-249k,Mobile App,Dormant,Yes,0.412,Medium,Secondary Verification (SMS/OTP),2.0.0-week3,2026-09-30T14:43:51.571607+00:00
FT-T006387,FT-C00801,2026-02-17 21:34:00,Deposit,596459.36,ATM,iOS,Benin City,No,Successful,Yes,32,Male,Port Harcourt,Everyday,Savings,37,60.2,250k-499k,USSD,Active,Yes,0.4101,Medium,Secondary Verification (SMS/OTP),2.0.0-week3,2026-09-30T14:43:51.571607+00:00
FT-T005744,FT-C00286,2026-02-13 01:49:00,Card Purchase,6178.79,Mobile App,Android,Ibadan,No,Successful,No,41,Male,Lagos,Everyday,Current,71,49.2,100k-249k,Mobile App,Active,Yes,0.4345,Medium,Secondary Verification (SMS/OTP),2.0.0-week3,2026-09-30T14:43:51.571607+00:00
FT-T011236,FT-C01416,2026-03-26 06:28:00,Transfer,35400.81,Mobile App,Android,Ibadan,No,Successful,No,51,Female,Abuja,Everyday,Savings,39,71.6,100k-249k,Mobile App,Active,Yes,0.5079,Medium,Secondary Verification (SMS/OTP),2.0.0-week3,2026-09-30T14:43:51.571607+00:00
FT-T001187,FT-C01375,2026-01-09 21:29:00,Card Purchase,1279.73,Mobile App,iOS,Kano,No,Successful,No,55,Female,Kaduna,Premium,Savings,19,59.1,250k-499k,Mobile App,Active,No,0.3152,Medium,Secondary Verification (SMS/OTP),2.0.0-week3,2026-09-30T14:43:51.571607+00:00
FT-T011697,FT-C01439,2026-03-29 17:27:00,Card Purchase,6221.57,Mobile App,Android,Abuja,Yes,Successful,No,18,Female,Kano,Student,Premium,77,77.1,Below 100k,Mobile App,Active,Yes,0.4014,Medium,Secondary Verification (SMS/OTP),2.0.0-week3,2026-09-30T14:43:51.571607+00:00
FT-T010884,FT-C00777,2026-03-23 15:06:00,Bill Payment,8445.18,Mobile App,Web Browser,Enugu,No,Successful,No,62,Male,Lagos,Everyday,Current,42,34.9,500k-999k,Mobile App,Active,No,0.267,Low,Auto-Approve,2.0.0-week3,2026-09-30T14:43:51.571607+00:00
FT-T010253,FT-C01188,2026-03-18 21:30:00,Transfer,61946.33,Mobile App,ATM Terminal,Enugu,No,Successful,No,43,Male,Port Harcourt,Premium,Savings,57,76.9,250k-499k,Mobile App,Active,Yes,0.4767,Medium,Secondary Verification (SMS/OTP),2.0.0-week3,2026-09-30T14:43:51.571607+00:00
FT-T001682,FT-C01016,2026-01-13 14:36:00,Bill Payment,938.88,POS,POS Terminal,Abuja,No,Successful,No,23,Female,Kaduna,Everyday,Current,3,50.7,Below 100k,USSD,Active,No,0.3086,Medium,Secondary Verification (SMS/OTP),2.0.0-week3,2026-09-30T14:43:51.571607+00:00
FT-T005712,FT-C01127,2026-02-12 20:03:00,Deposit,6977.16,POS,Web Browser,Ibadan,Yes,Failed,No,25,Male,Abuja,SME,Savings,48,64.3,100k-249k,USSD,Active,Yes,0.3862,Medium,Secondary Verification (SMS/OTP),2.0.0-week3,2026-09-30T14:43:51.571607+00:00
FT-T007210,FT-C00924,2026-02-24 01:43:00,Cash Withdrawal,2887.36,Mobile App,POS Terminal,Port Harcourt,No,Successful,Yes,56,Female,Kaduna,Premium,Savings,46,100.0,100k-249k,Web,Active,Yes,0.5023,Medium,Secondary Verification (SMS/OTP),2.0.0-week3,2026-09-30T14:43:51.571607+00:00
FT-T010165,FT-C00533,2026-03-18 05:40:00,Bill Payment,76353.19,ATM,Android,Kaduna,No,Successful,No,34,Female,Port Harcourt,SME,Current,30,68.8,Below 100k,Mobile App,Dormant,Yes,0.4027,Medium,Secondary Verification (SMS/OTP),2.0.0-week3,2026-09-30T14:43:51.571607+00:00
FT-T010163,FT-C01077,2026-03-18 05:18:00,Airtime/Data,12620.62,Mobile App,Android,Ibadan,No,Successful,No,55,Male,Lagos,SME,Savings,86,72.6,Below 100k,Mobile App,Active,Yes,0.4815,Medium,Secondary Verification (SMS/OTP),2.0.0-week3,2026-09-30T14:43:51.571607+00:00
FT-T007881,FT-C01008,2026-03-01 02:31:00,Card Purchase,24497.56,Mobile App,iOS,Kano,No,Successful,No,55,Female,Lagos,Premium,Savings,60,68.0,100k-249k,Mobile App,Active,Yes,0.5275,Medium,Secondary Verification (SMS/OTP),2.0.0-week3,2026-09-30T14:43:51.571607+00:00
FT-T006489,FT-C01245,2026-02-18 15:56:00,Transfer,504.01,POS,Android,Abuja,No,Successful,No,46,Male,Port Harcourt,Premium,Savings,62,90.8,500k-999k,Web,Active,Yes,0.5196,Medium,Secondary Verification (SMS/OTP),2.0.0-week3,2026-09-30T14:43:51.571607+00:00
FT-T008655,FT-C00774,2026-03-06 21:50:00,Card Purchase,347.98,POS,Android,Port Harcourt,No,Successful,No,26,Male,Abuja,SME,Current,39,34.3,Below 100k,Mobile App,Dormant,No,0.1543,Low,Auto-Approve,2.0.0-week3,2026-09-30T14:43:51.571607+00:00
FT-T007733,FT-C00946,2026-02-27 23:52:00,Card Purchase,3907.52,Mobile App,iOS,Lagos,No,Successful,No,57,Male,Lagos,Student,Current,73,64.0,500k-999k,Mobile App,Active,No,0.2289,Low,Auto-Approve,2.0.0-week3,2026-09-30T14:43:51.571607+00:00
FT-T010239,FT-C01314,2026-03-18 18:59:00,Transfer,172974.12,Web,Android,Kano,No,Successful,No,65,Female,Ibadan,Everyday,Current,35,73.6,500k-999k,Mobile App,Active,Yes,0.6137,Medium,Secondary Verification (SMS/OTP),2.0.0-week3,2026-09-30T14:43:51.571607+00:00
FT-T006450,FT-C00196,2026-02-18 08:54:00,Cash Withdrawal,95198.04,Mobile App,POS Terminal,Port Harcourt,No,Successful,No,41,Male,Port Harcourt,Premium,Savings,6,82.6,250k-499k,USSD,Active,Yes,0.398,Medium,Secondary Verification (SMS/OTP),2.0.0-week3,2026-09-30T14:43:51.571607+00:00
FT-T002496,FT-C00545,2026-01-19 17:08:00,Card Purchase,8319.23,Web,iOS,Abuja,No,Successful,No,28,Female,Port Harcourt,Everyday,Premium,50,81.8,Below 100k,Web,Active,No,0.2659,Low,Auto-Approve,2.0.0-week3,2026-09-30T14:43:51.571607+00:00
FT-T008826,FT-C00544,2026-03-08 04:37:00,Card Purchase,144970.26,Mobile App,iOS,Lagos,No,Successful,Yes,62,Male,Abuja,SME,Savings,2,79.1,100k-249k,USSD,Active,Yes,0.4099,Medium,Secondary Verification (SMS/OTP),2.0.0-week3,2026-09-30T14:43:51.571607+00:00
FT-T003861,FT-C01423,2026-01-29 22:51:00,Bill Payment,8697.97,POS,Android,Kaduna,No,Successful,No,64,Male,Lagos,Everyday,Savings,30,100.0,100k-249k,Mobile App,Active,No,0.292,Low,Auto-Approve,2.0.0-week3,2026-09-30T14:43:51.571607+00:00
FT-T011453,FT-C00749,2026-03-27 21:31:00,Deposit,7871.37,USSD,POS Terminal,Ibadan,No,Successful,No,30,Female,Ibadan,Everyday,Savings,65,82.9,500k-999k,USSD,Active,Yes,0.3573,Medium,Secondary Verification (SMS/OTP),2.0.0-week3,2026-09-30T14:43:51.571607+00:00
FT-T000064,FT-C01348,2026-01-01 11:20:00,Deposit,14874.63,ATM,iOS,Kaduna,No,Successful,No,34,Female,Port Harcourt,Everyday,Current,96,68.7,100k-249k,Mobile App,Active,No,0.26,Low,Auto-Approve,2.0.0-week3,2026-09-30T14:43:51.571607+00:00
FT-T010672,FT-C01129,2026-03-22 00:56:00,Bill Payment,17082.91,ATM,Android,Port Harcourt,No,Successful,No,46,Female,Abuja,Student,Savings,13,87.8,250k-499k,Web,Active,Yes,0.4283,Medium,Secondary Verification (SMS/OTP),2.0.0-week3,2026-09-30T14:43:51.571607+00:00
FT-T006618,FT-C00690,2026-02-19 15:09:00,Card Purchase,1301.13,Mobile App,POS Terminal,Enugu,No,Successful,No,32,Female,Abuja,SME,Premium,77,73.6,250k-499k,USSD,Active,No,0.2716,Low,Auto-Approve,2.0.0-week3,2026-09-30T14:43:51.571607+00:00
FT-T011346,FT-C00373,2026-03-27 02:16:00,Card Purchase,7282.55,POS,iOS,Abuja,No,Successful,No,64,Female,Lagos,Everyday,Current,30,67.3,100k-249k,Mobile App,Active,Yes,0.388,Medium,Secondary Verification (SMS/OTP),2.0.0-week3,2026-09-30T14:43:51.571607+00:00
FT-T000376,FT-C00862,2026-01-03 19:30:00,Card Purchase,494.75,POS,POS Terminal,Abuja,No,Reversed,No,35,Male,Enugu,Everyday,Savings,80,69.5,250k-499k,USSD,Dormant,No,0.2772,Low,Auto-Approve,2.0.0-week3,2026-09-30T14:43:51.571607+00:00
FT-T005636,FT-C00395,2026-02-12 06:23:00,Transfer,3059.97,ATM,Android,Port Harcourt,Yes,Successful,Yes,24,Female,Ibadan,Everyday,Current,56,57.7,100k-249k,Mobile App,Dormant,Yes,0.5502,Medium,Secondary Verification (SMS/OTP),2.0.0-week3,2026-09-30T14:43:51.571607+00:00
FT-T005293,FT-C01025,2026-02-09 16:38:00,Card Purchase,369.81,ATM,iOS,Enugu,No,Successful,No,19,Male,Kano,Everyday,Current,77,42.8,250k-499k,Mobile App,Active,No,0.1821,Low,Auto-Approve,2.0.0-week3,2026-09-30T14:43:51.571607+00:00
FT-T010757,FT-C00617,2026-03-22 16:14:00,Transfer,14928.15,POS,POS Terminal,Benin City,No,Successful,Yes,27,Female,Abuja,Everyday,Savings,1,56.1,100k-249k,Mobile App,Active,Yes,0.5084,Medium,Secondary Verification (SMS/OTP),2.0.0-week3,2026-09-30T14:43:51.571607+00:00
FT-T008098,FT-C00508,2026-03-02 17:34:00,Transfer,3528.57,Mobile App,iOS,Kaduna,No,Successful,No,44,Male,Kano,Student,Premium,65,57.9,250k-499k,Web,Active,Yes,0.462,Medium,Secondary Verification (SMS/OTP),2.0.0-week3,2026-09-30T14:43:51.571607+00:00
FT-T004442,FT-C01246,2026-02-03 07:26:00,Deposit,9061.08,Mobile App,iOS,Enugu,Yes,Successful,Yes,62,Female,Abuja,Premium,Savings,35,75.7,500k-999k,Mobile App,Dormant,Yes,0.4672,Medium,Secondary Verification (SMS/OTP),2.0.0-week3,2026-09-30T14:43:51.571607+00:00
FT-T003866,FT-C01034,2026-01-29 23:45:00,Card Purchase,105272.43,POS,POS Terminal,Enugu,No,Successful,No,41,Female,Enugu,Student,Savings,47,58.4,Below 100k,Mobile App,Active,No,0.3098,Medium,Secondary Verification (SMS/OTP),2.0.0-week3,2026-09-30T14:43:51.571607+00:00
FT-T008677,FT-C01455,2026-03-07 01:48:00,Transfer,87638.57,Web,iOS,Enugu,No,Successful,No,36,Female,Lagos,Everyday,Savings,61,58.2,Below 100k,Mobile App,Active,Yes,0.5366,Medium,Secondary Verification (SMS/OTP),2.0.0-week3,2026-09-30T14:43:51.571607+00:00
FT-T009952,FT-C00669,2026-03-16 15:19:00,Bill Payment,6684.12,Web,iOS,Kano,No,Successful,No,50,Male,Kano,Everyday,Premium,12,68.8,100k-249k,Mobile App,Active,No,0.2572,Low,Auto-Approve,2.0.0-week3,2026-09-30T14:43:51.571607+00:00
FT-T005604,FT-C01462,2026-02-12 00:37:00,Deposit,146921.17,ATM,Web Browser,Enugu,No,Successful,Yes,33,Female,Lagos,Everyday,Premium,86,100.0,100k-249k,USSD,Active,Yes,0.423,Medium,Secondary Verification (SMS/OTP),2.0.0-week3,2026-09-30T14:43:51.571607+00:00
FT-T004326,FT-C00153,2026-02-02 10:33:00,Cash Withdrawal,9201.41,POS,Android,Abuja,No,Successful,No,47,Female,Ibadan,Premium,Savings,22,73.7,250k-499k,Web,Active,Yes,0.458,Medium,Secondary Verification (SMS/OTP),2.0.0-week3,2026-09-30T14:43:51.571607+00:00
FT-T005510,FT-C00834,2026-02-11 07:42:00,Transfer,865.89,POS,POS Terminal,Ibadan,No,Successful,No,51,Prefer not to say,Abuja,Premium,Premium,68,80.9,100k-249k,Mobile App,Active,Yes,0.5222,Medium,Secondary Verification (SMS/OTP),2.0.0-week3,2026-09-30T14:43:51.571607+00:00
FT-T007407,FT-C01388,2026-02-25 13:11:00,Transfer,1570.3,Mobile App,POS Terminal,Kano,No,Successful,No,23,Prefer not to say,Benin City,Everyday,Savings,17,52.5,250k-499k,Mobile App,Active,Yes,0.5514,Medium,Secondary Verification (SMS/OTP),2.0.0-week3,2026-09-30T14:43:51.571607+00:00
FT-T011816,FT-C00721,2026-03-30 14:52:00,Transfer,12923.89,Web,Web Browser,Benin City,No,Successful,No,30,Female,Kano,Everyday,Savings,79,100.0,250k-499k,Mobile App,Active,Yes,0.4408,Medium,Secondary Verification (SMS/OTP),2.0.0-week3,2026-09-30T14:43:51.571607+00:00
FT-T007481,FT-C01239,2026-02-26 02:30:00,Bill Payment,6137.38,USSD,Web Browser,Ibadan,No,Successful,No,30,Female,Lagos,Everyday,Savings,3,62.2,250k-499k,Mobile App,Active,Yes,0.4542,Medium,Secondary Verification (SMS/OTP),2.0.0-week3,2026-09-30T14:43:51.571607+00:00
FT-T004756,FT-C00573,2026-02-05 15:58:00,Transfer,9521.57,Web,Android,Ibadan,No,Successful,No,34,Male,Ibadan,Premium,Savings,69,87.7,Below 100k,Mobile App,Restricted,Yes,0.5429,Medium,Secondary Verification (SMS/OTP),2.0.0-week3,2026-09-30T14:43:51.571607+00:00
FT-T002822,FT-C01496,2026-01-22 03:49:00,Transfer,16775.75,Mobile App,POS Terminal,Kano,No,Successful,No,24,Male,Lagos,Everyday,Savings,35,76.0,250k-499k,Mobile App,Active,Yes,0.6437,Medium,Secondary Verification (SMS/OTP),2.0.0-week3,2026-09-30T14:43:51.571607+00:00
FT-T011314,FT-C01448,2026-03-26 20:30:00,Card Purchase,1839.79,Mobile App,Android,Port Harcourt,No,Successful,No,54,Male,Lagos,Everyday,Savings,84,57.2,500k-999k,Mobile App,Active,No,0.2854,Low,Auto-Approve,2.0.0-week3,2026-09-30T14:43:51.571607+00:00
FT-T010999,FT-C00787,2026-03-24 11:48:00,Transfer,10311.94,Mobile App,Web Browser,Ibadan,No,Successful,No,56,Male,Lagos,Everyday,Premium,89,77.4,Below 100k,Mobile App,Dormant,Yes,0.4715,Medium,Secondary Verification (SMS/OTP),2.0.0-week3,2026-09-30T14:43:51.571607+00:00
FT-T009796,FT-C01070,2026-03-15 11:14:00,Cash Withdrawal,152604.38,Mobile App,iOS,Abuja,No,Successful,No,35,Female,Port Harcourt,Student,Savings,55,48.5,250k-499k,USSD,Active,Yes,0.4656,Medium,Secondary Verification (SMS/OTP),2.0.0-week3,2026-09-30T14:43:51.571607+00:00
FT-T009966,FT-C00498,2026-03-16 17:50:00,Airtime/Data,2251.43,Mobile App,Android,Lagos,No,Successful,No,18,Female,Lagos,Premium,Savings,85,49.7,100k-249k,Web,Active,Yes,0.3828,Medium,Secondary Verification (SMS/OTP),2.0.0-week3,2026-09-30T14:43:51.571607+00:00
FT-T004807,FT-C00111,2026-02-06 01:09:00,Transfer,128391.84,ATM,Web Browser,Enugu,No,Successful,Yes,59,Male,Enugu,Everyday,Savings,38,81.8,500k-999k,Mobile App,Active,Yes,0.5622,Medium,Secondary Verification (SMS/OTP),2.0.0-week3,2026-09-30T14:43:51.571607+00:00
FT-T004853,FT-C01409,2026-02-06 09:25:00,Deposit,21299.01,ATM,Android,Lagos,No,Successful,No,28,Female,Enugu,Everyday,Savings,71,52.7,Below 100k,Mobile App,Active,No,0.3118,Medium,Secondary Verification (SMS/OTP),2.0.0-week3,2026-09-30T14:43:51.571607+00:00
FT-T005072,FT-C00310,2026-02-08 00:51:00,Airtime/Data,1303.57,POS,iOS,Enugu,Yes,Successful,No,31,Male,Lagos,Everyday,Savings,60,49.1,1m+,Web,Active,Yes,0.5006,Medium,Secondary Verification (SMS/OTP),2.0.0-week3,2026-09-30T14:43:51.571607+00:00
FT-T007241,FT-C01101,2026-02-24 07:18:00,Bill Payment,6596.03,Web,Web Browser,Enugu,No,Successful,Yes,47,Female,Port Harcourt,Premium,Premium,50,90.7,100k-249k,Web,Active,No,0.3377,Medium,Secondary Verification (SMS/OTP),2.0.0-week3,2026-09-30T14:43:51.571607+00:00
FT-T009494,FT-C01128,2026-03-13 04:52:00,Airtime/Data,430.81,ATM,Android,Kaduna,No,Successful,No,22,Female,Kano,Premium,Savings,72,55.7,100k-249k,Mobile App,Active,Yes,0.4712,Medium,Secondary Verification (SMS/OTP),2.0.0-week3,2026-09-30T14:43:51.571607+00:00
FT-T009268,FT-C01075,2026-03-11 12:11:00,Transfer,272934.0,Web,Android,Benin City,No,Successful,No,31,Male,Kano,Everyday,Premium,60,70.3,Below 100k,Mobile App,Active,Yes,0.722,High,Immediate Review / Payment Hold,2.0.0-week3,2026-09-30T14:43:51.571607+00:00
FT-T009261,FT-C00765,2026-03-11 10:56:00,Cash Withdrawal,41474.98,Mobile App,Web Browser,Ibadan,Yes,Successful,Yes,40,Female,Lagos,Student,Savings,19,93.0,Below 100k,Mobile App,Active,Yes,0.5003,Medium,Secondary Verification (SMS/OTP),2.0.0-week3,2026-09-30T14:43:51.571607+00:00
FT-T002013,FT-C00635,2026-01-16 02:11:00,Transfer,7254.06,Web,iOS,Port Harcourt,No,Successful,No,65,Female,Port Harcourt,Everyday,Current,14,66.0,250k-499k,Web,Dormant,Yes,0.53,Medium,Secondary Verification (SMS/OTP),2.0.0-week3,2026-09-30T14:43:51.571607+00:00
FT-T006922,FT-C00806,2026-02-21 21:53:00,Transfer,765.29,Web,Web Browser,Lagos,No,Failed,No,28,Female,Lagos,Student,Savings,90,76.4,500k-999k,Mobile App,Active,Yes,0.4641,Medium,Secondary Verification (SMS/OTP),2.0.0-week3,2026-09-30T14:43:51.571607+00:00
FT-T000314,FT-C01004,2026-01-03 08:20:00,Card Purchase,442.42,Mobile App,Android,Enugu,No,Successful,No,64,Prefer not to say,Lagos,Student,Savings,30,76.5,100k-249k,USSD,Active,No,0.2306,Low,Auto-Approve,2.0.0-week3,2026-09-30T14:43:51.571607+00:00
FT-T000680,FT-C00111,2026-01-06 02:13:00,Bill Payment,580.94,Mobile App,Android,Kano,No,Successful,No,59,Male,Enugu,Everyday,Savings,38,81.8,500k-999k,Mobile App,Active,Yes,0.4674,Medium,Secondary Verification (SMS/OTP),2.0.0-week3,2026-09-30T14:43:51.571607+00:00
FT-T011300,FT-C00217,2026-03-26 17:59:00,Bill Payment,2594.32,POS,POS Terminal,Benin City,No,Successful,No,19,Female,Lagos,Premium,Savings,51,72.1,100k-249k,Mobile App,Active,No,0.2982,Low,Auto-Approve,2.0.0-week3,2026-09-30T14:43:51.571607+00:00
FT-T009131,FT-C00373,2026-03-10 11:32:00,Airtime/Data,35179.03,POS,iOS,Enugu,No,Successful,Yes,64,Female,Lagos,Everyday,Current,30,67.3,100k-249k,Mobile App,Active,No,0.2512,Low,Auto-Approve,2.0.0-week3,2026-09-30T14:43:51.571607+00:00
FT-T000668,FT-C00243,2026-01-06 00:04:00,Airtime/Data,5631.99,Mobile App,iOS,Benin City,No,Successful,No,36,Female,Kano,Everyday,Savings,72,46.6,250k-499k,Mobile App,Active,Yes,0.4823,Medium,Secondary Verification (SMS/OTP),2.0.0-week3,2026-09-30T14:43:51.571607+00:00
FT-T008649,FT-C01296,2026-03-06 20:46:00,Cash Withdrawal,214099.11,ATM,Android,Ibadan,Yes,Successful,Yes,49,Male,Enugu,Everyday,Current,22,51.4,250k-499k,Web,Active,Yes,0.5597,Medium,Secondary Verification (SMS/OTP),2.0.0-week3,2026-09-30T14:43:51.571607+00:00
FT-T011460,FT-C01296,2026-03-27 22:47:00,Airtime/Data,291.82,Web,Android,Ibadan,No,Successful,No,49,Male,Enugu,Everyday,Current,22,51.4,250k-499k,Web,Active,No,0.33,Medium,Secondary Verification (SMS/OTP),2.0.0-week3,2026-09-30T14:43:51.571607+00:00
FT-T003144,FT-C01099,2026-01-24 13:47:00,Transfer,501.38,Mobile App,ATM Terminal,Lagos,No,Successful,No,46,Prefer not to say,Port Harcourt,Everyday,Current,51,61.6,100k-249k,Web,Active,Yes,0.4392,Medium,Secondary Verification (SMS/OTP),2.0.0-week3,2026-09-30T14:43:51.571607+00:00
FT-T007570,FT-C00785,2026-02-26 18:32:00,Card Purchase,307.07,POS,Android,Kano,No,Successful,No,48,Female,Abuja,Student,Current,70,64.3,Below 100k,Mobile App,Active,No,0.1735,Low,Auto-Approve,2.0.0-week3,2026-09-30T14:43:51.571607+00:00
FT-T008751,FT-C00870,2026-03-07 15:07:00,Cash Withdrawal,1369.44,POS,Android,Ibadan,No,Successful,No,58,Female,Kano,Everyday,Savings,8,76.5,100k-249k,Mobile App,Active,Yes,0.5083,Medium,Secondary Verification (SMS/OTP),2.0.0-week3,2026-09-30T14:43:51.571607+00:00
FT-T007149,FT-C01395,2026-02-23 14:44:00,Transfer,116405.0,ATM,Android,Port Harcourt,No,Successful,No,27,Male,Benin City,SME,Savings,19,35.9,1m+,Web,Active,Yes,0.4666,Medium,Secondary Verification (SMS/OTP),2.0.0-week3,2026-09-30T14:43:51.571607+00:00
FT-T011424,FT-C00838,2026-03-27 16:18:00,Transfer,1030.09,USSD,Android,Benin City,No,Successful,No,60,Female,Port Harcourt,SME,Premium,80,91.4,100k-249k,USSD,Active,Yes,0.4687,Medium,Secondary Verification (SMS/OTP),2.0.0-week3,2026-09-30T14:43:51.571607+00:00
FT-T005502,FT-C00549,2026-02-11 06:15:00,Transfer,85238.85,ATM,Android,Benin City,Yes,Successful,No,38,Male,Port Harcourt,SME,Savings,78,78.8,250k-499k,Mobile App,Active,Yes,0.6266,Medium,Secondary Verification (SMS/OTP),2.0.0-week3,2026-09-30T14:43:51.571607+00:00
FT-T006396,FT-C00268,2026-02-17 23:11:00,Card Purchase,144252.86,POS,Android,Ibadan,Yes,Successful,Yes,65,Prefer not to say,Port Harcourt,Student,Current,5,50.7,250k-499k,USSD,Active,Yes,0.4884,Medium,Secondary Verification (SMS/OTP),2.0.0-week3,2026-09-30T14:43:51.571607+00:00
FT-T000398,FT-C00106,2026-01-03 23:27:00,Card Purchase,15516.49,Web,iOS,,No,Successful,Yes,25,Male,Kaduna,Student,Current,10,75.9,250k-499k,Mobile App,Active,No,0.2439,Low,Auto-Approve,2.0.0-week3,2026-09-30T14:43:51.571607+00:00
FT-T001748,FT-C01039,2026-01-14 02:29:00,Transfer,802.58,ATM,iOS,Enugu,No,Successful,No,22,Female,Lagos,Everyday,Savings,95,78.2,500k-999k,Mobile App,Active,Yes,0.6025,Medium,Secondary Verification (SMS/OTP),2.0.0-week3,2026-09-30T14:43:51.571607+00:00
FT-T000329,FT-C01217,2026-01-03 11:02:00,Transfer,7545.76,Mobile App,ATM Terminal,Lagos,No,Successful,No,42,Female,Lagos,Everyday,Current,18,53.8,250k-499k,USSD,Dormant,Yes,0.5183,Medium,Secondary Verification (SMS/OTP),2.0.0-week3,2026-09-30T14:43:51.571607+00:00
FT-T009140,FT-C00611,2026-03-10 13:09:00,Bill Payment,903.95,Web,POS Terminal,Ibadan,No,Successful,No,60,Female,Abuja,Everyday,Current,67,54.5,100k-249k,Mobile App,Active,No,0.2875,Low,Auto-Approve,2.0.0-week3,2026-09-30T14:43:51.571607+00:00
FT-T002301,FT-C00838,2026-01-18 06:02:00,Airtime/Data,1044.65,USSD,Android,Abuja,No,Successful,No,60,Female,Port Harcourt,SME,Premium,80,91.4,100k-249k,USSD,Active,No,0.2899,Low,Auto-Approve,2.0.0-week3,2026-09-30T14:43:51.571607+00:00
FT-T009104,FT-C01358,2026-03-10 06:40:00,Card Purchase,309.8,Mobile App,Web Browser,Ibadan,Yes,Successful,Yes,39,Male,Lagos,Everyday,Savings,32,84.2,500k-999k,USSD,Active,Yes,0.3794,Medium,Secondary Verification (SMS/OTP),2.0.0-week3,2026-09-30T14:43:51.571607+00:00
FT-T004571,FT-C00476,2026-02-04 06:40:00,Cash Withdrawal,21455.45,USSD,iOS,Ibadan,No,Failed,No,63,Male,Benin City,Everyday,Current,4,80.3,250k-499k,Web,Active,Yes,0.3564,Medium,Secondary Verification (SMS/OTP),2.0.0-week3,2026-09-30T14:43:51.571607+00:00
FT-T006072,FT-C00578,2026-02-15 12:52:00,Transfer,52705.05,POS,Android,Lagos,No,Successful,No,30,Female,Lagos,Student,Savings,88,28.9,500k-999k,Mobile App,Active,Yes,0.456,Medium,Secondary Verification (SMS/OTP),2.0.0-week3,2026-09-30T14:43:51.571607+00:00
FT-T008055,FT-C01186,2026-03-02 09:50:00,Bill Payment,16155.19,Mobile App,iOS,Enugu,No,Successful,No,54,Male,Abuja,Student,Savings,70,68.7,100k-249k,Mobile App,Active,No,0.231,Low,Auto-Approve,2.0.0-week3,2026-09-30T14:43:51.571607+00:00
FT-T009322,FT-C00761,2026-03-11 21:55:00,Transfer,3047.84,ATM,Android,Enugu,No,Successful,No,48,Female,Lagos,Everyday,Savings,13,86.4,250k-499k,Web,Active,Yes,0.5497,Medium,Secondary Verification (SMS/OTP),2.0.0-week3,2026-09-30T14:43:51.571607+00:00
FT-T010462,FT-C01180,2026-03-20 11:08:00,Bill Payment,8668.81,POS,Android,Kano,Yes,Successful,Yes,58,Female,Ibadan,Everyday,Savings,4,57.7,100k-249k,Web,Active,Yes,0.5154,Medium,Secondary Verification (SMS/OTP),2.0.0-week3,2026-09-30T14:43:51.571607+00:00
FT-T010687,FT-C01056,2026-03-22 03:38:00,Transfer,43280.52,Mobile App,Android,Benin City,No,Successful,Yes,31,Male,Port Harcourt,Student,Savings,61,70.3,100k-249k,Mobile App,Active,Yes,0.6419,Medium,Secondary Verification (SMS/OTP),2.0.0-week3,2026-09-30T14:43:51.571607+00:00
FT-T001159,FT-C00109,2026-01-09 16:27:00,Card Purchase,113523.14,POS,Android,Enugu,No,Successful,No,50,Male,Lagos,Everyday,Premium,82,57.3,100k-249k,Mobile App,Active,No,0.2464,Low,Auto-Approve,2.0.0-week3,2026-09-30T14:43:51.571607+00:00
FT-T005605,FT-C00952,2026-02-12 00:48:00,Transfer,3452.0,Web,Web Browser,Kano,No,Successful,Yes,23,Female,Ibadan,Student,Current,43,74.7,Below 100k,Mobile App,Active,Yes,0.5919,Medium,Secondary Verification (SMS/OTP),2.0.0-week3,2026-09-30T14:43:51.571607+00:00
FT-T008102,FT-C00851,2026-03-02 18:18:00,Transfer,112169.79,ATM,Web Browser,Abuja,No,Successful,No,21,Female,Benin City,Premium,Savings,8,87.9,100k-249k,Mobile App,Active,Yes,0.509,Medium,Secondary Verification (SMS/OTP),2.0.0-week3,2026-09-30T14:43:51.571607+00:00
FT-T005194,FT-C00903,2026-02-08 22:49:00,Transfer,348159.83,ATM,ATM Terminal,Lagos,Yes,Successful,No,62,Male,Kaduna,Everyday,Savings,89,70.6,100k-249k,Web,Active,Yes,0.5457,Medium,Secondary Verification (SMS/OTP),2.0.0-week3,2026-09-30T14:43:51.571607+00:00
FT-T005856,FT-C00488,2026-02-13 21:59:00,Transfer,10857.68,Mobile App,iOS,Enugu,No,Successful,No,54,Male,Abuja,Everyday,Current,30,68.5,100k-249k,Mobile App,Active,Yes,0.4436,Medium,Secondary Verification (SMS/OTP),2.0.0-week3,2026-09-30T14:43:51.571607+00:00
FT-T006862,FT-C01043,2026-02-21 11:04:00,Card Purchase,99895.62,POS,Web Browser,Lagos,No,Successful,No,26,Female,Port Harcourt,Everyday,Savings,77,100.0,250k-499k,Web,Dormant,No,0.2992,Low,Auto-Approve,2.0.0-week3,2026-09-30T14:43:51.571607+00:00
FT-T006198,FT-C00349,2026-02-16 11:33:00,Transfer,3425.19,POS,Android,Lagos,No,Successful,Yes,23,Female,Abuja,Everyday,Savings,75,66.8,Below 100k,Mobile App,Active,Yes,0.4699,Medium,Secondary Verification (SMS/OTP),2.0.0-week3,2026-09-30T14:43:51.571607+00:00
FT-T002424,FT-C01303,2026-01-19 04:10:00,Deposit,28713.86,Web,Android,Lagos,No,Successful,No,31,Male,Abuja,Everyday,Savings,17,68.0,Below 100k,Mobile App,Active,Yes,0.4588,Medium,Secondary Verification (SMS/OTP),2.0.0-week3,2026-09-30T14:43:51.571607+00:00
FT-T009972,FT-C00432,2026-03-16 18:55:00,Transfer,114448.95,Web,Android,Benin City,No,Successful,No,64,Male,Lagos,SME,Current,37,66.1,250k-499k,Web,Active,Yes,0.4106,Medium,Secondary Verification (SMS/OTP),2.0.0-week3,2026-09-30T14:43:51.571607+00:00
FT-T001302,FT-C00115,2026-01-10 18:11:00,Transfer,7454.72,ATM,iOS,Lagos,No,Successful,No,24,Male,Ibadan,Student,Savings,78,73.7,100k-249k,Web,Active,Yes,0.4884,Medium,Secondary Verification (SMS/OTP),2.0.0-week3,2026-09-30T14:43:51.571607+00:00
FT-T009101,FT-C00353,2026-03-10 06:08:00,Transfer,1621.19,Mobile App,Web Browser,Kano,No,Successful,No,41,Male,Port Harcourt,Everyday,Savings,77,60.7,100k-249k,USSD,Active,Yes,0.5051,Medium,Secondary Verification (SMS/OTP),2.0.0-week3,2026-09-30T14:43:51.571607+00:00
FT-T000096,FT-C00689,2026-01-01 17:06:00,Transfer,6035.21,Web,POS Terminal,Port Harcourt,No,Successful,Yes,31,Female,Kano,Everyday,Savings,95,58.3,250k-499k,Mobile App,Active,Yes,0.4889,Medium,Secondary Verification (SMS/OTP),2.0.0-week3,2026-09-30T14:43:51.571607+00:00
FT-T005401,FT-C00258,2026-02-10 12:04:00,Cash Withdrawal,12584.55,ATM,iOS,Port Harcourt,No,Reversed,Yes,45,Female,Lagos,Premium,Premium,83,69.4,1m+,Mobile App,Active,Yes,0.4497,Medium,Secondary Verification (SMS/OTP),2.0.0-week3,2026-09-30T14:43:51.571607+00:00
FT-T006325,FT-C00746,2026-02-17 10:24:00,Transfer,32345.84,Mobile App,POS Terminal,Abuja,No,Successful,Yes,42,Male,Kano,SME,Premium,31,72.4,100k-249k,Web,Active,Yes,0.4867,Medium,Secondary Verification (SMS/OTP),2.0.0-week3,2026-09-30T14:43:51.571607+00:00
FT-T001054,FT-C00865,2026-01-08 21:33:00,Cash Withdrawal,8635.63,USSD,Android,Abuja,No,Successful,No,39,Male,Benin City,Everyday,Current,82,72.9,100k-249k,USSD,Active,Yes,0.4296,Medium,Secondary Verification (SMS/OTP),2.0.0-week3,2026-09-30T14:43:51.571607+00:00
FT-T005710,FT-C01107,2026-02-12 19:42:00,Cash Withdrawal,238423.61,Mobile App,Android,Benin City,No,Successful,Yes,50,Female,Lagos,Everyday,Current,42,57.1,Below 100k,Web,Active,Yes,0.5783,Medium,Secondary Verification (SMS/OTP),2.0.0-week3,2026-09-30T14:43:51.571607+00:00
FT-T001623,FT-C00416,2026-01-13 03:59:00,Airtime/Data,238.52,Mobile App,iOS,Port Harcourt,No,Successful,No,59,Female,Abuja,Student,Savings,60,85.8,100k-249k,Mobile App,Active,Yes,0.4567,Medium,Secondary Verification (SMS/OTP),2.0.0-week3,2026-09-30T14:43:51.571607+00:00
FT-T004832,FT-C00139,2026-02-06 05:39:00,Card Purchase,660.48,POS,Android,Kaduna,No,Successful,No,43,Female,Benin City,Everyday,Current,92,55.8,100k-249k,Mobile App,Active,Yes,0.3712,Medium,Secondary Verification (SMS/OTP),2.0.0-week3,2026-09-30T14:43:51.571607+00:00
FT-T002397,FT-C01108,2026-01-18 23:18:00,Card Purchase,22683.61,Mobile App,Android,Kano,No,Successful,No,54,Male,Lagos,Student,Savings,65,64.3,250k-499k,Web,Active,No,0.2904,Low,Auto-Approve,2.0.0-week3,2026-09-30T14:43:51.571607+00:00
FT-T008170,FT-C01117,2026-03-03 06:32:00,Airtime/Data,36707.38,ATM,iOS,Kaduna,No,Successful,No,50,Male,Kano,Everyday,Savings,61,85.9,100k-249k,Mobile App,Active,No,0.3095,Medium,Secondary Verification (SMS/OTP),2.0.0-week3,2026-09-30T14:43:51.571607+00:00
FT-T009100,FT-C00916,2026-03-10 05:57:00,Bill Payment,569.58,Mobile App,Android,Enugu,No,Successful,No,52,Female,Abuja,Everyday,Current,82,39.9,1m+,Mobile App,Active,Yes,0.396,Medium,Secondary Verification (SMS/OTP),2.0.0-week3,2026-09-30T14:43:51.571607+00:00
FT-T006066,FT-C00179,2026-02-15 11:47:00,Cash Withdrawal,186377.49,ATM,Android,Enugu,No,Successful,No,42,Male,Port Harcourt,Premium,Current,96,51.8,250k-499k,USSD,Active,Yes,0.4752,Medium,Secondary Verification (SMS/OTP),2.0.0-week3,2026-09-30T14:43:51.571607+00:00
FT-T004116,FT-C01330,2026-01-31 20:45:00,Card Purchase,64968.56,Mobile App,Web Browser,Kaduna,No,Successful,No,37,Female,Lagos,Everyday,Current,65,100.0,250k-499k,Web,Active,No,0.2973,Low,Auto-Approve,2.0.0-week3,2026-09-30T14:43:51.571607+00:00
FT-T000173,FT-C00077,2026-01-02 06:57:00,Bill Payment,28628.18,Web,ATM Terminal,Kano,No,Successful,No,32,Male,Kano,Student,Savings,68,77.0,1m+,Mobile App,Active,No,0.3245,Medium,Secondary Verification (SMS/OTP),2.0.0-week3,2026-09-30T14:43:51.571607+00:00
FT-T004565,FT-C01413,2026-02-04 05:35:00,Cash Withdrawal,4443.71,Web,Android,Kaduna,No,Successful,Yes,56,Prefer not to say,Kano,Everyday,Savings,71,86.9,100k-249k,Mobile App,Dormant,Yes,0.5574,Medium,Secondary Verification (SMS/OTP),2.0.0-week3,2026-09-30T14:43:51.571607+00:00
FT-T000542,FT-C00034,2026-01-05 01:23:00,Card Purchase,5110.21,Mobile App,Android,Kano,Yes,Successful,Yes,32,Female,Ibadan,Premium,Premium,59,59.1,250k-499k,Web,Active,Yes,0.6576,Medium,Secondary Verification (SMS/OTP),2.0.0-week3,2026-09-30T14:43:51.571607+00:00
FT-T010500,FT-C00147,2026-03-20 17:58:00,Deposit,177105.63,Mobile App,ATM Terminal,Benin City,No,Successful,No,59,Female,Lagos,Student,Premium,51,79.4,100k-249k,Web,Active,Yes,0.5786,Medium,Secondary Verification (SMS/OTP),2.0.0-week3,2026-09-30T14:43:51.571607+00:00
FT-T008444,FT-C00445,2026-03-05 07:51:00,Deposit,27515.68,Mobile App,ATM Terminal,Port Harcourt,No,Successful,No,43,Male,Port Harcourt,Premium,Savings,88,64.1,250k-499k,Mobile App,Active,No,0.3328,Medium,Secondary Verification (SMS/OTP),2.0.0-week3,2026-09-30T14:43:51.571607+00:00
FT-T002054,FT-C00456,2026-01-16 09:34:00,Airtime/Data,41343.92,Mobile App,POS Terminal,Kano,No,Successful,No,57,Male,Benin City,Everyday,Savings,51,39.2,Below 100k,USSD,Active,No,0.2912,Low,Auto-Approve,2.0.0-week3,2026-09-30T14:43:51.571607+00:00
FT-T000345,FT-C01136,2026-01-03 13:55:00,Airtime/Data,3916.59,Mobile App,POS Terminal,Kaduna,No,Successful,Yes,48,Male,Abuja,Student,Savings,32,85.0,250k-499k,Mobile App,Active,No,0.3457,Medium,Secondary Verification (SMS/OTP),2.0.0-week3,2026-09-30T14:43:51.571607+00:00
FT-T011593,FT-C00756,2026-03-28 22:44:00,Card Purchase,862.77,POS,Web Browser,Enugu,No,Successful,No,65,Male,Port Harcourt,Premium,Savings,88,58.4,Below 100k,Mobile App,Active,No,0.2342,Low,Auto-Approve,2.0.0-week3,2026-09-30T14:43:51.571607+00:00
FT-T001194,FT-C00948,2026-01-09 22:45:00,Airtime/Data,21411.95,ATM,POS Terminal,Benin City,No,Successful,No,36,Male,Lagos,SME,Savings,2,37.0,100k-249k,Mobile App,Active,No,0.3063,Medium,Secondary Verification (SMS/OTP),2.0.0-week3,2026-09-30T14:43:51.571607+00:00
FT-T007229,FT-C01500,2026-02-24 05:08:00,Transfer,2707.21,Web,Android,Port Harcourt,No,Successful,No,40,Male,Lagos,Student,Current,31,51.1,100k-249k,Web,Active,Yes,0.5616,Medium,Secondary Verification (SMS/OTP),2.0.0-week3,2026-09-30T14:43:51.571607+00:00
FT-T004965,FT-C01307,2026-02-07 05:35:00,Card Purchase,1028.85,ATM,ATM Terminal,Enugu,No,Successful,No,24,Male,Lagos,Everyday,Premium,77,50.4,100k-249k,Mobile App,Active,Yes,0.4174,Medium,Secondary Verification (SMS/OTP),2.0.0-week3,2026-09-30T14:43:51.571607+00:00
FT-T005724,FT-C01219,2026-02-12 22:13:00,Airtime/Data,1108.6,ATM,Android,Kaduna,No,Successful,No,23,Female,Kaduna,SME,Current,39,68.8,100k-249k,Web,Active,No,0.3029,Medium,Secondary Verification (SMS/OTP),2.0.0-week3,2026-09-30T14:43:51.571607+00:00
FT-T005433,FT-C00985,2026-02-10 17:50:00,Transfer,863.6,Mobile App,Android,Port Harcourt,No,Successful,No,23,Female,Kano,Everyday,Savings,72,66.8,100k-249k,Mobile App,Dormant,Yes,0.5136,Medium,Secondary Verification (SMS/OTP),2.0.0-week3,2026-09-30T14:43:51.571607+00:00
FT-T004989,FT-C01100,2026-02-07 09:54:00,Card Purchase,73386.39,ATM,Android,Kaduna,No,Reversed,No,50,Male,Port Harcourt,Everyday,Current,32,71.2,100k-249k,Mobile App,Active,No,0.321,Medium,Secondary Verification (SMS/OTP),2.0.0-week3,2026-09-30T14:43:51.571607+00:00
FT-T000505,FT-C01334,2026-01-04 18:43:00,Transfer,1966.96,Web,Web Browser,Lagos,No,Successful,Yes,47,Male,Ibadan,Everyday,Premium,25,94.5,500k-999k,USSD,Active,Yes,0.4644,Medium,Secondary Verification (SMS/OTP),2.0.0-week3,2026-09-30T14:43:51.571607+00:00
FT-T005074,FT-C00026,2026-02-08 01:12:00,Transfer,208290.01,Mobile App,Web Browser,Lagos,No,Successful,No,29,Female,Lagos,Everyday,Premium,62,63.6,100k-249k,Mobile App,Active,Yes,0.7813,High,Immediate Review / Payment Hold,2.0.0-week3,2026-09-30T14:43:51.571607+00:00
FT-T011667,FT-C00692,2026-03-29 12:03:00,Transfer,49455.54,Mobile App,Android,Benin City,No,Successful,No,18,Male,Abuja,Student,Savings,59,61.3,1m+,Web,Active,Yes,0.5523,Medium,Secondary Verification (SMS/OTP),2.0.0-week3,2026-09-30T14:43:51.571607+00:00
FT-T003361,FT-C00217,2026-01-26 04:51:00,Transfer,3999.11,Mobile App,Android,Benin City,No,Successful,No,19,Female,Lagos,Premium,Savings,51,72.1,100k-249k,Mobile App,Active,Yes,0.6479,Medium,Secondary Verification (SMS/OTP),2.0.0-week3,2026-09-30T14:43:51.571607+00:00
FT-T005297,FT-C00599,2026-02-09 17:21:00,Card Purchase,367.81,POS,iOS,Enugu,No,Failed,No,40,Female,Abuja,SME,Savings,10,46.1,100k-249k,Mobile App,Active,Yes,0.3661,Medium,Secondary Verification (SMS/OTP),2.0.0-week3,2026-09-30T14:43:51.571607+00:00
FT-T005996,FT-C00840,2026-02-14 23:11:00,Bill Payment,36449.77,POS,Android,Lagos,No,Successful,No,65,Male,Ibadan,Premium,Current,52,100.0,100k-249k,Mobile App,Active,No,0.1969,Low,Auto-Approve,2.0.0-week3,2026-09-30T14:43:51.571607+00:00
FT-T007959,FT-C00086,2026-03-01 16:33:00,Deposit,102197.54,USSD,ATM Terminal,Port Harcourt,No,Successful,No,64,Male,Port Harcourt,Everyday,Savings,13,89.4,100k-249k,Mobile App,Active,Yes,0.3683,Medium,Secondary Verification (SMS/OTP),2.0.0-week3,2026-09-30T14:43:51.571607+00:00
FT-T010474,FT-C00746,2026-03-20 13:17:00,Card Purchase,602.06,USSD,iOS,Abuja,No,Successful,No,42,Male,Kano,SME,Premium,31,72.4,100k-249k,Web,Active,No,0.2253,Low,Auto-Approve,2.0.0-week3,2026-09-30T14:43:51.571607+00:00
FT-T002585,FT-C01355,2026-01-20 09:09:00,Bill Payment,5594.71,Mobile App,iOS,Port Harcourt,No,Successful,Yes,42,Female,Lagos,Student,Current,71,53.2,100k-249k,Mobile App,Active,No,0.2448,Low,Auto-Approve,2.0.0-week3,2026-09-30T14:43:51.571607+00:00
FT-T008582,FT-C00933,2026-03-06 08:42:00,Bill Payment,31381.05,Mobile App,Android,Lagos,No,Successful,No,21,Female,Lagos,Premium,Current,27,54.1,100k-249k,Mobile App,Active,No,0.217,Low,Auto-Approve,2.0.0-week3,2026-09-30T14:43:51.571607+00:00
FT-T003640,FT-C01422,2026-01-28 07:04:00,Transfer,348919.76,Mobile App,Android,Port Harcourt,No,Successful,No,53,Male,Lagos,Premium,Premium,93,45.4,500k-999k,Mobile App,Active,Yes,0.6786,Medium,Secondary Verification (SMS/OTP),2.0.0-week3,2026-09-30T14:43:51.571607+00:00
FT-T005276,FT-C01008,2026-02-09 13:34:00,Bill Payment,17820.97,Mobile App,ATM Terminal,Lagos,No,Successful,No,55,Female,Lagos,Premium,Savings,60,68.0,100k-249k,Mobile App,Active,No,0.2628,Low,Auto-Approve,2.0.0-week3,2026-09-30T14:43:51.571607+00:00
FT-T002253,FT-C00950,2026-01-17 21:23:00,Bill Payment,53968.66,ATM,iOS,Enugu,No,Successful,No,58,Male,Abuja,Premium,Savings,50,88.9,250k-499k,Mobile App,Active,No,0.2901,Low,Auto-Approve,2.0.0-week3,2026-09-30T14:43:51.571607+00:00
FT-T000086,FT-C00321,2026-01-01 15:18:00,Deposit,125800.85,POS,iOS,Enugu,No,Successful,Yes,39,Male,Lagos,Everyday,Savings,71,77.7,250k-499k,Mobile App,Active,No,0.328,Medium,Secondary Verification (SMS/OTP),2.0.0-week3,2026-09-30T14:43:51.571607+00:00
FT-T001166,FT-C00572,2026-01-09 17:43:00,Deposit,14226.43,ATM,ATM Terminal,Kaduna,No,Successful,No,47,Male,Lagos,Everyday,Savings,54,54.4,500k-999k,Web,Active,No,0.3335,Medium,Secondary Verification (SMS/OTP),2.0.0-week3,2026-09-30T14:43:51.571607+00:00
FT-T005155,FT-C00308,2026-02-08 15:47:00,Deposit,95383.95,Mobile App,Android,Kano,No,Failed,No,21,Male,Lagos,Everyday,Current,31,66.3,Below 100k,Mobile App,Active,Yes,0.4429,Medium,Secondary Verification (SMS/OTP),2.0.0-week3,2026-09-30T14:43:51.571607+00:00
FT-T008788,FT-C01161,2026-03-07 21:47:00,Transfer,80234.07,ATM,Android,Kano,No,Successful,Yes,50,Male,Benin City,Everyday,Savings,70,52.2,1m+,Mobile App,Active,Yes,0.4719,Medium,Secondary Verification (SMS/OTP),2.0.0-week3,2026-09-30T14:43:51.571607+00:00
FT-T007849,FT-C00114,2026-02-28 20:45:00,Card Purchase,1760.3,Mobile App,POS Terminal,Kaduna,No,Successful,No,45,Male,Lagos,SME,Savings,53,66.8,1m+,Mobile App,Active,No,0.3325,Medium,Secondary Verification (SMS/OTP),2.0.0-week3,2026-09-30T14:43:51.571607+00:00
FT-T010551,FT-C01026,2026-03-21 03:09:00,Cash Withdrawal,56764.61,Mobile App,Android,Lagos,No,Successful,No,37,Female,Ibadan,Student,Current,33,56.1,100k-249k,Mobile App,Active,Yes,0.5071,Medium,Secondary Verification (SMS/OTP),2.0.0-week3,2026-09-30T14:43:51.571607+00:00
FT-T007944,FT-C00662,2026-03-01 13:51:00,Card Purchase,164135.44,Mobile App,POS Terminal,Kaduna,No,Successful,No,58,Female,Lagos,Premium,Savings,22,46.1,1m+,Web,Active,Yes,0.3648,Medium,Secondary Verification (SMS/OTP),2.0.0-week3,2026-09-30T14:43:51.571607+00:00
FT-T010906,FT-C00127,2026-03-23 19:03:00,Card Purchase,1843.06,ATM,Android,Port Harcourt,Yes,Successful,No,57,Female,Ibadan,SME,Current,28,56.7,500k-999k,Web,Active,Yes,0.4051,Medium,Secondary Verification (SMS/OTP),2.0.0-week3,2026-09-30T14:43:51.571607+00:00
FT-T004742,FT-C00136,2026-02-05 13:27:00,Transfer,230207.57,POS,POS Terminal,Lagos,No,Successful,No,20,Male,Enugu,SME,Savings,76,46.3,250k-499k,Mobile App,Active,Yes,0.6795,Medium,Secondary Verification (SMS/OTP),2.0.0-week3,2026-09-30T14:43:51.571607+00:00
FT-T004298,FT-C00862,2026-02-02 05:31:00,Transfer,255572.04,Mobile App,ATM Terminal,Kano,No,Successful,No,35,Male,Enugu,Everyday,Savings,80,69.5,250k-499k,USSD,Dormant,Yes,0.6643,Medium,Secondary Verification (SMS/OTP),2.0.0-week3,2026-09-30T14:43:51.571607+00:00
FT-T003569,FT-C00198,2026-01-27 18:17:00,Card Purchase,3897.3,ATM,ATM Terminal,Kaduna,No,Successful,No,49,Female,Ibadan,Everyday,Savings,84,49.5,250k-499k,Mobile App,Active,Yes,0.3574,Medium,Secondary Verification (SMS/OTP),2.0.0-week3,2026-09-30T14:43:51.571607+00:00
FT-T000701,FT-C01308,2026-01-06 06:00:00,Card Purchase,3620.97,Mobile App,ATM Terminal,,No,Reversed,No,27,Female,Port Harcourt,Everyday,Savings,35,100.0,250k-499k,Mobile App,Active,Yes,0.3781,Medium,Secondary Verification (SMS/OTP),2.0.0-week3,2026-09-30T14:43:51.571607+00:00
FT-T004745,FT-C01143,2026-02-05 13:59:00,Bill Payment,85527.43,Mobile App,Web Browser,Lagos,No,Successful,No,37,Female,Kaduna,Everyday,Premium,62,66.8,1m+,Web,Active,No,0.2725,Low,Auto-Approve,2.0.0-week3,2026-09-30T14:43:51.571607+00:00
FT-T008071,FT-C00140,2026-03-02 12:43:00,Card Purchase,950.64,USSD,Android,Enugu,No,Successful,Yes,31,Male,Kano,Student,Savings,23,46.1,100k-249k,Mobile App,Active,No,0.2471,Low,Auto-Approve,2.0.0-week3,2026-09-30T14:43:51.571607+00:00
FT-T001676,FT-C00280,2026-01-13 13:31:00,Airtime/Data,1647.46,ATM,iOS,Abuja,No,Successful,No,65,Female,Abuja,Premium,Savings,41,34.9,100k-249k,USSD,Active,No,0.3246,Medium,Secondary Verification (SMS/OTP),2.0.0-week3,2026-09-30T14:43:51.571607+00:00
FT-T009958,FT-C01033,2026-03-16 16:24:00,Deposit,3097.88,POS,ATM Terminal,Enugu,No,Successful,No,32,Male,Lagos,Student,Savings,83,79.4,500k-999k,Mobile App,Active,No,0.2813,Low,Auto-Approve,2.0.0-week3,2026-09-30T14:43:51.571607+00:00
FT-T006133,FT-C01050,2026-02-15 23:51:00,Cash Withdrawal,21301.64,POS,iOS,Benin City,No,Successful,No,39,Male,Kano,Student,Current,37,52.2,500k-999k,Mobile App,Dormant,Yes,0.4036,Medium,Secondary Verification (SMS/OTP),2.0.0-week3,2026-09-30T14:43:51.571607+00:00
FT-T004468,FT-C00892,2026-02-03 12:07:00,Cash Withdrawal,46571.4,Mobile App,POS Terminal,Benin City,No,Reversed,No,52,Male,Lagos,Premium,Premium,32,88.7,1m+,Mobile App,Active,Yes,0.4178,Medium,Secondary Verification (SMS/OTP),2.0.0-week3,2026-09-30T14:43:51.571607+00:00
FT-T007815,FT-C00267,2026-02-28 14:38:00,Transfer,51038.58,POS,Android,Ibadan,No,Pending,No,43,Female,Kaduna,Premium,Savings,30,49.3,500k-999k,Mobile App,Active,Yes,0.4799,Medium,Secondary Verification (SMS/OTP),2.0.0-week3,2026-09-30T14:43:51.571607+00:00
FT-T009950,FT-C01009,2026-03-16 14:58:00,Bill Payment,3540.22,ATM,Web Browser,Enugu,No,Successful,No,54,Female,Ibadan,Everyday,Savings,40,53.8,Below 100k,Mobile App,Active,No,0.298,Low,Auto-Approve,2.0.0-week3,2026-09-30T14:43:51.571607+00:00
FT-T010249,FT-C01446,2026-03-18 20:47:00,Transfer,8083.5,Mobile App,Android,Kano,No,Successful,No,52,Male,Port Harcourt,Premium,Savings,8,44.6,500k-999k,Mobile App,Active,Yes,0.4805,Medium,Secondary Verification (SMS/OTP),2.0.0-week3,2026-09-30T14:43:51.571607+00:00
FT-T008040,FT-C00960,2026-03-02 07:08:00,Bill Payment,4637.59,Mobile App,iOS,Kano,No,Successful,No,38,Male,Lagos,Everyday,Premium,77,54.9,Below 100k,USSD,Active,No,0.2639,Low,Auto-Approve,2.0.0-week3,2026-09-30T14:43:51.571607+00:00
FT-T005219,FT-C00560,2026-02-09 03:19:00,Transfer,9735.44,Mobile App,Web Browser,Kano,No,Successful,Yes,56,Female,Ibadan,Everyday,Savings,80,81.7,250k-499k,Mobile App,Dormant,Yes,0.6223,Medium,Secondary Verification (SMS/OTP),2.0.0-week3,2026-09-30T14:43:51.571607+00:00
FT-T007068,FT-C01351,2026-02-23 00:09:00,Transfer,182292.12,Mobile App,Android,Lagos,No,Successful,Yes,26,Female,Lagos,Everyday,Savings,26,71.5,1m+,Mobile App,Active,Yes,0.6934,Medium,Secondary Verification (SMS/OTP),2.0.0-week3,2026-09-30T14:43:51.571607+00:00
FT-T001528,FT-C01429,2026-01-12 10:52:00,Bill Payment,89209.59,Mobile App,Web Browser,Enugu,Yes,Successful,No,62,Male,Lagos,Student,Savings,91,79.3,100k-249k,Mobile App,Dormant,Yes,0.3832,Medium,Secondary Verification (SMS/OTP),2.0.0-week3,2026-09-30T14:43:51.571607+00:00
FT-T006857,FT-C00244,2026-02-21 10:10:00,Transfer,6317.68,Web,Android,Kaduna,No,Successful,No,43,Prefer not to say,Abuja,Everyday,Premium,27,72.8,250k-499k,Mobile App,Active,Yes,0.5443,Medium,Secondary Verification (SMS/OTP),2.0.0-week3,2026-09-30T14:43:51.571607+00:00
FT-T009020,FT-C01172,2026-03-09 15:33:00,Bill Payment,17433.53,POS,Android,Lagos,No,Successful,No,25,Female,Lagos,Everyday,Current,46,71.0,250k-499k,Mobile App,Active,No,0.3145,Medium,Secondary Verification (SMS/OTP),2.0.0-week3,2026-09-30T14:43:51.571607+00:00
FT-T011565,FT-C01116,2026-03-28 17:41:00,Bill Payment,6640.6,Mobile App,iOS,Enugu,No,Successful,No,27,Female,Enugu,SME,Current,42,62.7,1m+,Mobile App,Active,No,0.201,Low,Auto-Approve,2.0.0-week3,2026-09-30T14:43:51.571607+00:00
FT-T003188,FT-C00260,2026-01-24 21:42:00,Transfer,1143.2,POS,POS Terminal,Ibadan,No,Reversed,Yes,40,Male,Port Harcourt,Everyday,Savings,47,87.9,250k-499k,Mobile App,Active,Yes,0.5196,Medium,Secondary Verification (SMS/OTP),2.0.0-week3,2026-09-30T14:43:51.571607+00:00
FT-T007635,FT-C01242,2026-02-27 06:14:00,Transfer,118940.69,Mobile App,Android,Kaduna,No,Successful,No,36,Female,Lagos,Everyday,Savings,64,86.6,100k-249k,Mobile App,Active,Yes,0.4901,Medium,Secondary Verification (SMS/OTP),2.0.0-week3,2026-09-30T14:43:51.571607+00:00
FT-T001117,FT-C01012,2026-01-09 08:53:00,Transfer,16106.12,POS,POS Terminal,Enugu,No,Successful,No,30,Female,Benin City,Student,Premium,74,40.8,250k-499k,Web,Active,Yes,0.4103,Medium,Secondary Verification (SMS/OTP),2.0.0-week3,2026-09-30T14:43:51.571607+00:00
FT-T003889,FT-C00428,2026-01-30 03:53:00,Bill Payment,5368.4,ATM,iOS,Abuja,No,Successful,Yes,23,Male,Lagos,Everyday,Current,50,95.0,Below 100k,Web,Active,No,0.3103,Medium,Secondary Verification (SMS/OTP),2.0.0-week3,2026-09-30T14:43:51.571607+00:00
FT-T004860,FT-C00028,2026-02-06 10:41:00,Transfer,420636.18,ATM,Web Browser,Kaduna,No,Successful,Yes,61,Female,Ibadan,Everyday,Savings,96,65.2,250k-499k,USSD,Active,Yes,0.6093,Medium,Secondary Verification (SMS/OTP),2.0.0-week3,2026-09-30T14:43:51.571607+00:00
FT-T009622,FT-C00811,2026-03-14 03:55:00,Card Purchase,703.23,Web,iOS,Lagos,No,Successful,No,51,Male,Abuja,Everyday,Savings,71,79.8,1m+,Web,Active,Yes,0.4123,Medium,Secondary Verification (SMS/OTP),2.0.0-week3,2026-09-30T14:43:51.571607+00:00
FT-T001514,FT-C00535,2026-01-12 08:21:00,Deposit,6375.77,POS,Web Browser,Ibadan,No,Successful,Yes,25,Male,Enugu,Everyday,Savings,19,18.0,500k-999k,Web,Active,No,0.2811,Low,Auto-Approve,2.0.0-week3,2026-09-30T14:43:51.571607+00:00
FT-T006415,FT-C00430,2026-02-18 02:36:00,Bill Payment,11053.19,ATM,Android,Benin City,No,Successful,No,49,Male,Benin City,Everyday,Savings,81,37.4,Below 100k,USSD,Active,Yes,0.5316,Medium,Secondary Verification (SMS/OTP),2.0.0-week3,2026-09-30T14:43:51.571607+00:00
FT-T008696,FT-C01082,2026-03-07 05:13:00,Transfer,745.25,Mobile App,Android,Abuja,No,Successful,Yes,42,Male,Abuja,SME,Savings,90,79.7,Below 100k,Mobile App,Active,Yes,0.5536,Medium,Secondary Verification (SMS/OTP),2.0.0-week3,2026-09-30T14:43:51.571607+00:00
FT-T000625,FT-C00242,2026-01-05 16:19:00,Cash Withdrawal,1451.36,Web,iOS,Lagos,No,Successful,No,53,Male,Lagos,Everyday,Current,26,38.9,100k-249k,USSD,Active,Yes,0.4474,Medium,Secondary Verification (SMS/OTP),2.0.0-week3,2026-09-30T14:43:51.571607+00:00
FT-T000880,FT-C01455,2026-01-07 14:13:00,Card Purchase,937.0,POS,ATM Terminal,Kaduna,No,Successful,Yes,36,Female,Lagos,Everyday,Savings,61,58.2,Below 100k,Mobile App,Active,No,0.3077,Medium,Secondary Verification (SMS/OTP),2.0.0-week3,2026-09-30T14:43:51.571607+00:00
FT-T005859,FT-C00756,2026-02-13 22:31:00,Card Purchase,9569.03,USSD,iOS,Ibadan,No,Pending,No,65,Male,Port Harcourt,Premium,Savings,88,58.4,Below 100k,Mobile App,Active,No,0.2949,Low,Auto-Approve,2.0.0-week3,2026-09-30T14:43:51.571607+00:00
FT-T001323,FT-C00237,2026-01-10 21:58:00,Airtime/Data,615.21,Mobile App,Android,Enugu,No,Successful,No,23,Male,Kaduna,Everyday,Savings,67,32.1,Below 100k,USSD,Active,Yes,0.3546,Medium,Secondary Verification (SMS/OTP),2.0.0-week3,2026-09-30T14:43:51.571607+00:00
FT-T004778,FT-C00056,2026-02-05 19:55:00,Card Purchase,10044.25,ATM,Android,Kano,No,Successful,No,64,Male,Kano,Premium,Savings,80,85.2,250k-499k,Mobile App,Active,No,0.3042,Medium,Secondary Verification (SMS/OTP),2.0.0-week3,2026-09-30T14:43:51.571607+00:00
FT-T007134,FT-C01301,2026-02-23 12:02:00,Transfer,307547.78,ATM,iOS,Port Harcourt,No,Successful,No,54,Male,Lagos,Student,Savings,11,68.1,500k-999k,Web,Active,Yes,0.5845,Medium,Secondary Verification (SMS/OTP),2.0.0-week3,2026-09-30T14:43:51.571607+00:00
FT-T009498,FT-C00783,2026-03-13 05:36:00,Transfer,4628.85,POS,Web Browser,Enugu,No,Successful,No,51,Male,Ibadan,Everyday,Savings,20,71.1,100k-249k,Mobile App,Active,Yes,0.5814,Medium,Secondary Verification (SMS/OTP),2.0.0-week3,2026-09-30T14:43:51.571607+00:00
FT-T006040,FT-C00371,2026-02-15 07:06:00,Bill Payment,84849.92,Mobile App,iOS,Abuja,No,Successful,No,41,Male,Port Harcourt,Premium,Savings,74,53.6,100k-249k,Mobile App,Active,No,0.22,Low,Auto-Approve,2.0.0-week3,2026-09-30T14:43:51.571607+00:00
FT-T009334,FT-C00770,2026-03-12 00:04:00,Cash Withdrawal,28364.65,POS,ATM Terminal,Enugu,No,Successful,Yes,36,Female,Kano,SME,Premium,33,39.9,500k-999k,Mobile App,Active,Yes,0.4869,Medium,Secondary Verification (SMS/OTP),2.0.0-week3,2026-09-30T14:43:51.571607+00:00
FT-T007296,FT-C01212,2026-02-24 17:12:00,Transfer,29070.41,Web,Web Browser,Kano,No,Successful,Yes,44,Female,Lagos,SME,Current,2,63.3,250k-499k,Mobile App,Active,Yes,0.5088,Medium,Secondary Verification (SMS/OTP),2.0.0-week3,2026-09-30T14:43:51.571607+00:00
FT-T003342,FT-C00683,2026-01-26 01:25:00,Bill Payment,1749.78,Mobile App,ATM Terminal,Benin City,No,Successful,No,52,Female,Abuja,Student,Savings,77,100.0,Below 100k,Mobile App,Active,Yes,0.4055,Medium,Secondary Verification (SMS/OTP),2.0.0-week3,2026-09-30T14:43:51.571607+00:00
FT-T004320,FT-C00525,2026-02-02 09:29:00,Bill Payment,787.32,Web,iOS,Kaduna,No,Successful,No,46,Male,Lagos,Everyday,Savings,72,87.1,100k-249k,Mobile App,Restricted,No,0.2888,Low,Auto-Approve,2.0.0-week3,2026-09-30T14:43:51.571607+00:00
FT-T010427,FT-C01421,2026-03-20 04:50:00,Airtime/Data,7490.06,Web,Android,Abuja,No,Successful,Yes,50,Female,Benin City,Everyday,Savings,55,37.8,250k-499k,Web,Active,Yes,0.5655,Medium,Secondary Verification (SMS/OTP),2.0.0-week3,2026-09-30T14:43:51.571607+00:00
FT-T005561,FT-C01337,2026-02-11 16:52:00,Card Purchase,63035.07,ATM,iOS,Abuja,No,Successful,No,61,Male,Lagos,Everyday,Savings,47,76.6,500k-999k,Mobile App,Active,No,0.3013,Medium,Secondary Verification (SMS/OTP),2.0.0-week3,2026-09-30T14:43:51.571607+00:00
FT-T005053,FT-C00121,2026-02-07 21:26:00,Transfer,71853.53,Mobile App,Android,Enugu,No,Reversed,No,65,Male,Lagos,Premium,Premium,31,54.8,250k-499k,Mobile App,Active,Yes,0.5399,Medium,Secondary Verification (SMS/OTP),2.0.0-week3,2026-09-30T14:43:51.571607+00:00
FT-T011067,FT-C01009,2026-03-25 00:02:00,Card Purchase,7090.21,Web,POS Terminal,Abuja,No,Successful,No,54,Female,Ibadan,Everyday,Savings,40,53.8,Below 100k,Mobile App,Active,Yes,0.4885,Medium,Secondary Verification (SMS/OTP),2.0.0-week3,2026-09-30T14:43:51.571607+00:00
FT-T010480,FT-C00048,2026-03-20 14:22:00,Card Purchase,3819.92,Web,iOS,Port Harcourt,No,Pending,No,43,Male,Lagos,SME,Savings,90,75.2,1m+,Mobile App,Active,No,0.3135,Medium,Secondary Verification (SMS/OTP),2.0.0-week3,2026-09-30T14:43:51.571607+00:00
FT-T010451,FT-C00882,2026-03-20 09:09:00,Card Purchase,2312.12,Mobile App,Web Browser,Enugu,No,Successful,No,39,Male,Ibadan,Premium,Savings,57,40.7,500k-999k,Mobile App,Active,No,0.2846,Low,Auto-Approve,2.0.0-week3,2026-09-30T14:43:51.571607+00:00
FT-T004906,FT-C01176,2026-02-06 18:58:00,Cash Withdrawal,10194.71,POS,,Port Harcourt,No,Successful,No,26,Female,Port Harcourt,Everyday,Savings,1,35.7,1m+,Mobile App,Active,Yes,0.4389,Medium,Secondary Verification (SMS/OTP),2.0.0-week3,2026-09-30T14:43:51.571607+00:00
FT-T001494,FT-C00620,2026-01-12 04:45:00,Card Purchase,70108.57,POS,POS Terminal,Port Harcourt,No,Successful,No,55,Female,Lagos,SME,Savings,58,88.2,250k-499k,Web,Active,Yes,0.421,Medium,Secondary Verification (SMS/OTP),2.0.0-week3,2026-09-30T14:43:51.571607+00:00
FT-T002166,FT-C00595,2026-01-17 05:43:00,Card Purchase,4857.92,Mobile App,Web Browser,Benin City,No,Successful,No,29,Prefer not to say,Abuja,SME,Current,52,96.7,250k-499k,Mobile App,Active,Yes,0.3837,Medium,Secondary Verification (SMS/OTP),2.0.0-week3,2026-09-30T14:43:51.571607+00:00
FT-T003705,FT-C01085,2026-01-28 18:46:00,Bill Payment,80976.25,Mobile App,POS Terminal,Kaduna,No,Successful,No,64,Female,Port Harcourt,SME,Current,95,40.7,100k-249k,Mobile App,Active,No,0.2733,Low,Auto-Approve,2.0.0-week3,2026-09-30T14:43:51.571607+00:00
FT-T011579,FT-C00624,2026-03-28 20:12:00,Transfer,14242.03,Mobile App,iOS,Lagos,No,Successful,No,57,Male,Lagos,Premium,Savings,3,79.5,100k-249k,Mobile App,Active,Yes,0.4928,Medium,Secondary Verification (SMS/OTP),2.0.0-week3,2026-09-30T14:43:51.571607+00:00
FT-T004157,FT-C01274,2026-02-01 04:08:00,Card Purchase,4916.71,POS,iOS,Port Harcourt,No,Successful,No,45,Male,Enugu,SME,Savings,56,100.0,100k-249k,Mobile App,Active,Yes,0.3839,Medium,Secondary Verification (SMS/OTP),2.0.0-week3,2026-09-30T14:43:51.571607+00:00
FT-T001868,FT-C00419,2026-01-15 00:05:00,Bill Payment,630.12,Mobile App,ATM Terminal,Abuja,No,Successful,Yes,60,Female,Ibadan,Premium,Savings,17,56.0,250k-499k,Mobile App,Active,Yes,0.4287,Medium,Secondary Verification (SMS/OTP),2.0.0-week3,2026-09-30T14:43:51.571607+00:00
FT-T011062,FT-C01483,2026-03-24 23:08:00,Card Purchase,964.8,Mobile App,Web Browser,Kaduna,No,Successful,No,64,Female,Abuja,Premium,Current,23,65.7,Below 100k,USSD,Active,No,0.2499,Low,Auto-Approve,2.0.0-week3,2026-09-30T14:43:51.571607+00:00
FT-T010450,FT-C00845,2026-03-20 08:58:00,Transfer,4268.51,ATM,Web Browser,Kaduna,No,Successful,Yes,48,Male,Abuja,Student,Savings,9,79.3,250k-499k,Mobile App,Active,Yes,0.5629,Medium,Secondary Verification (SMS/OTP),2.0.0-week3,2026-09-30T14:43:51.571607+00:00
FT-T003129,FT-C00881,2026-01-24 11:05:00,Transfer,535.67,Web,Android,Kaduna,No,Successful,No,64,Female,Benin City,Everyday,Current,18,67.7,100k-249k,Web,Active,Yes,0.4486,Medium,Secondary Verification (SMS/OTP),2.0.0-week3,2026-09-30T14:43:51.571607+00:00
FT-T007269,FT-C00376,2026-02-24 12:20:00,Deposit,69575.77,POS,ATM Terminal,Port Harcourt,No,Successful,No,19,Female,Abuja,Student,Premium,13,88.0,100k-249k,USSD,Active,No,0.3055,Medium,Secondary Verification (SMS/OTP),2.0.0-week3,2026-09-30T14:43:51.571607+00:00
FT-T006569,FT-C00292,2026-02-19 06:20:00,Bill Payment,30322.06,Mobile App,Android,Kano,No,Successful,No,37,Female,Benin City,Everyday,Current,90,88.3,500k-999k,USSD,Active,No,0.292,Low,Auto-Approve,2.0.0-week3,2026-09-30T14:43:51.571607+00:00
FT-T002637,FT-C00179,2026-01-20 18:31:00,Card Purchase,397.08,Mobile App,Android,Benin City,No,Successful,Yes,42,Male,Port Harcourt,Premium,Current,96,51.8,250k-499k,USSD,Active,No,0.1413,Low,Auto-Approve,2.0.0-week3,2026-09-30T14:43:51.571607+00:00
FT-T011339,FT-C01267,2026-03-27 01:00:00,Transfer,46630.85,Mobile App,Web Browser,Port Harcourt,Yes,Successful,No,27,Female,Lagos,Premium,Savings,83,51.1,250k-499k,Mobile App,Active,Yes,0.6391,Medium,Secondary Verification (SMS/OTP),2.0.0-week3,2026-09-30T14:43:51.571607+00:00
FT-T008867,FT-C01066,2026-03-08 12:00:00,Cash Withdrawal,14139.21,POS,,Kano,No,Successful,Yes,42,Female,Enugu,Student,Savings,66,83.8,Below 100k,USSD,Active,Yes,0.5479,Medium,Secondary Verification (SMS/OTP),2.0.0-week3,2026-09-30T14:43:51.571607+00:00
FT-T009557,FT-C00368,2026-03-13 16:13:00,Airtime/Data,4380.43,Mobile App,iOS,Lagos,Yes,Successful,No,20,Female,Kano,Premium,Current,71,65.3,1m+,Web,Active,No,0.3472,Medium,Secondary Verification (SMS/OTP),2.0.0-week3,2026-09-30T14:43:51.571607+00:00
FT-T009359,FT-C00715,2026-03-12 04:34:00,Deposit,174602.38,Mobile App,ATM Terminal,Kaduna,No,Successful,No,53,Male,Kaduna,Student,Savings,56,93.2,250k-499k,Mobile App,Active,Yes,0.4772,Medium,Secondary Verification (SMS/OTP),2.0.0-week3,2026-09-30T14:43:51.571607+00:00
FT-T001310,FT-C00826,2026-01-10 19:38:00,Bill Payment,8453.03,Mobile App,POS Terminal,Enugu,No,Successful,Yes,21,Prefer not to say,Port Harcourt,Premium,Premium,56,95.9,100k-249k,Web,Active,No,0.2182,Low,Auto-Approve,2.0.0-week3,2026-09-30T14:43:51.571607+00:00
FT-T006249,FT-C00777,2026-02-16 20:44:00,Card Purchase,45216.91,Mobile App,iOS,Ibadan,No,Successful,No,62,Male,Lagos,Everyday,Current,42,34.9,500k-999k,Mobile App,Active,No,0.2131,Low,Auto-Approve,2.0.0-week3,2026-09-30T14:43:51.571607+00:00
FT-T009982,FT-C00915,2026-03-16 20:43:00,Card Purchase,125010.37,Mobile App,Android,Enugu,No,Successful,No,55,Male,Abuja,Everyday,Premium,9,74.0,1m+,USSD,Active,No,0.2369,Low,Auto-Approve,2.0.0-week3,2026-09-30T14:43:51.571607+00:00
FT-T002350,FT-C00661,2026-01-18 14:51:00,Deposit,218517.23,Mobile App,iOS,Ibadan,No,Successful,No,25,Female,Port Harcourt,SME,Savings,49,60.8,1m+,Mobile App,Active,Yes,0.4759,Medium,Secondary Verification (SMS/OTP),2.0.0-week3,2026-09-30T14:43:51.571607+00:00
FT-T010813,FT-C01453,2026-03-23 02:19:00,Cash Withdrawal,45668.64,POS,Android,Ibadan,No,Successful,No,51,Male,Port Harcourt,Everyday,Savings,93,76.5,100k-249k,Mobile App,Active,Yes,0.5479,Medium,Secondary Verification (SMS/OTP),2.0.0-week3,2026-09-30T14:43:51.571607+00:00
FT-T004268,FT-C01290,2026-02-02 00:07:00,Card Purchase,87105.2,Mobile App,iOS,Port Harcourt,No,Pending,No,25,Female,Port Harcourt,SME,Current,3,88.3,1m+,Mobile App,Active,Yes,0.3761,Medium,Secondary Verification (SMS/OTP),2.0.0-week3,2026-09-30T14:43:51.571607+00:00
FT-T005632,FT-C01454,2026-02-12 05:39:00,Transfer,819.1,Mobile App,iOS,Kaduna,No,Successful,Yes,29,Male,Lagos,SME,Savings,35,61.5,500k-999k,Mobile App,Active,Yes,0.6347,Medium,Secondary Verification (SMS/OTP),2.0.0-week3,2026-09-30T14:43:51.571607+00:00
FT-T000087,FT-C00719,2026-01-01 15:28:00,Deposit,534561.42,POS,iOS,Benin City,No,Successful,No,50,Male,Ibadan,SME,Current,92,62.5,100k-249k,Mobile App,Active,Yes,0.4403,Medium,Secondary Verification (SMS/OTP),2.0.0-week3,2026-09-30T14:43:51.571607+00:00
FT-T003973,FT-C01184,2026-01-30 19:01:00,Cash Withdrawal,116136.07,Mobile App,Android,Ibadan,Yes,Successful,Yes,18,Male,Enugu,Premium,Savings,28,83.3,Below 100k,USSD,Active,Yes,0.4395,Medium,Secondary Verification (SMS/OTP),2.0.0-week3,2026-09-30T14:43:51.571607+00:00
FT-T004004,FT-C00881,2026-01-31 00:35:00,Cash Withdrawal,10161.0,Mobile App,Android,Kaduna,No,Successful,Yes,64,Female,Benin City,Everyday,Current,18,67.7,100k-249k,Web,Active,Yes,0.5575,Medium,Secondary Verification (SMS/OTP),2.0.0-week3,2026-09-30T14:43:51.571607+00:00
FT-T002512,FT-C00948,2026-01-19 20:01:00,Card Purchase,20065.4,POS,Web Browser,Abuja,No,Successful,No,36,Male,Lagos,SME,Savings,2,37.0,100k-249k,Mobile App,Active,No,0.3307,Medium,Secondary Verification (SMS/OTP),2.0.0-week3,2026-09-30T14:43:51.571607+00:00
FT-T007126,FT-C00840,2026-02-23 10:36:00,Deposit,7666.71,Mobile App,Android,Kaduna,No,Successful,No,65,Male,Ibadan,Premium,Current,52,100.0,100k-249k,Mobile App,Active,No,0.3403,Medium,Secondary Verification (SMS/OTP),2.0.0-week3,2026-09-30T14:43:51.571607+00:00
FT-T001559,FT-C00222,2026-01-12 16:27:00,Transfer,108935.05,POS,POS Terminal,Kaduna,No,Successful,No,49,Male,Lagos,Premium,Savings,24,68.2,100k-249k,Mobile App,Dormant,Yes,0.5107,Medium,Secondary Verification (SMS/OTP),2.0.0-week3,2026-09-30T14:43:51.571607+00:00
FT-T003683,FT-C00131,2026-01-28 14:48:00,Airtime/Data,4674.2,Web,iOS,Enugu,No,Successful,No,18,Male,Lagos,Everyday,Current,43,60.8,Below 100k,USSD,Active,No,0.3333,Medium,Secondary Verification (SMS/OTP),2.0.0-week3,2026-09-30T14:43:51.571607+00:00
FT-T006577,FT-C00526,2026-02-19 07:46:00,Deposit,161366.37,POS,iOS,Enugu,No,Successful,No,30,Female,Ibadan,Everyday,Savings,43,84.9,100k-249k,Mobile App,Active,Yes,0.3503,Medium,Secondary Verification (SMS/OTP),2.0.0-week3,2026-09-30T14:43:51.571607+00:00
FT-T007684,FT-C00304,2026-02-27 15:03:00,Card Purchase,72605.06,Mobile App,Web Browser,Lagos,No,Failed,No,33,Female,Lagos,SME,Savings,93,60.8,100k-249k,Mobile App,Active,Yes,0.3943,Medium,Secondary Verification (SMS/OTP),2.0.0-week3,2026-09-30T14:43:51.571607+00:00
FT-T009071,FT-C00402,2026-03-10 00:44:00,Transfer,31624.08,POS,Android,Port Harcourt,No,Successful,No,33,Male,Kaduna,Premium,Savings,65,100.0,Below 100k,Mobile App,Active,Yes,0.5886,Medium,Secondary Verification (SMS/OTP),2.0.0-week3,2026-09-30T14:43:51.571607+00:00
FT-T011812,FT-C00137,2026-03-30 14:09:00,Cash Withdrawal,35636.23,POS,Android,Kano,No,Failed,Yes,18,Female,Kano,Premium,Savings,68,55.3,1m+,Web,Active,Yes,0.5268,Medium,Secondary Verification (SMS/OTP),2.0.0-week3,2026-09-30T14:43:51.571607+00:00
FT-T001601,FT-C00689,2026-01-13 00:01:00,Cash Withdrawal,2340.26,USSD,Web Browser,Abuja,No,Successful,No,31,Female,Kano,Everyday,Savings,95,58.3,250k-499k,Mobile App,Active,Yes,0.5212,Medium,Secondary Verification (SMS/OTP),2.0.0-week3,2026-09-30T14:43:51.571607+00:00
FT-T009411,FT-C00261,2026-03-12 13:56:00,Transfer,396021.81,Mobile App,Android,Port Harcourt,No,Successful,Yes,48,Female,Abuja,Everyday,Savings,90,67.3,Below 100k,Mobile App,Dormant,Yes,0.6808,Medium,Secondary Verification (SMS/OTP),2.0.0-week3,2026-09-30T14:43:51.571607+00:00
FT-T010178,FT-C00553,2026-03-18 08:00:00,Bill Payment,34461.8,Mobile App,iOS,Benin City,No,Successful,No,26,Female,Lagos,SME,Premium,7,58.7,100k-249k,Mobile App,Active,No,0.3115,Medium,Secondary Verification (SMS/OTP),2.0.0-week3,2026-09-30T14:43:51.571607+00:00
FT-T011380,FT-C01356,2026-03-27 08:23:00,Transfer,1581.21,Mobile App,Android,Lagos,No,Successful,No,56,Female,Lagos,Everyday,Savings,12,91.7,Below 100k,Mobile App,Active,Yes,0.5167,Medium,Secondary Verification (SMS/OTP),2.0.0-week3,2026-09-30T14:43:51.571607+00:00
FT-T005391,FT-C00051,2026-02-10 10:16:00,Bill Payment,4168.51,POS,Web Browser,Ibadan,No,Successful,No,45,Female,Port Harcourt,Everyday,Savings,16,65.5,100k-249k,Mobile App,Active,Yes,0.3622,Medium,Secondary Verification (SMS/OTP),2.0.0-week3,2026-09-30T14:43:51.571607+00:00
FT-T009802,FT-C00141,2026-03-15 12:19:00,Card Purchase,11098.96,Mobile App,Android,Port Harcourt,No,Successful,Yes,56,Female,Lagos,SME,Current,63,76.6,100k-249k,Web,Dormant,No,0.2763,Low,Auto-Approve,2.0.0-week3,2026-09-30T14:43:51.571607+00:00
FT-T001890,FT-C01136,2026-01-15 04:02:00,Card Purchase,29973.48,ATM,Android,Enugu,No,Successful,No,48,Male,Abuja,Student,Savings,32,85.0,250k-499k,Mobile App,Active,Yes,0.5152,Medium,Secondary Verification (SMS/OTP),2.0.0-week3,2026-09-30T14:43:51.571607+00:00
FT-T005581,FT-C00776,2026-02-11 20:29:00,Transfer,10486.72,Mobile App,Android,Kaduna,No,Successful,Yes,18,Female,Kaduna,Everyday,Savings,72,93.5,Below 100k,Mobile App,Active,Yes,0.5643,Medium,Secondary Verification (SMS/OTP),2.0.0-week3,2026-09-30T14:43:51.571607+00:00
FT-T000514,FT-C00185,2026-01-04 20:20:00,Airtime/Data,279.49,USSD,Android,Benin City,No,Successful,No,58,Female,Lagos,Premium,Savings,32,84.8,1m+,Mobile App,Active,Yes,0.3584,Medium,Secondary Verification (SMS/OTP),2.0.0-week3,2026-09-30T14:43:51.571607+00:00
FT-T005533,FT-C01103,2026-02-11 11:50:00,Transfer,2695.31,POS,iOS,Enugu,No,Successful,No,44,Female,Ibadan,Everyday,Savings,66,72.9,Below 100k,Web,Active,Yes,0.4291,Medium,Secondary Verification (SMS/OTP),2.0.0-week3,2026-09-30T14:43:51.571607+00:00
FT-T002012,FT-C00542,2026-01-16 02:00:00,Transfer,28147.97,USSD,Web Browser,Port Harcourt,No,Successful,No,24,Male,Ibadan,Everyday,Current,61,54.1,250k-499k,Mobile App,Dormant,Yes,0.5422,Medium,Secondary Verification (SMS/OTP),2.0.0-week3,2026-09-30T14:43:51.571607+00:00
FT-T005638,FT-C00853,2026-02-12 06:44:00,Card Purchase,7618.21,POS,Web Browser,Benin City,No,Failed,No,20,Male,Kaduna,Premium,Savings,18,77.6,500k-999k,Mobile App,Active,No,0.3332,Medium,Secondary Verification (SMS/OTP),2.0.0-week3,2026-09-30T14:43:51.571607+00:00
FT-T011983,FT-C01480,2026-03-31 20:56:00,Transfer,21841.78,POS,iOS,Benin City,No,Successful,No,58,Female,Port Harcourt,Everyday,Current,93,80.8,100k-249k,Web,Active,Yes,0.45,Medium,Secondary Verification (SMS/OTP),2.0.0-week3,2026-09-30T14:43:51.571607+00:00
FT-T008340,FT-C00876,2026-03-04 13:08:00,Card Purchase,8546.96,POS,Android,Abuja,No,Successful,No,43,Male,Kano,SME,Savings,83,54.1,1m+,Mobile App,Active,No,0.2422,Low,Auto-Approve,2.0.0-week3,2026-09-30T14:43:51.571607+00:00
FT-T010663,FT-C00254,2026-03-21 23:19:00,Deposit,1636.57,USSD,Web Browser,Kano,No,Successful,No,35,Male,Enugu,Everyday,Savings,51,26.5,500k-999k,Mobile App,Active,No,0.3421,Medium,Secondary Verification (SMS/OTP),2.0.0-week3,2026-09-30T14:43:51.571607+00:00
FT-T001636,FT-C00483,2026-01-13 06:19:00,Cash Withdrawal,45057.05,POS,POS Terminal,Kaduna,No,Successful,No,38,Female,Ibadan,Everyday,Current,36,77.4,500k-999k,USSD,Active,Yes,0.4165,Medium,Secondary Verification (SMS/OTP),2.0.0-week3,2026-09-30T14:43:51.571607+00:00
FT-T008821,FT-C00379,2026-03-08 03:43:00,Cash Withdrawal,26030.57,POS,iOS,Lagos,No,Successful,No,19,Male,Port Harcourt,Everyday,Savings,33,73.2,1m+,USSD,Dormant,Yes,0.4697,Medium,Secondary Verification (SMS/OTP),2.0.0-week3,2026-09-30T14:43:51.571607+00:00
FT-T004249,FT-C00998,2026-02-01 20:42:00,Bill Payment,748.23,POS,iOS,Benin City,No,Failed,Yes,21,Male,Lagos,Everyday,Savings,67,99.6,1m+,Mobile App,Active,Yes,0.4302,Medium,Secondary Verification (SMS/OTP),2.0.0-week3,2026-09-30T14:43:51.571607+00:00
FT-T007059,FT-C01417,2026-02-22 22:32:00,Card Purchase,975.26,Mobile App,POS Terminal,Port Harcourt,No,Successful,No,64,Male,Benin City,Everyday,Savings,68,67.1,Below 100k,USSD,Active,No,0.2598,Low,Auto-Approve,2.0.0-week3,2026-09-30T14:43:51.571607+00:00
FT-T004452,FT-C01336,2026-02-03 09:14:00,Deposit,94744.45,Mobile App,Android,Kano,No,Successful,No,51,Male,Lagos,SME,Savings,92,16.7,100k-249k,Mobile App,Active,Yes,0.3586,Medium,Secondary Verification (SMS/OTP),2.0.0-week3,2026-09-30T14:43:51.571607+00:00
FT-T011429,FT-C00266,2026-03-27 17:12:00,Deposit,1302.98,POS,Android,Ibadan,No,Successful,No,33,Female,Abuja,Everyday,Savings,83,100.0,500k-999k,Mobile App,Active,No,0.3024,Medium,Secondary Verification (SMS/OTP),2.0.0-week3,2026-09-30T14:43:51.571607+00:00
FT-T007323,FT-C00910,2026-02-24 22:04:00,Transfer,37824.11,ATM,Web Browser,Port Harcourt,No,Failed,No,63,Male,Ibadan,Student,Savings,3,73.8,100k-249k,Web,Active,Yes,0.4424,Medium,Secondary Verification (SMS/OTP),2.0.0-week3,2026-09-30T14:43:51.571607+00:00
FT-T000052,FT-C00984,2026-01-01 09:10:00,Airtime/Data,2918.91,Mobile App,POS Terminal,Ibadan,No,Successful,No,32,Female,Kaduna,Student,Savings,47,56.6,100k-249k,Mobile App,Active,No,0.3287,Medium,Secondary Verification (SMS/OTP),2.0.0-week3,2026-09-30T14:43:51.571607+00:00
FT-T002624,FT-C01189,2026-01-20 16:10:00,Transfer,20476.61,USSD,Android,Kaduna,No,Successful,No,63,Prefer not to say,Abuja,Everyday,Savings,87,90.8,Below 100k,Web,Active,Yes,0.3762,Medium,Secondary Verification (SMS/OTP),2.0.0-week3,2026-09-30T14:43:51.571607+00:00
FT-T006509,FT-C00632,2026-02-18 19:32:00,Cash Withdrawal,13873.86,USSD,iOS,Port Harcourt,No,Successful,No,55,Female,Lagos,Student,Savings,93,55.1,500k-999k,Mobile App,Active,Yes,0.3836,Medium,Secondary Verification (SMS/OTP),2.0.0-week3,2026-09-30T14:43:51.571607+00:00
FT-T000938,FT-C00279,2026-01-08 00:40:00,Deposit,41809.44,Web,Web Browser,Port Harcourt,No,Successful,No,36,Male,Ibadan,Premium,Current,38,63.3,Below 100k,Mobile App,Active,Yes,0.4361,Medium,Secondary Verification (SMS/OTP),2.0.0-week3,2026-09-30T14:43:51.571607+00:00
FT-T007910,FT-C00547,2026-03-01 07:44:00,Transfer,1775.51,POS,Android,Abuja,No,Successful,No,53,Female,Ibadan,Everyday,Savings,31,86.2,Below 100k,Mobile App,Active,Yes,0.5022,Medium,Secondary Verification (SMS/OTP),2.0.0-week3,2026-09-30T14:43:51.571607+00:00
FT-T011973,FT-C00774,2026-03-31 19:08:00,Airtime/Data,305.61,Mobile App,ATM Terminal,Enugu,No,Successful,No,26,Male,Abuja,SME,Current,39,34.3,Below 100k,Mobile App,Dormant,No,0.2491,Low,Auto-Approve,2.0.0-week3,2026-09-30T14:43:51.571607+00:00
FT-T001292,FT-C01334,2026-01-10 16:23:00,Cash Withdrawal,27779.5,POS,POS Terminal,Kano,No,Successful,No,47,Male,Ibadan,Everyday,Premium,25,94.5,500k-999k,USSD,Active,Yes,0.5038,Medium,Secondary Verification (SMS/OTP),2.0.0-week3,2026-09-30T14:43:51.571607+00:00
FT-T007025,FT-C01458,2026-02-22 16:25:00,Deposit,20602.46,Mobile App,Android,Ibadan,No,Successful,No,34,Female,Lagos,Student,Current,29,54.7,Below 100k,Mobile App,Active,No,0.2807,Low,Auto-Approve,2.0.0-week3,2026-09-30T14:43:51.571607+00:00
FT-T007162,FT-C00831,2026-02-23 17:05:00,Deposit,1247.03,Mobile App,Android,Enugu,No,Failed,No,37,Male,Port Harcourt,Premium,Savings,64,84.3,500k-999k,Mobile App,Dormant,Yes,0.3541,Medium,Secondary Verification (SMS/OTP),2.0.0-week3,2026-09-30T14:43:51.571607+00:00
FT-T008485,FT-C00445,2026-03-05 15:14:00,Transfer,10716.68,Web,Android,Abuja,No,Failed,Yes,43,Male,Port Harcourt,Premium,Savings,88,64.1,250k-499k,Mobile App,Active,Yes,0.4201,Medium,Secondary Verification (SMS/OTP),2.0.0-week3,2026-09-30T14:43:51.571607+00:00
FT-T004322,FT-C00393,2026-02-02 09:50:00,Transfer,339842.41,ATM,iOS,,No,Successful,Yes,41,Male,Abuja,Premium,Premium,49,77.1,250k-499k,USSD,Active,Yes,0.6117,Medium,Secondary Verification (SMS/OTP),2.0.0-week3,2026-09-30T14:43:51.571607+00:00
FT-T005236,FT-C01001,2026-02-09 06:22:00,Deposit,4797.19,Mobile App,iOS,Lagos,Yes,Successful,Yes,50,Male,Abuja,Everyday,Premium,15,94.9,100k-249k,Web,Active,Yes,0.3903,Medium,Secondary Verification (SMS/OTP),2.0.0-week3,2026-09-30T14:43:51.571607+00:00
FT-T002265,FT-C01040,2026-01-17 23:33:00,Card Purchase,17219.85,ATM,ATM Terminal,Enugu,No,Successful,No,61,Prefer not to say,Abuja,Student,Current,95,54.1,500k-999k,Web,Active,No,0.2449,Low,Auto-Approve,2.0.0-week3,2026-09-30T14:43:51.571607+00:00
FT-T006588,FT-C01077,2026-02-19 09:45:00,Card Purchase,31698.26,POS,Android,Port Harcourt,No,Successful,No,55,Male,Lagos,SME,Savings,86,72.6,Below 100k,Mobile App,Active,No,0.2811,Low,Auto-Approve,2.0.0-week3,2026-09-30T14:43:51.571607+00:00
FT-T008705,FT-C00096,2026-03-07 06:51:00,Card Purchase,38248.97,Mobile App,iOS,Enugu,No,Successful,No,42,Female,Port Harcourt,SME,Savings,41,73.8,250k-499k,Mobile App,Active,Yes,0.3692,Medium,Secondary Verification (SMS/OTP),2.0.0-week3,2026-09-30T14:43:51.571607+00:00
FT-T008929,FT-C00821,2026-03-08 23:10:00,Transfer,335672.76,Mobile App,ATM Terminal,Kano,No,Successful,No,47,Female,Abuja,SME,Current,38,83.6,Below 100k,Mobile App,Active,Yes,0.6649,Medium,Secondary Verification (SMS/OTP),2.0.0-week3,2026-09-30T14:43:51.571607+00:00
FT-T011273,FT-C00392,2026-03-26 13:07:00,Bill Payment,2193.2,POS,Web Browser,Ibadan,No,Successful,No,42,Female,Ibadan,Everyday,Savings,72,85.7,250k-499k,USSD,Active,Yes,0.3773,Medium,Secondary Verification (SMS/OTP),2.0.0-week3,2026-09-30T14:43:51.571607+00:00
FT-T011781,FT-C00787,2026-03-30 08:34:00,Transfer,23081.54,Web,iOS,Kaduna,No,Successful,No,56,Male,Lagos,Everyday,Premium,89,77.4,Below 100k,Mobile App,Dormant,Yes,0.4674,Medium,Secondary Verification (SMS/OTP),2.0.0-week3,2026-09-30T14:43:51.571607+00:00
FT-T010212,FT-C00334,2026-03-18 14:07:00,Card Purchase,30939.2,Web,Android,Abuja,No,Successful,No,50,Male,Lagos,Premium,Premium,1,70.4,250k-499k,Web,Dormant,No,0.2795,Low,Auto-Approve,2.0.0-week3,2026-09-30T14:43:51.571607+00:00
FT-T001394,FT-C00694,2026-01-11 10:45:00,Transfer,1177.27,ATM,Android,Ibadan,No,Failed,No,33,Female,Enugu,SME,Savings,34,93.8,100k-249k,Mobile App,Active,Yes,0.5335,Medium,Secondary Verification (SMS/OTP),2.0.0-week3,2026-09-30T14:43:51.571607+00:00
FT-T009440,FT-C01302,2026-03-12 19:09:00,Transfer,60532.43,Mobile App,Android,Kano,No,Failed,Yes,38,Male,Benin City,Everyday,Savings,90,83.9,100k-249k,Mobile App,Active,Yes,0.4463,Medium,Secondary Verification (SMS/OTP),2.0.0-week3,2026-09-30T14:43:51.571607+00:00
FT-T006893,FT-C01173,2026-02-21 16:39:00,Card Purchase,4832.08,Mobile App,iOS,Kaduna,No,Successful,No,59,Female,Lagos,Everyday,Savings,86,85.0,100k-249k,Mobile App,Active,Yes,0.3521,Medium,Secondary Verification (SMS/OTP),2.0.0-week3,2026-09-30T14:43:51.571607+00:00
FT-T007735,FT-C00400,2026-02-28 00:14:00,Card Purchase,165507.94,Mobile App,iOS,Enugu,No,Successful,Yes,25,Female,Lagos,SME,Premium,6,52.3,250k-499k,Mobile App,Active,Yes,0.5541,Medium,Secondary Verification (SMS/OTP),2.0.0-week3,2026-09-30T14:43:51.571607+00:00
FT-T009879,FT-C01172,2026-03-16 02:11:00,Airtime/Data,7672.89,Mobile App,Android,Lagos,No,Failed,Yes,25,Female,Lagos,Everyday,Current,46,71.0,250k-499k,Mobile App,Active,Yes,0.4704,Medium,Secondary Verification (SMS/OTP),2.0.0-week3,2026-09-30T14:43:51.571607+00:00
FT-T005016,FT-C00529,2026-02-07 14:46:00,Transfer,64398.7,Mobile App,iOS,Benin City,No,Successful,No,63,Male,Ibadan,Premium,Savings,57,79.3,Below 100k,USSD,Active,Yes,0.4505,Medium,Secondary Verification (SMS/OTP),2.0.0-week3,2026-09-30T14:43:51.571607+00:00
FT-T000271,FT-C00451,2026-01-03 00:36:00,Deposit,367559.33,ATM,Android,Kano,No,Successful,No,64,Male,Lagos,Student,Premium,89,87.0,Below 100k,Mobile App,Active,Yes,0.6009,Medium,Secondary Verification (SMS/OTP),2.0.0-week3,2026-09-30T14:43:51.571607+00:00
FT-T000445,FT-C00796,2026-01-04 07:55:00,Card Purchase,13032.91,USSD,iOS,Enugu,No,Successful,No,47,Male,Lagos,Premium,Current,56,78.1,250k-499k,Mobile App,Active,No,0.3053,Medium,Secondary Verification (SMS/OTP),2.0.0-week3,2026-09-30T14:43:51.571607+00:00
FT-T011331,FT-C01227,2026-03-26 23:34:00,Card Purchase,3311.67,Mobile App,iOS,Benin City,No,Successful,No,38,Male,Kano,Premium,Savings,44,66.1,100k-249k,Mobile App,Active,No,0.3391,Medium,Secondary Verification (SMS/OTP),2.0.0-week3,2026-09-30T14:43:51.571607+00:00
FT-T001570,FT-C00956,2026-01-12 18:26:00,Airtime/Data,338.88,ATM,POS Terminal,Ibadan,No,Successful,No,23,Female,Enugu,Everyday,Current,65,90.9,100k-249k,Mobile App,Active,No,0.2873,Low,Auto-Approve,2.0.0-week3,2026-09-30T14:43:51.571607+00:00
FT-T002463,FT-C00701,2026-01-19 11:11:00,Card Purchase,539.46,Mobile App,Android,Enugu,No,Failed,No,25,Male,Kano,Everyday,Savings,69,68.6,100k-249k,Web,Active,No,0.3377,Medium,Secondary Verification (SMS/OTP),2.0.0-week3,2026-09-30T14:43:51.571607+00:00
FT-T000672,FT-C01453,2026-01-06 00:47:00,Transfer,11152.81,POS,Android,Enugu,No,Pending,Yes,51,Male,Port Harcourt,Everyday,Savings,93,76.5,100k-249k,Mobile App,Active,Yes,0.5671,Medium,Secondary Verification (SMS/OTP),2.0.0-week3,2026-09-30T14:43:51.571607+00:00
FT-T001897,FT-C00388,2026-01-15 05:18:00,Card Purchase,15117.83,Mobile App,Android,Abuja,No,Successful,Yes,46,Female,Lagos,Everyday,Premium,30,52.9,1m+,Mobile App,Active,Yes,0.5421,Medium,Secondary Verification (SMS/OTP),2.0.0-week3,2026-09-30T14:43:51.571607+00:00
FT-T007768,FT-C01470,2026-02-28 06:10:00,Card Purchase,349.62,POS,ATM Terminal,Ibadan,No,Successful,No,54,Male,Enugu,Everyday,Savings,3,63.6,250k-499k,Mobile App,Active,No,0.3034,Medium,Secondary Verification (SMS/OTP),2.0.0-week3,2026-09-30T14:43:51.571607+00:00
FT-T009576,FT-C00536,2026-03-13 19:38:00,Airtime/Data,28297.78,Mobile App,Android,Lagos,No,Successful,No,46,Male,Lagos,Student,Savings,7,49.4,250k-499k,Web,Active,No,0.309,Medium,Secondary Verification (SMS/OTP),2.0.0-week3,2026-09-30T14:43:51.571607+00:00
FT-T008249,FT-C00211,2026-03-03 20:45:00,Transfer,43108.03,Mobile App,POS Terminal,Lagos,No,Successful,Yes,40,Male,Lagos,Student,Savings,92,50.4,100k-249k,USSD,Active,Yes,0.4789,Medium,Secondary Verification (SMS/OTP),2.0.0-week3,2026-09-30T14:43:51.571607+00:00
FT-T008754,FT-C00384,2026-03-07 15:40:00,Transfer,247573.7,Mobile App,Android,Kano,No,Successful,No,26,Female,Lagos,SME,Savings,59,37.4,500k-999k,Mobile App,Active,Yes,0.7167,High,Immediate Review / Payment Hold,2.0.0-week3,2026-09-30T14:43:51.571607+00:00
FT-T004302,FT-C00236,2026-02-02 06:14:00,Card Purchase,4723.51,Web,Android,Abuja,No,Successful,No,26,Female,Ibadan,SME,Savings,95,64.5,250k-499k,USSD,Active,No,0.2242,Low,Auto-Approve,2.0.0-week3,2026-09-30T14:43:51.571607+00:00
FT-T011103,FT-C00189,2026-03-25 06:31:00,Deposit,1112.07,POS,POS Terminal,Ibadan,No,Successful,No,25,Male,Ibadan,Everyday,Current,95,97.6,500k-999k,Mobile App,Active,No,0.293,Low,Auto-Approve,2.0.0-week3,2026-09-30T14:43:51.571607+00:00
FT-T009964,FT-C01436,2026-03-16 17:29:00,Bill Payment,34010.99,USSD,POS Terminal,Port Harcourt,No,Successful,No,26,Male,Abuja,Everyday,Savings,49,83.5,1m+,Web,Active,No,0.2496,Low,Auto-Approve,2.0.0-week3,2026-09-30T14:43:51.571607+00:00
FT-T007294,FT-C00365,2026-02-24 16:50:00,Card Purchase,561.6,Mobile App,Android,Benin City,No,Successful,No,42,Female,Benin City,Student,Premium,36,73.2,100k-249k,Mobile App,Active,No,0.3018,Medium,Secondary Verification (SMS/OTP),2.0.0-week3,2026-09-30T14:43:51.571607+00:00
FT-T002920,FT-C00501,2026-01-22 21:27:00,Card Purchase,58500.15,Mobile App,Android,Benin City,No,Successful,No,21,Male,Lagos,Student,Current,81,60.0,250k-499k,Web,Active,No,0.2331,Low,Auto-Approve,2.0.0-week3,2026-09-30T14:43:51.571607+00:00
FT-T009443,FT-C00085,2026-03-12 19:42:00,Transfer,92297.32,POS,Web Browser,Port Harcourt,No,Successful,No,35,Prefer not to say,Enugu,Premium,Premium,79,74.2,Below 100k,Mobile App,Dormant,Yes,0.4737,Medium,Secondary Verification (SMS/OTP),2.0.0-week3,2026-09-30T14:43:51.571607+00:00
FT-T011146,FT-C00175,2026-03-25 14:16:00,Card Purchase,9383.42,Mobile App,iOS,Kaduna,No,Successful,No,37,Male,Lagos,Premium,Savings,64,66.0,Below 100k,Mobile App,Active,No,0.3326,Medium,Secondary Verification (SMS/OTP),2.0.0-week3,2026-09-30T14:43:51.571607+00:00
FT-T011192,FT-C00035,2026-03-25 22:32:00,Card Purchase,1870.64,ATM,Android,Abuja,No,Successful,No,64,Female,Lagos,Premium,Premium,72,43.1,1m+,USSD,Active,No,0.1863,Low,Auto-Approve,2.0.0-week3,2026-09-30T14:43:51.571607+00:00
FT-T010927,FT-C00782,2026-03-23 22:50:00,Cash Withdrawal,2346.17,Web,POS Terminal,Ibadan,Yes,Successful,No,49,Male,Kano,Everyday,Savings,19,35.5,250k-499k,Web,Active,Yes,0.5031,Medium,Secondary Verification (SMS/OTP),2.0.0-week3,2026-09-30T14:43:51.571607+00:00
FT-T010468,FT-C00574,2026-03-20 12:13:00,Bill Payment,51620.12,USSD,Android,Port Harcourt,No,Failed,No,37,Female,Port Harcourt,Everyday,Current,59,58.6,250k-499k,USSD,Active,Yes,0.4108,Medium,Secondary Verification (SMS/OTP),2.0.0-week3,2026-09-30T14:43:51.571607+00:00
FT-T004095,FT-C01319,2026-01-31 16:58:00,Transfer,5428.93,Mobile App,POS Terminal,Lagos,No,Successful,No,19,Female,Lagos,Premium,Current,76,79.8,100k-249k,Mobile App,Active,Yes,0.5488,Medium,Secondary Verification (SMS/OTP),2.0.0-week3,2026-09-30T14:43:51.571607+00:00
FT-T001072,FT-C01018,2026-01-09 00:47:00,Deposit,78820.35,Mobile App,ATM Terminal,Enugu,No,Successful,No,22,Male,Enugu,Everyday,Savings,43,77.9,Below 100k,Mobile App,Active,Yes,0.392,Medium,Secondary Verification (SMS/OTP),2.0.0-week3,2026-09-30T14:43:51.571607+00:00
FT-T009720,FT-C00504,2026-03-14 21:33:00,Deposit,72812.75,Web,Web Browser,Enugu,No,Successful,No,33,Male,Kano,Everyday,Savings,22,65.0,250k-499k,Mobile App,Active,Yes,0.3853,Medium,Secondary Verification (SMS/OTP),2.0.0-week3,2026-09-30T14:43:51.571607+00:00
FT-T002988,FT-C01474,2026-01-23 09:42:00,Card Purchase,883.81,USSD,Android,Ibadan,No,Successful,No,42,Male,Ibadan,Everyday,Current,87,60.7,100k-249k,USSD,Active,No,0.2135,Low,Auto-Approve,2.0.0-week3,2026-09-30T14:43:51.571607+00:00
FT-T008707,FT-C01347,2026-03-07 07:12:00,Transfer,9607.12,USSD,iOS,Kaduna,No,Failed,No,49,Female,Lagos,SME,Savings,49,72.8,250k-499k,Web,Active,Yes,0.4115,Medium,Secondary Verification (SMS/OTP),2.0.0-week3,2026-09-30T14:43:51.571607+00:00
FT-T000458,FT-C00995,2026-01-04 10:16:00,Airtime/Data,634.35,ATM,ATM Terminal,Ibadan,No,Successful,No,22,Male,Abuja,Student,Savings,1,52.8,250k-499k,Mobile App,Active,Yes,0.3543,Medium,Secondary Verification (SMS/OTP),2.0.0-week3,2026-09-30T14:43:51.571607+00:00
FT-T007709,FT-C01208,2026-02-27 19:33:00,Card Purchase,628.07,Mobile App,Web Browser,Kaduna,No,Successful,No,24,Female,Abuja,Everyday,Savings,89,47.5,100k-249k,USSD,Active,No,0.2981,Low,Auto-Approve,2.0.0-week3,2026-09-30T14:43:51.571607+00:00
FT-T008139,FT-C00646,2026-03-03 00:57:00,Deposit,1308.95,Mobile App,POS Terminal,Ibadan,Yes,Successful,Yes,48,Male,Lagos,SME,Savings,43,76.9,100k-249k,Mobile App,Active,Yes,0.6412,Medium,Secondary Verification (SMS/OTP),2.0.0-week3,2026-09-30T14:43:51.571607+00:00
FT-T004395,FT-C01195,2026-02-02 22:59:00,Bill Payment,8000.99,USSD,POS Terminal,Benin City,No,Successful,No,38,Female,Benin City,SME,Savings,47,81.7,500k-999k,Mobile App,Active,No,0.3432,Medium,Secondary Verification (SMS/OTP),2.0.0-week3,2026-09-30T14:43:51.571607+00:00
FT-T003855,FT-C00605,2026-01-29 21:46:00,Transfer,2391.48,USSD,Android,Kano,No,Successful,Yes,31,Female,Lagos,Everyday,Savings,53,71.0,100k-249k,Mobile App,Active,Yes,0.5235,Medium,Secondary Verification (SMS/OTP),2.0.0-week3,2026-09-30T14:43:51.571607+00:00
FT-T000479,FT-C00907,2026-01-04 14:02:00,Card Purchase,1788.21,ATM,iOS,Kano,No,Successful,No,20,Female,Lagos,Student,Current,5,85.8,100k-249k,Mobile App,Active,No,0.2561,Low,Auto-Approve,2.0.0-week3,2026-09-30T14:43:51.571607+00:00
FT-T005022,FT-C01335,2026-02-07 15:51:00,Deposit,4046.83,POS,iOS,Kano,No,Successful,No,26,Prefer not to say,Kaduna,Everyday,Current,87,89.3,250k-499k,Mobile App,Active,No,0.2464,Low,Auto-Approve,2.0.0-week3,2026-09-30T14:43:51.571607+00:00
FT-T009551,FT-C01418,2026-03-13 15:08:00,Card Purchase,502.36,POS,Android,Lagos,Yes,Successful,No,41,Female,Kano,SME,Savings,93,87.8,100k-249k,Mobile App,Active,Yes,0.3569,Medium,Secondary Verification (SMS/OTP),2.0.0-week3,2026-09-30T14:43:51.571607+00:00
FT-T009955,FT-C00917,2026-03-16 15:52:00,Airtime/Data,442.34,Mobile App,Android,Lagos,No,Successful,No,32,Male,Ibadan,Student,Current,50,90.6,500k-999k,Mobile App,Active,No,0.2283,Low,Auto-Approve,2.0.0-week3,2026-09-30T14:43:51.571607+00:00
FT-T003421,FT-C01021,2026-01-26 15:39:00,Transfer,24451.96,Mobile App,iOS,Port Harcourt,No,Successful,No,61,Female,Kaduna,Everyday,Premium,90,91.4,100k-249k,Mobile App,Active,Yes,0.4542,Medium,Secondary Verification (SMS/OTP),2.0.0-week3,2026-09-30T14:43:51.571607+00:00
FT-T004495,FT-C01459,2026-02-03 16:59:00,Transfer,120925.9,Mobile App,Web Browser,Enugu,No,Successful,No,27,Male,Lagos,SME,Savings,95,64.3,250k-499k,Web,Active,Yes,0.4044,Medium,Secondary Verification (SMS/OTP),2.0.0-week3,2026-09-30T14:43:51.571607+00:00
FT-T010545,FT-C00080,2026-03-21 02:04:00,Card Purchase,1864.3,Web,Android,Ibadan,No,Successful,No,40,Male,Lagos,Premium,Savings,90,74.8,100k-249k,Web,Active,No,0.3218,Medium,Secondary Verification (SMS/OTP),2.0.0-week3,2026-09-30T14:43:51.571607+00:00
FT-T011452,FT-C00491,2026-03-27 21:21:00,Bill Payment,4708.39,Mobile App,POS Terminal,Kano,No,Successful,No,22,Female,Kaduna,Everyday,Current,27,100.0,1m+,Mobile App,Active,No,0.2623,Low,Auto-Approve,2.0.0-week3,2026-09-30T14:43:51.571607+00:00
FT-T009407,FT-C00913,2026-03-12 13:13:00,Cash Withdrawal,19177.6,Mobile App,iOS,Ibadan,No,Successful,Yes,62,Female,Port Harcourt,Premium,Savings,50,64.5,250k-499k,USSD,Active,Yes,0.464,Medium,Secondary Verification (SMS/OTP),2.0.0-week3,2026-09-30T14:43:51.571607+00:00
FT-T009380,FT-C00160,2026-03-12 08:21:00,Card Purchase,3918.74,Web,Android,Lagos,No,Successful,Yes,46,Male,Enugu,Student,Savings,70,69.2,500k-999k,Mobile App,Active,No,0.3236,Medium,Secondary Verification (SMS/OTP),2.0.0-week3,2026-09-30T14:43:51.571607+00:00
FT-T003358,FT-C01347,2026-01-26 04:18:00,Airtime/Data,2744.98,POS,Web Browser,Abuja,No,Successful,No,49,Female,Lagos,SME,Savings,49,72.8,250k-499k,Web,Active,Yes,0.5054,Medium,Secondary Verification (SMS/OTP),2.0.0-week3,2026-09-30T14:43:51.571607+00:00
FT-T005928,FT-C01030,2026-02-14 10:56:00,Airtime/Data,4293.34,USSD,Android,Port Harcourt,No,Successful,No,34,Male,Lagos,Everyday,Savings,87,38.6,Below 100k,Mobile App,Active,No,0.2935,Low,Auto-Approve,2.0.0-week3,2026-09-30T14:43:51.571607+00:00
FT-T009398,FT-C00503,2026-03-12 11:36:00,Cash Withdrawal,15933.61,Mobile App,Android,Enugu,No,Successful,Yes,41,Male,Kaduna,Everyday,Savings,26,57.2,100k-249k,Mobile App,Active,Yes,0.4905,Medium,Secondary Verification (SMS/OTP),2.0.0-week3,2026-09-30T14:43:51.571607+00:00
FT-T002003,FT-C00896,2026-01-16 00:23:00,Cash Withdrawal,4125.45,POS,iOS,Port Harcourt,Yes,Successful,Yes,31,Female,Lagos,Everyday,Savings,52,100.0,Below 100k,Mobile App,Active,Yes,0.585,Medium,Secondary Verification (SMS/OTP),2.0.0-week3,2026-09-30T14:43:51.571607+00:00
FT-T005846,FT-C01003,2026-02-13 20:11:00,Bill Payment,47041.15,Mobile App,iOS,Benin City,No,Successful,No,29,Male,Kaduna,Premium,Current,93,65.3,250k-499k,USSD,Active,No,0.2055,Low,Auto-Approve,2.0.0-week3,2026-09-30T14:43:51.571607+00:00
FT-T005792,FT-C01410,2026-02-13 10:28:00,Transfer,5472.87,Mobile App,iOS,Kano,No,Successful,No,57,Male,Abuja,Premium,Savings,94,62.3,250k-499k,Web,Active,Yes,0.442,Medium,Secondary Verification (SMS/OTP),2.0.0-week3,2026-09-30T14:43:51.571607+00:00
FT-T010585,FT-C00491,2026-03-21 09:16:00,Deposit,5518.54,Mobile App,Android,Lagos,No,Successful,No,22,Female,Kaduna,Everyday,Current,27,100.0,1m+,Mobile App,Active,No,0.2915,Low,Auto-Approve,2.0.0-week3,2026-09-30T14:43:51.571607+00:00
FT-T002985,FT-C01063,2026-01-23 09:09:00,Transfer,1541.61,Mobile App,iOS,Kaduna,No,Successful,No,31,Female,Abuja,Everyday,Current,32,59.0,500k-999k,USSD,Active,Yes,0.5003,Medium,Secondary Verification (SMS/OTP),2.0.0-week3,2026-09-30T14:43:51.571607+00:00
FT-T010821,FT-C00978,2026-03-23 03:45:00,Transfer,67335.61,Mobile App,iOS,Ibadan,No,Successful,No,23,Female,Lagos,Premium,Premium,16,96.9,1m+,Mobile App,Active,Yes,0.5795,Medium,Secondary Verification (SMS/OTP),2.0.0-week3,2026-09-30T14:43:51.571607+00:00
FT-T004040,FT-C00080,2026-01-31 07:04:00,Transfer,3654.22,Mobile App,Web Browser,Benin City,No,Successful,No,40,Male,Lagos,Premium,Savings,90,74.8,100k-249k,Web,Active,Yes,0.512,Medium,Secondary Verification (SMS/OTP),2.0.0-week3,2026-09-30T14:43:51.571607+00:00
FT-T011596,FT-C01030,2026-03-28 23:16:00,Transfer,119741.02,ATM,Android,Ibadan,No,Successful,No,34,Male,Lagos,Everyday,Savings,87,38.6,Below 100k,Mobile App,Active,Yes,0.5177,Medium,Secondary Verification (SMS/OTP),2.0.0-week3,2026-09-30T14:43:51.571607+00:00
FT-T002511,FT-C00496,2026-01-19 19:50:00,Card Purchase,19710.92,POS,Android,Benin City,No,Successful,No,36,Female,Abuja,Premium,Savings,80,51.7,500k-999k,Mobile App,Active,No,0.2893,Low,Auto-Approve,2.0.0-week3,2026-09-30T14:43:51.571607+00:00
FT-T001184,FT-C00575,2026-01-09 20:57:00,Card Purchase,5493.28,Mobile App,POS Terminal,Benin City,No,Successful,No,65,Male,Kano,Everyday,Current,36,51.5,500k-999k,Mobile App,Active,No,0.2351,Low,Auto-Approve,2.0.0-week3,2026-09-30T14:43:51.571607+00:00
FT-T004506,FT-C00854,2026-02-03 18:58:00,Bill Payment,43491.97,POS,iOS,Port Harcourt,No,Successful,No,49,Male,Kano,Premium,Premium,33,40.7,100k-249k,Web,Active,No,0.3242,Medium,Secondary Verification (SMS/OTP),2.0.0-week3,2026-09-30T14:43:51.571607+00:00
FT-T008284,FT-C00791,2026-03-04 03:03:00,Deposit,132668.91,Mobile App,Android,Ibadan,No,Successful,No,29,Male,Benin City,Student,Savings,3,79.3,Below 100k,Mobile App,Active,Yes,0.402,Medium,Secondary Verification (SMS/OTP),2.0.0-week3,2026-09-30T14:43:51.571607+00:00
FT-T003888,FT-C00087,2026-01-30 03:43:00,Card Purchase,1525.28,Mobile App,Web Browser,Port Harcourt,No,Successful,No,41,Female,Abuja,Everyday,Premium,66,67.3,250k-499k,Mobile App,Active,Yes,0.5001,Medium,Secondary Verification (SMS/OTP),2.0.0-week3,2026-09-30T14:43:51.571607+00:00
FT-T010684,FT-C00613,2026-03-22 03:06:00,Card Purchase,1376.15,Mobile App,Android,Port Harcourt,No,Successful,No,35,Prefer not to say,Lagos,Student,Current,47,35.3,100k-249k,USSD,Active,Yes,0.4665,Medium,Secondary Verification (SMS/OTP),2.0.0-week3,2026-09-30T14:43:51.571607+00:00
FT-T002216,FT-C00964,2026-01-17 14:43:00,Deposit,4726.68,ATM,Android,Kaduna,No,Successful,No,21,Male,Kano,Premium,Current,87,93.6,1m+,Web,Active,No,0.3222,Medium,Secondary Verification (SMS/OTP),2.0.0-week3,2026-09-30T14:43:51.571607+00:00
FT-T000900,FT-C01376,2026-01-07 17:50:00,Card Purchase,371.49,POS,Android,Enugu,No,Successful,No,51,Female,Lagos,Student,Savings,77,69.6,1m+,Web,Active,No,0.2584,Low,Auto-Approve,2.0.0-week3,2026-09-30T14:43:51.571607+00:00
FT-T004642,FT-C00617,2026-02-04 19:26:00,Card Purchase,4056.67,Web,Android,Kano,No,Successful,No,27,Female,Abuja,Everyday,Savings,1,56.1,100k-249k,Mobile App,Active,Yes,0.3579,Medium,Secondary Verification (SMS/OTP),2.0.0-week3,2026-09-30T14:43:51.571607+00:00
FT-T006342,FT-C00767,2026-02-17 13:28:00,Cash Withdrawal,56041.37,ATM,Android,Kaduna,No,Successful,No,54,Female,Lagos,Student,Current,47,51.7,100k-249k,Mobile App,Active,Yes,0.4481,Medium,Secondary Verification (SMS/OTP),2.0.0-week3,2026-09-30T14:43:51.571607+00:00
FT-T004658,FT-C01376,2026-02-04 22:19:00,Card Purchase,11130.69,Mobile App,POS Terminal,Abuja,No,Pending,No,51,Female,Lagos,Student,Savings,77,69.6,1m+,Web,Active,No,0.3347,Medium,Secondary Verification (SMS/OTP),2.0.0-week3,2026-09-30T14:43:51.571607+00:00
FT-T004262,FT-C00018,2026-02-01 23:02:00,Deposit,257596.66,Mobile App,Android,,No,Successful,No,19,Male,Enugu,SME,Savings,25,92.4,500k-999k,Mobile App,Active,Yes,0.4687,Medium,Secondary Verification (SMS/OTP),2.0.0-week3,2026-09-30T14:43:51.571607+00:00
FT-T004612,FT-C00134,2026-02-04 14:02:00,Card Purchase,21434.87,Mobile App,Web Browser,Ibadan,No,Failed,No,64,Male,Kano,SME,Current,52,70.1,100k-249k,USSD,Active,Yes,0.3512,Medium,Secondary Verification (SMS/OTP),2.0.0-week3,2026-09-30T14:43:51.571607+00:00
FT-T010923,FT-C00376,2026-03-23 22:07:00,Transfer,2183.63,ATM,iOS,Port Harcourt,No,Successful,No,19,Female,Abuja,Student,Premium,13,88.0,100k-249k,USSD,Active,Yes,0.5141,Medium,Secondary Verification (SMS/OTP),2.0.0-week3,2026-09-30T14:43:51.571607+00:00
FT-T004142,FT-C00161,2026-02-01 01:26:00,Cash Withdrawal,42023.19,ATM,ATM Terminal,Enugu,No,Successful,No,53,Male,Benin City,Everyday,Premium,30,60.1,1m+,Mobile App,Active,Yes,0.5744,Medium,Secondary Verification (SMS/OTP),2.0.0-week3,2026-09-30T14:43:51.571607+00:00
FT-T010380,FT-C00474,2026-03-19 20:22:00,Bill Payment,7099.27,Web,iOS,Kaduna,No,Successful,No,64,Male,Ibadan,Everyday,Savings,80,97.1,500k-999k,Web,Active,No,0.2551,Low,Auto-Approve,2.0.0-week3,2026-09-30T14:43:51.571607+00:00
FT-T009358,FT-C00343,2026-03-12 04:24:00,Transfer,148052.03,Mobile App,POS Terminal,Benin City,No,Successful,No,34,Female,Lagos,Premium,Savings,56,58.5,500k-999k,Web,Active,Yes,0.5372,Medium,Secondary Verification (SMS/OTP),2.0.0-week3,2026-09-30T14:43:51.571607+00:00
FT-T011114,FT-C01233,2026-03-25 08:30:00,Card Purchase,4883.04,Mobile App,POS Terminal,Port Harcourt,No,Successful,No,39,Male,Kaduna,Everyday,Savings,95,38.4,500k-999k,Web,Active,No,0.2735,Low,Auto-Approve,2.0.0-week3,2026-09-30T14:43:51.571607+00:00
FT-T006150,FT-C00316,2026-02-16 02:54:00,Cash Withdrawal,123636.34,Mobile App,iOS,Kaduna,No,Successful,No,20,Female,Ibadan,SME,Premium,15,56.2,250k-499k,Mobile App,Active,Yes,0.5314,Medium,Secondary Verification (SMS/OTP),2.0.0-week3,2026-09-30T14:43:51.571607+00:00
FT-T007086,FT-C00121,2026-02-23 03:24:00,Bill Payment,1153.44,USSD,POS Terminal,Ibadan,No,Successful,No,65,Male,Lagos,Premium,Premium,31,54.8,250k-499k,Mobile App,Active,Yes,0.5187,Medium,Secondary Verification (SMS/OTP),2.0.0-week3,2026-09-30T14:43:51.571607+00:00
FT-T000673,FT-C00613,2026-01-06 00:58:00,Card Purchase,12160.38,Web,iOS,Enugu,No,Successful,No,35,Prefer not to say,Lagos,Student,Current,47,35.3,100k-249k,USSD,Active,Yes,0.4295,Medium,Secondary Verification (SMS/OTP),2.0.0-week3,2026-09-30T14:43:51.571607+00:00
FT-T009604,FT-C00640,2026-03-14 00:41:00,Transfer,355260.73,Mobile App,POS Terminal,Lagos,No,Successful,Yes,24,Male,Abuja,SME,Premium,3,63.1,100k-249k,Mobile App,Active,Yes,0.6627,Medium,Secondary Verification (SMS/OTP),2.0.0-week3,2026-09-30T14:43:51.571607+00:00
FT-T010957,FT-C00465,2026-03-24 04:14:00,Bill Payment,2911.91,ATM,Android,Abuja,No,Successful,No,29,Male,Abuja,Everyday,Savings,46,44.8,250k-499k,Mobile App,Active,Yes,0.4891,Medium,Secondary Verification (SMS/OTP),2.0.0-week3,2026-09-30T14:43:51.571607+00:00
FT-T002917,FT-C01280,2026-01-22 20:55:00,Cash Withdrawal,42020.07,ATM,Web Browser,Kaduna,No,Successful,No,20,Female,Benin City,Premium,Savings,74,47.3,250k-499k,Web,Active,Yes,0.5772,Medium,Secondary Verification (SMS/OTP),2.0.0-week3,2026-09-30T14:43:51.571607+00:00
FT-T000194,FT-C01009,2026-01-02 10:44:00,Card Purchase,2723.68,POS,ATM Terminal,Port Harcourt,No,Successful,No,54,Female,Ibadan,Everyday,Savings,40,53.8,Below 100k,Mobile App,Active,No,0.3006,Medium,Secondary Verification (SMS/OTP),2.0.0-week3,2026-09-30T14:43:51.571607+00:00
FT-T002626,FT-C00248,2026-01-20 16:32:00,Cash Withdrawal,92558.21,Mobile App,Android,Benin City,No,Successful,No,49,Male,Enugu,Everyday,Savings,1,90.8,1m+,Mobile App,Active,Yes,0.465,Medium,Secondary Verification (SMS/OTP),2.0.0-week3,2026-09-30T14:43:51.571607+00:00
FT-T007461,FT-C00877,2026-02-25 22:54:00,Airtime/Data,1219.71,Web,Android,Benin City,No,Successful,No,62,Male,Kaduna,Everyday,Savings,82,50.8,250k-499k,Mobile App,Active,No,0.2902,Low,Auto-Approve,2.0.0-week3,2026-09-30T14:43:51.571607+00:00
FT-T006885,FT-C00561,2026-02-21 15:13:00,Deposit,22100.41,Web,Web Browser,Port Harcourt,No,Successful,No,49,Female,Abuja,Everyday,Savings,19,77.7,500k-999k,USSD,Dormant,Yes,0.3925,Medium,Secondary Verification (SMS/OTP),2.0.0-week3,2026-09-30T14:43:51.571607+00:00
FT-T000923,FT-C01225,2026-01-07 21:58:00,Transfer,8142.76,Mobile App,ATM Terminal,Abuja,No,Successful,No,43,Male,Benin City,SME,Premium,11,56.9,250k-499k,Mobile App,Dormant,Yes,0.5427,Medium,Secondary Verification (SMS/OTP),2.0.0-week3,2026-09-30T14:43:51.571607+00:00
FT-T007405,FT-C00169,2026-02-25 12:49:00,Cash Withdrawal,16109.95,Mobile App,iOS,Abuja,No,Successful,No,62,Female,Kano,SME,Savings,9,90.4,Below 100k,Mobile App,Active,Yes,0.4475,Medium,Secondary Verification (SMS/OTP),2.0.0-week3,2026-09-30T14:43:51.571607+00:00
FT-T006626,FT-C01012,2026-02-19 16:35:00,Deposit,19007.14,Web,iOS,Enugu,No,Successful,No,30,Female,Benin City,Student,Premium,74,40.8,250k-499k,Web,Active,No,0.2587,Low,Auto-Approve,2.0.0-week3,2026-09-30T14:43:51.571607+00:00
FT-T000723,FT-C00163,2026-01-06 09:58:00,Bill Payment,69833.86,Mobile App,Android,Port Harcourt,No,Successful,No,49,Male,Kaduna,Student,Savings,32,31.8,Below 100k,Mobile App,Dormant,No,0.2763,Low,Auto-Approve,2.0.0-week3,2026-09-30T14:43:51.571607+00:00
FT-T002513,FT-C00094,2026-01-19 20:11:00,Transfer,2848.92,Mobile App,POS Terminal,Kano,No,Failed,No,62,Female,Port Harcourt,Everyday,Savings,15,100.0,500k-999k,Web,Dormant,Yes,0.5157,Medium,Secondary Verification (SMS/OTP),2.0.0-week3,2026-09-30T14:43:51.571607+00:00
FT-T011612,FT-C01477,2026-03-29 02:09:00,Transfer,1480.36,ATM,Android,Abuja,No,Successful,Yes,29,Male,Lagos,Everyday,Current,30,100.0,1m+,Mobile App,Active,Yes,0.6249,Medium,Secondary Verification (SMS/OTP),2.0.0-week3,2026-09-30T14:43:51.571607+00:00
FT-T010306,FT-C00348,2026-03-19 07:03:00,Card Purchase,3233.41,Web,Web Browser,Abuja,No,Successful,Yes,63,Female,Benin City,Premium,Savings,11,51.1,250k-499k,Mobile App,Active,No,0.3147,Medium,Secondary Verification (SMS/OTP),2.0.0-week3,2026-09-30T14:43:51.571607+00:00
FT-T001999,FT-C00953,2026-01-15 23:40:00,Card Purchase,1729.11,USSD,iOS,Kano,No,Successful,No,43,Male,Enugu,Premium,Current,77,79.2,100k-249k,Mobile App,Active,No,0.2575,Low,Auto-Approve,2.0.0-week3,2026-09-30T14:43:51.571607+00:00
FT-T001722,FT-C01352,2026-01-13 21:48:00,Card Purchase,2372.08,Mobile App,Android,Abuja,No,Successful,No,57,Male,Lagos,Premium,Savings,87,57.2,250k-499k,Mobile App,Active,No,0.2599,Low,Auto-Approve,2.0.0-week3,2026-09-30T14:43:51.571607+00:00
FT-T003542,FT-C01342,2026-01-27 13:25:00,Card Purchase,7253.92,Mobile App,Android,Enugu,No,Failed,No,34,Male,Kano,Student,Current,67,71.5,100k-249k,Mobile App,Active,No,0.2714,Low,Auto-Approve,2.0.0-week3,2026-09-30T14:43:51.571607+00:00
FT-T007904,FT-C01452,2026-03-01 06:39:00,Card Purchase,4661.89,Mobile App,iOS,Abuja,No,Successful,No,55,Female,Lagos,Everyday,Savings,63,76.1,500k-999k,Web,Active,Yes,0.3518,Medium,Secondary Verification (SMS/OTP),2.0.0-week3,2026-09-30T14:43:51.571607+00:00
FT-T011307,FT-C01493,2026-03-26 19:14:00,Airtime/Data,17980.67,POS,Android,Abuja,No,Successful,No,24,Male,Lagos,SME,Premium,78,81.4,500k-999k,Mobile App,Active,No,0.2857,Low,Auto-Approve,2.0.0-week3,2026-09-30T14:43:51.571607+00:00
FT-T008944,FT-C00585,2026-03-09 01:52:00,Transfer,294785.16,Web,ATM Terminal,Port Harcourt,No,Successful,No,26,Male,Lagos,Premium,Savings,55,43.2,Below 100k,Mobile App,Active,Yes,0.6107,Medium,Secondary Verification (SMS/OTP),2.0.0-week3,2026-09-30T14:43:51.571607+00:00
FT-T000343,FT-C01038,2026-01-03 13:33:00,Bill Payment,79321.72,Web,ATM Terminal,Ibadan,No,Successful,Yes,48,Female,Kano,Everyday,Current,83,75.2,500k-999k,USSD,Active,No,0.3124,Medium,Secondary Verification (SMS/OTP),2.0.0-week3,2026-09-30T14:43:51.571607+00:00
FT-T008793,FT-C00107,2026-03-07 22:41:00,Deposit,583438.8,Web,Android,Enugu,No,Failed,Yes,52,Female,Benin City,Everyday,Current,63,61.8,250k-499k,Mobile App,Dormant,Yes,0.531,Medium,Secondary Verification (SMS/OTP),2.0.0-week3,2026-09-30T14:43:51.571607+00:00
FT-T001035,FT-C00515,2026-01-08 18:08:00,Card Purchase,3798.89,Mobile App,Android,Benin City,No,Successful,No,60,Male,Abuja,Everyday,Savings,38,69.8,500k-999k,USSD,Restricted,No,0.2749,Low,Auto-Approve,2.0.0-week3,2026-09-30T14:43:51.571607+00:00
FT-T002049,FT-C00932,2026-01-16 08:40:00,Transfer,717.68,POS,Android,Port Harcourt,No,Successful,No,42,Female,Ibadan,Premium,Savings,23,61.8,500k-999k,Web,Active,Yes,0.5326,Medium,Secondary Verification (SMS/OTP),2.0.0-week3,2026-09-30T14:43:51.571607+00:00
FT-T002097,FT-C00694,2026-01-16 17:18:00,Transfer,7678.64,USSD,iOS,Kano,No,Successful,No,33,Female,Enugu,SME,Savings,34,93.8,100k-249k,Mobile App,Active,Yes,0.4539,Medium,Secondary Verification (SMS/OTP),2.0.0-week3,2026-09-30T14:43:51.571607+00:00
FT-T002722,FT-C01037,2026-01-21 09:49:00,Card Purchase,51647.23,ATM,Web Browser,Enugu,No,Successful,Yes,47,Male,Abuja,SME,Savings,94,100.0,250k-499k,Web,Active,Yes,0.4007,Medium,Secondary Verification (SMS/OTP),2.0.0-week3,2026-09-30T14:43:51.571607+00:00
FT-T007099,FT-C00930,2026-02-23 05:44:00,Deposit,226502.58,Mobile App,POS Terminal,Lagos,No,Successful,No,30,Male,Lagos,Everyday,Savings,94,72.4,250k-499k,Web,Active,Yes,0.5654,Medium,Secondary Verification (SMS/OTP),2.0.0-week3,2026-09-30T14:43:51.571607+00:00
FT-T004757,FT-C00870,2026-02-05 16:09:00,Transfer,101612.13,Mobile App,Android,Port Harcourt,No,Successful,Yes,58,Female,Kano,Everyday,Savings,8,76.5,100k-249k,Mobile App,Active,Yes,0.5107,Medium,Secondary Verification (SMS/OTP),2.0.0-week3,2026-09-30T14:43:51.571607+00:00
FT-T008409,FT-C00057,2026-03-05 01:33:00,Bill Payment,1155.72,ATM,Android,Kano,No,Successful,No,52,Female,Lagos,SME,Savings,14,23.6,Below 100k,Mobile App,Active,Yes,0.4126,Medium,Secondary Verification (SMS/OTP),2.0.0-week3,2026-09-30T14:43:51.571607+00:00
FT-T006316,FT-C01445,2026-02-17 08:47:00,Transfer,1479.03,ATM,Web Browser,Abuja,No,Successful,No,56,Male,Abuja,Everyday,Savings,27,71.8,100k-249k,USSD,Active,Yes,0.5053,Medium,Secondary Verification (SMS/OTP),2.0.0-week3,2026-09-30T14:43:51.571607+00:00
FT-T008506,FT-C00472,2026-03-05 19:01:00,Bill Payment,73672.3,Web,iOS,Kano,No,Failed,No,45,Male,Benin City,Everyday,Savings,85,64.2,100k-249k,Mobile App,Active,Yes,0.4263,Medium,Secondary Verification (SMS/OTP),2.0.0-week3,2026-09-30T14:43:51.571607+00:00
FT-T000732,FT-C00542,2026-01-06 11:35:00,Transfer,1425.73,POS,Android,Kano,No,Successful,Yes,24,Male,Ibadan,Everyday,Current,61,54.1,250k-499k,Mobile App,Dormant,Yes,0.5486,Medium,Secondary Verification (SMS/OTP),2.0.0-week3,2026-09-30T14:43:51.571607+00:00
FT-T009855,FT-C00607,2026-03-15 21:52:00,Card Purchase,34021.72,Mobile App,POS Terminal,Kaduna,No,Successful,No,22,Female,Abuja,Everyday,Savings,53,60.5,250k-499k,Mobile App,Active,Yes,0.3623,Medium,Secondary Verification (SMS/OTP),2.0.0-week3,2026-09-30T14:43:51.571607+00:00
FT-T008976,FT-C01204,2026-03-09 07:38:00,Card Purchase,351.79,ATM,Android,Kaduna,No,Successful,No,43,Female,Lagos,Student,Savings,27,59.4,250k-499k,Web,Active,No,0.261,Low,Auto-Approve,2.0.0-week3,2026-09-30T14:43:51.571607+00:00
FT-T005863,FT-C00627,2026-02-13 23:14:00,Bill Payment,76634.89,Mobile App,Android,Kaduna,No,Successful,No,44,Female,Enugu,SME,Current,83,64.5,250k-499k,Mobile App,Dormant,No,0.3237,Medium,Secondary Verification (SMS/OTP),2.0.0-week3,2026-09-30T14:43:51.571607+00:00
FT-T004230,FT-C00355,2026-02-01 17:17:00,Transfer,25757.6,Mobile App,iOS,Lagos,Yes,Successful,Yes,63,Male,Lagos,Premium,Savings,56,53.4,1m+,Web,Active,Yes,0.5251,Medium,Secondary Verification (SMS/OTP),2.0.0-week3,2026-09-30T14:43:51.571607+00:00
FT-T004167,FT-C00797,2026-02-01 05:56:00,Transfer,2611.04,Web,Web Browser,Enugu,No,Successful,No,34,Female,Lagos,Premium,Current,64,58.0,100k-249k,Mobile App,Active,Yes,0.5826,Medium,Secondary Verification (SMS/OTP),2.0.0-week3,2026-09-30T14:43:51.571607+00:00
FT-T010032,FT-C00730,2026-03-17 05:43:00,Deposit,25954.28,Mobile App,iOS,Enugu,No,Successful,No,22,Male,Kaduna,SME,Savings,1,94.5,100k-249k,Web,Active,Yes,0.4863,Medium,Secondary Verification (SMS/OTP),2.0.0-week3,2026-09-30T14:43:51.571607+00:00
FT-T001490,FT-C01086,2026-01-12 04:02:00,Airtime/Data,474.38,USSD,POS Terminal,Port Harcourt,No,Successful,No,19,Male,Port Harcourt,SME,Savings,70,93.4,Below 100k,Web,Active,Yes,0.4141,Medium,Secondary Verification (SMS/OTP),2.0.0-week3,2026-09-30T14:43:51.571607+00:00
FT-T002500,FT-C00297,2026-01-19 17:51:00,Card Purchase,775.65,Web,Android,Enugu,No,Successful,Yes,42,Male,Port Harcourt,SME,Savings,73,77.2,1m+,Mobile App,Active,No,0.2906,Low,Auto-Approve,2.0.0-week3,2026-09-30T14:43:51.571607+00:00
FT-T008245,FT-C01487,2026-03-03 20:02:00,Card Purchase,113384.92,Mobile App,iOS,Port Harcourt,No,Reversed,No,24,Female,Port Harcourt,Everyday,Savings,20,49.4,250k-499k,Mobile App,Active,No,0.2743,Low,Auto-Approve,2.0.0-week3,2026-09-30T14:43:51.571607+00:00
FT-T005300,FT-C01012,2026-02-09 17:53:00,Airtime/Data,2694.73,Mobile App,Web Browser,Ibadan,No,Successful,No,30,Female,Benin City,Student,Premium,74,40.8,250k-499k,Web,Active,No,0.345,Medium,Secondary Verification (SMS/OTP),2.0.0-week3,2026-09-30T14:43:51.571607+00:00
FT-T010047,FT-C01275,2026-03-17 08:25:00,Airtime/Data,1138.53,Mobile App,iOS,Benin City,No,Failed,No,49,Female,Kano,Everyday,Savings,44,87.4,250k-499k,Mobile App,Active,No,0.3145,Medium,Secondary Verification (SMS/OTP),2.0.0-week3,2026-09-30T14:43:51.571607+00:00
FT-T003642,FT-C01054,2026-01-28 07:26:00,Airtime/Data,3706.89,ATM,POS Terminal,Kaduna,No,Successful,No,58,Male,Abuja,Everyday,Savings,90,82.5,100k-249k,Mobile App,Dormant,No,0.3358,Medium,Secondary Verification (SMS/OTP),2.0.0-week3,2026-09-30T14:43:51.571607+00:00
FT-T000077,FT-C01153,2026-01-01 13:40:00,Transfer,38704.64,POS,Android,Abuja,No,Successful,Yes,63,Female,Ibadan,Everyday,Savings,83,58.7,250k-499k,Mobile App,Active,Yes,0.4693,Medium,Secondary Verification (SMS/OTP),2.0.0-week3,2026-09-30T14:43:51.571607+00:00
FT-T000989,FT-C00010,2026-01-08 09:51:00,Card Purchase,13945.41,ATM,iOS,Lagos,No,Successful,No,28,Male,Lagos,Everyday,Savings,20,77.5,250k-499k,Mobile App,Active,No,0.3112,Medium,Secondary Verification (SMS/OTP),2.0.0-week3,2026-09-30T14:43:51.571607+00:00
FT-T009313,FT-C01221,2026-03-11 20:17:00,Card Purchase,57021.37,Web,Android,Kano,No,Successful,No,50,Male,Abuja,Everyday,Current,54,56.1,100k-249k,USSD,Active,No,0.218,Low,Auto-Approve,2.0.0-week3,2026-09-30T14:43:51.571607+00:00
FT-T007006,FT-C00507,2026-02-22 13:00:00,Card Purchase,2314.92,ATM,iOS,Ibadan,No,Successful,No,49,Female,Kano,Everyday,Premium,28,30.4,250k-499k,USSD,Active,No,0.3005,Medium,Secondary Verification (SMS/OTP),2.0.0-week3,2026-09-30T14:43:51.571607+00:00
FT-T008782,FT-C00410,2026-03-07 20:42:00,Transfer,15395.31,Mobile App,ATM Terminal,Kano,No,Successful,No,49,Male,Kano,Student,Savings,29,78.8,100k-249k,Web,Active,Yes,0.4718,Medium,Secondary Verification (SMS/OTP),2.0.0-week3,2026-09-30T14:43:51.571607+00:00
FT-T000963,FT-C00615,2026-01-08 05:10:00,Cash Withdrawal,193661.58,Web,Android,Enugu,No,Successful,No,29,Male,Lagos,SME,Current,23,89.9,100k-249k,Mobile App,Active,Yes,0.6389,Medium,Secondary Verification (SMS/OTP),2.0.0-week3,2026-09-30T14:43:51.571607+00:00
FT-T009607,FT-C01303,2026-03-14 01:13:00,Card Purchase,1482.98,Mobile App,iOS,Benin City,No,Failed,No,31,Male,Abuja,Everyday,Savings,17,68.0,Below 100k,Mobile App,Active,Yes,0.521,Medium,Secondary Verification (SMS/OTP),2.0.0-week3,2026-09-30T14:43:51.571607+00:00
FT-T005796,FT-C00691,2026-02-13 11:11:00,Deposit,116633.0,USSD,Android,Enugu,No,Successful,No,48,Male,Abuja,Student,Savings,3,59.9,100k-249k,Web,Active,No,0.2824,Low,Auto-Approve,2.0.0-week3,2026-09-30T14:43:51.571607+00:00
FT-T004246,FT-C01068,2026-02-01 20:09:00,Bill Payment,15890.12,Mobile App,iOS,Enugu,No,Successful,No,59,Female,Port Harcourt,Everyday,Current,38,96.2,Below 100k,USSD,Active,No,0.2089,Low,Auto-Approve,2.0.0-week3,2026-09-30T14:43:51.571607+00:00
FT-T010907,FT-C00135,2026-03-23 19:14:00,Bill Payment,957.5,Web,POS Terminal,Kano,No,Successful,No,31,Female,Abuja,Student,Savings,56,45.7,100k-249k,Mobile App,Dormant,No,0.3303,Medium,Secondary Verification (SMS/OTP),2.0.0-week3,2026-09-30T14:43:51.571607+00:00
FT-T001239,FT-C00019,2026-01-10 06:51:00,Bill Payment,16922.13,Mobile App,Android,Lagos,No,Failed,No,41,Male,Kano,Student,Savings,12,66.9,250k-499k,Mobile App,Active,Yes,0.3928,Medium,Secondary Verification (SMS/OTP),2.0.0-week3,2026-09-30T14:43:51.571607+00:00
FT-T004261,FT-C01129,2026-02-01 22:51:00,Transfer,12627.99,Mobile App,ATM Terminal,Lagos,No,Successful,No,46,Female,Abuja,Student,Savings,13,87.8,250k-499k,Web,Active,Yes,0.5257,Medium,Secondary Verification (SMS/OTP),2.0.0-week3,2026-09-30T14:43:51.571607+00:00
FT-T008965,FT-C00425,2026-03-09 05:39:00,Deposit,3067.81,POS,iOS,Benin City,No,Successful,No,22,Female,Kaduna,Student,Premium,3,53.2,250k-499k,Mobile App,Active,Yes,0.3666,Medium,Secondary Verification (SMS/OTP),2.0.0-week3,2026-09-30T14:43:51.571607+00:00
FT-T004866,FT-C01308,2026-02-06 11:46:00,Cash Withdrawal,25058.97,Mobile App,iOS,Kaduna,No,Successful,Yes,27,Female,Port Harcourt,Everyday,Savings,35,100.0,250k-499k,Mobile App,Active,Yes,0.4554,Medium,Secondary Verification (SMS/OTP),2.0.0-week3,2026-09-30T14:43:51.571607+00:00
FT-T005399,FT-C00998,2026-02-10 11:43:00,Airtime/Data,125.95,Web,iOS,Kaduna,No,Successful,No,21,Male,Lagos,Everyday,Savings,67,99.6,1m+,Mobile App,Active,No,0.3032,Medium,Secondary Verification (SMS/OTP),2.0.0-week3,2026-09-30T14:43:51.571607+00:00
FT-T001188,FT-C00547,2026-01-09 21:40:00,Airtime/Data,675.74,POS,POS Terminal,Port Harcourt,No,Successful,No,53,Female,Ibadan,Everyday,Savings,31,86.2,Below 100k,Mobile App,Active,Yes,0.3585,Medium,Secondary Verification (SMS/OTP),2.0.0-week3,2026-09-30T14:43:51.571607+00:00
FT-T001596,FT-C00163,2026-01-12 23:07:00,Cash Withdrawal,148135.4,POS,Android,Kano,No,Successful,No,49,Male,Kaduna,Student,Savings,32,31.8,Below 100k,Mobile App,Dormant,Yes,0.4092,Medium,Secondary Verification (SMS/OTP),2.0.0-week3,2026-09-30T14:43:51.571607+00:00
FT-T000802,FT-C00558,2026-01-07 00:11:00,Transfer,22737.79,Web,POS Terminal,Kano,No,Successful,No,53,Male,Lagos,Everyday,Savings,92,73.9,100k-249k,Mobile App,Active,Yes,0.5916,Medium,Secondary Verification (SMS/OTP),2.0.0-week3,2026-09-30T14:43:51.571607+00:00
FT-T009016,FT-C00847,2026-03-09 14:50:00,Card Purchase,18645.28,ATM,iOS,Port Harcourt,No,Successful,No,33,Male,Ibadan,Everyday,Current,27,75.0,250k-499k,Mobile App,Active,No,0.2355,Low,Auto-Approve,2.0.0-week3,2026-09-30T14:43:51.571607+00:00
FT-T006607,FT-C00049,2026-02-19 13:10:00,Bill Payment,4881.46,POS,Android,Ibadan,No,Successful,No,19,Female,Port Harcourt,SME,Current,58,81.7,100k-249k,Mobile App,Active,No,0.2767,Low,Auto-Approve,2.0.0-week3,2026-09-30T14:43:51.571607+00:00
FT-T003886,FT-C01283,2026-01-30 03:21:00,Airtime/Data,623.32,Web,POS Terminal,Benin City,No,Successful,Yes,25,Female,Lagos,Everyday,Premium,73,89.4,Below 100k,Mobile App,Active,Yes,0.4763,Medium,Secondary Verification (SMS/OTP),2.0.0-week3,2026-09-30T14:43:51.571607+00:00
FT-T007749,FT-C01154,2026-02-28 02:45:00,Bill Payment,3223.94,Web,iOS,Benin City,No,Successful,No,60,Female,Ibadan,Premium,Premium,71,78.7,250k-499k,Mobile App,Active,Yes,0.4242,Medium,Secondary Verification (SMS/OTP),2.0.0-week3,2026-09-30T14:43:51.571607+00:00
FT-T011940,FT-C00293,2026-03-31 13:11:00,Deposit,30509.42,Mobile App,iOS,Ibadan,No,Failed,No,52,Female,Ibadan,Premium,Current,86,29.7,1m+,Web,Active,No,0.2895,Low,Auto-Approve,2.0.0-week3,2026-09-30T14:43:51.571607+00:00
FT-T001451,FT-C00002,2026-01-11 21:01:00,Airtime/Data,138.32,POS,Android,Lagos,No,Successful,No,46,Male,Kano,Everyday,Current,79,50.7,500k-999k,Mobile App,Active,No,0.2287,Low,Auto-Approve,2.0.0-week3,2026-09-30T14:43:51.571607+00:00
FT-T007145,FT-C00230,2026-02-23 14:01:00,Airtime/Data,26931.73,ATM,ATM Terminal,Benin City,No,Successful,No,23,Male,Kaduna,Everyday,Premium,44,80.3,Below 100k,Web,Active,Yes,0.412,Medium,Secondary Verification (SMS/OTP),2.0.0-week3,2026-09-30T14:43:51.571607+00:00
FT-T007361,FT-C00316,2026-02-25 04:54:00,Card Purchase,957.97,Web,iOS,Ibadan,No,Successful,No,20,Female,Ibadan,SME,Premium,15,56.2,250k-499k,Mobile App,Active,Yes,0.3593,Medium,Secondary Verification (SMS/OTP),2.0.0-week3,2026-09-30T14:43:51.571607+00:00
FT-T001319,FT-C00479,2026-01-10 21:15:00,Bill Payment,3217.39,Mobile App,Android,Benin City,No,Successful,No,33,Male,Lagos,Everyday,Savings,89,65.3,500k-999k,Web,Active,No,0.2815,Low,Auto-Approve,2.0.0-week3,2026-09-30T14:43:51.571607+00:00
FT-T000027,FT-C00179,2026-01-01 04:40:00,Card Purchase,3956.89,POS,Android,Enugu,No,Pending,No,42,Male,Port Harcourt,Premium,Current,96,51.8,250k-499k,USSD,Active,No,0.2521,Low,Auto-Approve,2.0.0-week3,2026-09-30T14:43:51.571607+00:00
FT-T001179,FT-C00073,2026-01-09 20:03:00,Transfer,270340.98,POS,Android,Lagos,No,Successful,No,53,Female,Abuja,Premium,Current,14,57.3,100k-249k,Mobile App,Active,Yes,0.6181,Medium,Secondary Verification (SMS/OTP),2.0.0-week3,2026-09-30T14:43:51.571607+00:00
FT-T008302,FT-C00618,2026-03-04 06:18:00,Cash Withdrawal,1125.37,POS,ATM Terminal,Abuja,No,Successful,Yes,61,Male,Lagos,Student,Premium,35,70.3,100k-249k,USSD,Active,Yes,0.5268,Medium,Secondary Verification (SMS/OTP),2.0.0-week3,2026-09-30T14:43:51.571607+00:00
FT-T003730,FT-C00982,2026-01-28 23:16:00,Deposit,56893.21,Web,Android,Ibadan,No,Successful,Yes,28,Female,Ibadan,Everyday,Savings,77,48.3,250k-499k,Mobile App,Dormant,Yes,0.3683,Medium,Secondary Verification (SMS/OTP),2.0.0-week3,2026-09-30T14:43:51.571607+00:00
FT-T004850,FT-C00169,2026-02-06 08:53:00,Transfer,24497.11,POS,Android,Ibadan,No,Successful,No,62,Female,Kano,SME,Savings,9,90.4,Below 100k,Mobile App,Active,Yes,0.4771,Medium,Secondary Verification (SMS/OTP),2.0.0-week3,2026-09-30T14:43:51.571607+00:00
FT-T010629,FT-C00215,2026-03-21 17:11:00,Card Purchase,24006.79,Mobile App,POS Terminal,Ibadan,No,Successful,No,18,Female,Port Harcourt,Everyday,Savings,43,38.9,100k-249k,Web,Active,No,0.3363,Medium,Secondary Verification (SMS/OTP),2.0.0-week3,2026-09-30T14:43:51.571607+00:00
FT-T009723,FT-C00106,2026-03-14 22:06:00,Transfer,156535.2,ATM,iOS,Ibadan,No,Successful,No,25,Male,Kaduna,Student,Current,10,75.9,250k-499k,Mobile App,Active,Yes,0.5078,Medium,Secondary Verification (SMS/OTP),2.0.0-week3,2026-09-30T14:43:51.571607+00:00
FT-T010211,FT-C01399,2026-03-18 13:57:00,Card Purchase,1509.03,POS,iOS,Enugu,Yes,Successful,Yes,38,Female,Ibadan,Premium,Premium,19,66.6,Below 100k,Mobile App,Active,Yes,0.5175,Medium,Secondary Verification (SMS/OTP),2.0.0-week3,2026-09-30T14:43:51.571607+00:00
FT-T003474,FT-C00647,2026-01-27 01:11:00,Cash Withdrawal,140045.87,POS,Web Browser,Kano,No,Successful,No,36,Male,Abuja,Everyday,Savings,95,100.0,100k-249k,Mobile App,Active,Yes,0.5018,Medium,Secondary Verification (SMS/OTP),2.0.0-week3,2026-09-30T14:43:51.571607+00:00
FT-T011936,FT-C01296,2026-03-31 12:28:00,Transfer,24155.66,ATM,iOS,Abuja,No,Successful,No,49,Male,Enugu,Everyday,Current,22,51.4,250k-499k,Web,Active,Yes,0.4256,Medium,Secondary Verification (SMS/OTP),2.0.0-week3,2026-09-30T14:43:51.571607+00:00
FT-T001162,FT-C01003,2026-01-09 16:59:00,Transfer,1437.94,USSD,Android,Kano,No,Successful,No,29,Male,Kaduna,Premium,Current,93,65.3,250k-499k,USSD,Active,Yes,0.5112,Medium,Secondary Verification (SMS/OTP),2.0.0-week3,2026-09-30T14:43:51.571607+00:00
FT-T004695,FT-C00674,2026-02-05 04:59:00,Card Purchase,9389.34,Web,Android,Abuja,No,Successful,No,49,Female,Lagos,Everyday,Savings,33,28.4,250k-499k,Web,Active,Yes,0.4418,Medium,Secondary Verification (SMS/OTP),2.0.0-week3,2026-09-30T14:43:51.571607+00:00
FT-T001480,FT-C00459,2026-01-12 02:14:00,Airtime/Data,162.31,Mobile App,Android,Enugu,No,Successful,Yes,33,Male,Port Harcourt,Everyday,Savings,74,69.9,250k-499k,Mobile App,Active,Yes,0.4734,Medium,Secondary Verification (SMS/OTP),2.0.0-week3,2026-09-30T14:43:51.571607+00:00
FT-T004585,FT-C00703,2026-02-04 09:11:00,Deposit,1159.08,Mobile App,Web Browser,Enugu,No,Successful,No,29,Male,Lagos,Premium,Premium,61,55.3,500k-999k,Mobile App,Active,No,0.3329,Medium,Secondary Verification (SMS/OTP),2.0.0-week3,2026-09-30T14:43:51.571607+00:00
FT-T010447,FT-C01227,2026-03-20 08:26:00,Transfer,37191.73,POS,Android,Abuja,No,Successful,No,38,Male,Kano,Premium,Savings,44,66.1,100k-249k,Mobile App,Active,Yes,0.5,Medium,Secondary Verification (SMS/OTP),2.0.0-week3,2026-09-30T14:43:51.571607+00:00
FT-T000076,FT-C01434,2026-01-01 13:30:00,Transfer,231151.27,Mobile App,iOS,Port Harcourt,No,Successful,Yes,19,Male,Enugu,SME,Savings,43,65.8,250k-499k,Mobile App,Active,Yes,0.7609,High,Immediate Review / Payment Hold,2.0.0-week3,2026-09-30T14:43:51.571607+00:00
FT-T005945,FT-C00892,2026-02-14 14:00:00,Bill Payment,38055.94,Mobile App,iOS,Abuja,No,Successful,No,52,Male,Lagos,Premium,Premium,32,88.7,1m+,Mobile App,Active,No,0.2508,Low,Auto-Approve,2.0.0-week3,2026-09-30T14:43:51.571607+00:00
FT-T003849,FT-C00758,2026-01-29 20:41:00,Card Purchase,1051.88,Mobile App,iOS,Lagos,No,Successful,No,45,Male,Benin City,Everyday,Savings,3,92.0,100k-249k,Mobile App,Active,Yes,0.3512,Medium,Secondary Verification (SMS/OTP),2.0.0-week3,2026-09-30T14:43:51.571607+00:00
FT-T002914,FT-C00254,2026-01-22 20:23:00,Transfer,6161.68,Mobile App,Android,Port Harcourt,No,Failed,No,35,Male,Enugu,Everyday,Savings,51,26.5,500k-999k,Mobile App,Active,Yes,0.4461,Medium,Secondary Verification (SMS/OTP),2.0.0-week3,2026-09-30T14:43:51.571607+00:00
FT-T005489,FT-C00355,2026-02-11 03:55:00,Card Purchase,7109.42,POS,iOS,Port Harcourt,No,Successful,No,63,Male,Lagos,Premium,Savings,56,53.4,1m+,Web,Active,Yes,0.3838,Medium,Secondary Verification (SMS/OTP),2.0.0-week3,2026-09-30T14:43:51.571607+00:00
FT-T010176,FT-C00930,2026-03-18 07:39:00,Deposit,619176.83,Mobile App,Android,Kano,No,Successful,No,30,Male,Lagos,Everyday,Savings,94,72.4,250k-499k,Web,Active,Yes,0.5362,Medium,Secondary Verification (SMS/OTP),2.0.0-week3,2026-09-30T14:43:51.571607+00:00
FT-T000287,FT-C01211,2026-01-03 03:29:00,Deposit,250511.46,USSD,Android,Enugu,No,Successful,No,51,Female,Lagos,Everyday,Current,59,95.8,Below 100k,Mobile App,Active,Yes,0.6576,Medium,Secondary Verification (SMS/OTP),2.0.0-week3,2026-09-30T14:43:51.571607+00:00
FT-T005267,FT-C01155,2026-02-09 11:57:00,Cash Withdrawal,1484.02,Mobile App,Web Browser,Lagos,No,Successful,No,29,Male,Lagos,Everyday,Savings,46,80.7,500k-999k,Mobile App,Active,Yes,0.4424,Medium,Secondary Verification (SMS/OTP),2.0.0-week3,2026-09-30T14:43:51.571607+00:00
FT-T010590,FT-C00487,2026-03-21 10:10:00,Card Purchase,6020.93,USSD,iOS,Port Harcourt,No,Successful,No,47,Male,Lagos,Premium,Savings,75,66.3,Below 100k,Web,Active,No,0.3039,Medium,Secondary Verification (SMS/OTP),2.0.0-week3,2026-09-30T14:43:51.571607+00:00
FT-T011603,FT-C00191,2026-03-29 00:32:00,Transfer,9741.73,Mobile App,iOS,Kano,No,Successful,No,26,Female,Port Harcourt,Everyday,Savings,64,92.3,500k-999k,Web,Active,Yes,0.6552,Medium,Secondary Verification (SMS/OTP),2.0.0-week3,2026-09-30T14:43:51.571607+00:00
FT-T004247,FT-C00655,2026-02-01 20:20:00,Card Purchase,4800.27,Mobile App,Web Browser,Kaduna,No,Successful,No,20,Female,Benin City,SME,Savings,60,75.2,100k-249k,USSD,Active,Yes,0.3894,Medium,Secondary Verification (SMS/OTP),2.0.0-week3,2026-09-30T14:43:51.571607+00:00
FT-T001571,FT-C01498,2026-01-12 18:37:00,Card Purchase,1934.62,Mobile App,Web Browser,Lagos,No,Successful,No,65,Male,Enugu,Student,Savings,66,93.1,250k-499k,Mobile App,Active,No,0.3377,Medium,Secondary Verification (SMS/OTP),2.0.0-week3,2026-09-30T14:43:51.571607+00:00
FT-T002896,FT-C00547,2026-01-22 17:08:00,Card Purchase,8359.01,POS,Web Browser,Kaduna,No,Failed,No,53,Female,Ibadan,Everyday,Savings,31,86.2,Below 100k,Mobile App,Active,Yes,0.4361,Medium,Secondary Verification (SMS/OTP),2.0.0-week3,2026-09-30T14:43:51.571607+00:00
FT-T005560,FT-C00126,2026-02-11 16:42:00,Deposit,37068.98,Mobile App,Web Browser,Ibadan,No,Successful,No,61,Female,Lagos,Everyday,Current,39,89.8,250k-499k,Mobile App,Active,No,0.282,Low,Auto-Approve,2.0.0-week3,2026-09-30T14:43:51.571607+00:00
FT-T003944,FT-C00618,2026-01-30 13:47:00,Cash Withdrawal,4685.55,ATM,iOS,Enugu,No,Successful,No,61,Male,Lagos,Student,Premium,35,70.3,100k-249k,USSD,Active,Yes,0.5149,Medium,Secondary Verification (SMS/OTP),2.0.0-week3,2026-09-30T14:43:51.571607+00:00
FT-T000648,FT-C01076,2026-01-05 20:28:00,Transfer,7020.37,Mobile App,iOS,Kaduna,No,Successful,No,49,Female,Lagos,Premium,Savings,8,57.3,100k-249k,Mobile App,Active,Yes,0.516,Medium,Secondary Verification (SMS/OTP),2.0.0-week3,2026-09-30T14:43:51.571607+00:00
FT-T004543,FT-C00049,2026-02-04 01:37:00,Deposit,24897.92,USSD,Web Browser,Kano,No,Successful,No,19,Female,Port Harcourt,SME,Current,58,81.7,100k-249k,Mobile App,Active,Yes,0.4429,Medium,Secondary Verification (SMS/OTP),2.0.0-week3,2026-09-30T14:43:51.571607+00:00
FT-T003445,FT-C01363,2026-01-26 19:58:00,Transfer,1090.87,ATM,iOS,Kano,No,Successful,No,46,Female,Abuja,SME,Savings,67,74.5,500k-999k,Mobile App,Active,Yes,0.5003,Medium,Secondary Verification (SMS/OTP),2.0.0-week3,2026-09-30T14:43:51.571607+00:00
FT-T006819,FT-C01320,2026-02-21 03:20:00,Card Purchase,13285.17,POS,POS Terminal,Abuja,No,Successful,Yes,18,Male,Lagos,Premium,Savings,15,32.7,Below 100k,Web,Active,No,0.2825,Low,Auto-Approve,2.0.0-week3,2026-09-30T14:43:51.571607+00:00
FT-T001259,FT-C01234,2026-01-10 10:27:00,Transfer,74820.62,POS,Android,Ibadan,No,Successful,No,45,Female,Ibadan,Everyday,Premium,4,57.7,500k-999k,Mobile App,Active,Yes,0.5151,Medium,Secondary Verification (SMS/OTP),2.0.0-week3,2026-09-30T14:43:51.571607+00:00
FT-T004164,FT-C01023,2026-02-01 05:24:00,Bill Payment,25838.33,Mobile App,ATM Terminal,Kaduna,No,Successful,No,30,Male,Lagos,Everyday,Current,36,66.7,100k-249k,Web,Active,No,0.3268,Medium,Secondary Verification (SMS/OTP),2.0.0-week3,2026-09-30T14:43:51.571607+00:00
FT-T010861,FT-C00485,2026-03-23 10:57:00,Cash Withdrawal,1848.04,Mobile App,Android,Enugu,No,Successful,No,53,Female,Lagos,Everyday,Savings,54,76.3,250k-499k,Mobile App,Active,Yes,0.4655,Medium,Secondary Verification (SMS/OTP),2.0.0-week3,2026-09-30T14:43:51.571607+00:00
FT-T004103,FT-C00373,2026-01-31 18:25:00,Card Purchase,13815.05,Mobile App,iOS,Kano,No,Successful,No,64,Female,Lagos,Everyday,Current,30,67.3,100k-249k,Mobile App,Active,No,0.2505,Low,Auto-Approve,2.0.0-week3,2026-09-30T14:43:51.571607+00:00
FT-T002736,FT-C01261,2026-01-21 12:20:00,Deposit,317831.14,POS,Android,Lagos,No,Successful,No,18,Female,Kano,Everyday,Savings,94,82.2,100k-249k,Mobile App,Active,Yes,0.5919,Medium,Secondary Verification (SMS/OTP),2.0.0-week3,2026-09-30T14:43:51.571607+00:00
FT-T001630,FT-C00601,2026-01-13 05:14:00,Transfer,13927.85,Mobile App,iOS,Enugu,No,Successful,No,56,Male,Lagos,SME,Premium,79,86.6,Below 100k,Mobile App,Active,Yes,0.5692,Medium,Secondary Verification (SMS/OTP),2.0.0-week3,2026-09-30T14:43:51.571607+00:00
FT-T001600,FT-C00480,2026-01-12 23:50:00,Cash Withdrawal,2758.85,Web,Web Browser,Enugu,No,Successful,No,43,Female,Kaduna,Everyday,Current,31,50.5,100k-249k,Mobile App,Active,Yes,0.4079,Medium,Secondary Verification (SMS/OTP),2.0.0-week3,2026-09-30T14:43:51.571607+00:00
FT-T001720,FT-C00686,2026-01-13 21:26:00,Cash Withdrawal,1438.35,Mobile App,iOS,Ibadan,No,Successful,No,35,Female,Lagos,Student,Current,88,85.8,100k-249k,Web,Active,No,0.3368,Medium,Secondary Verification (SMS/OTP),2.0.0-week3,2026-09-30T14:43:51.571607+00:00
FT-T000305,FT-C00786,2026-01-03 06:43:00,Cash Withdrawal,1269.35,Web,iOS,Kaduna,No,Successful,Yes,25,Male,Abuja,Everyday,Current,17,76.3,500k-999k,Web,Active,Yes,0.417,Medium,Secondary Verification (SMS/OTP),2.0.0-week3,2026-09-30T14:43:51.571607+00:00
FT-T009748,FT-C01404,2026-03-15 02:36:00,Card Purchase,2265.64,Mobile App,POS Terminal,Ibadan,No,Successful,No,18,Female,Abuja,Everyday,Savings,3,45.5,100k-249k,USSD,Active,Yes,0.4493,Medium,Secondary Verification (SMS/OTP),2.0.0-week3,2026-09-30T14:43:51.571607+00:00
FT-T007659,FT-C00393,2026-02-27 10:33:00,Transfer,4925.78,Mobile App,Android,Enugu,No,Successful,No,41,Male,Abuja,Premium,Premium,49,77.1,250k-499k,USSD,Active,Yes,0.5309,Medium,Secondary Verification (SMS/OTP),2.0.0-week3,2026-09-30T14:43:51.571607+00:00
FT-T010513,FT-C01285,2026-03-20 20:19:00,Transfer,196957.02,Mobile App,Web Browser,Enugu,No,Successful,No,54,Male,Lagos,SME,Savings,8,25.4,250k-499k,Mobile App,Dormant,Yes,0.485,Medium,Secondary Verification (SMS/OTP),2.0.0-week3,2026-09-30T14:43:51.571607+00:00
FT-T011170,FT-C01365,2026-03-25 18:35:00,Airtime/Data,297.77,POS,POS Terminal,Benin City,No,Successful,No,51,Female,Lagos,Student,Savings,27,37.5,Below 100k,Mobile App,Dormant,No,0.3091,Medium,Secondary Verification (SMS/OTP),2.0.0-week3,2026-09-30T14:43:51.571607+00:00
FT-T003806,FT-C00755,2026-01-29 12:57:00,Card Purchase,105600.88,ATM,Android,Abuja,No,Successful,No,38,Female,Lagos,Everyday,Current,16,100.0,500k-999k,Web,Active,No,0.2164,Low,Auto-Approve,2.0.0-week3,2026-09-30T14:43:51.571607+00:00
FT-T000413,FT-C00646,2026-01-04 02:09:00,Bill Payment,1872.99,Web,Android,Kaduna,No,Successful,Yes,48,Male,Lagos,SME,Savings,43,76.9,100k-249k,Mobile App,Active,Yes,0.4372,Medium,Secondary Verification (SMS/OTP),2.0.0-week3,2026-09-30T14:43:51.571607+00:00
FT-T000250,FT-C00323,2026-01-02 20:49:00,Transfer,1153.42,POS,Android,Benin City,No,Successful,No,63,Male,Kaduna,Everyday,Savings,27,92.5,250k-499k,Mobile App,Active,Yes,0.5091,Medium,Secondary Verification (SMS/OTP),2.0.0-week3,2026-09-30T14:43:51.571607+00:00
FT-T011723,FT-C00924,2026-03-29 22:08:00,Card Purchase,17658.75,POS,Android,Lagos,No,Successful,No,56,Female,Kaduna,Premium,Savings,46,100.0,100k-249k,Web,Active,No,0.2561,Low,Auto-Approve,2.0.0-week3,2026-09-30T14:43:51.571607+00:00
FT-T010496,FT-C00578,2026-03-20 17:15:00,Card Purchase,144547.05,Mobile App,POS Terminal,Ibadan,No,Successful,No,30,Female,Lagos,Student,Savings,88,28.9,500k-999k,Mobile App,Active,Yes,0.3875,Medium,Secondary Verification (SMS/OTP),2.0.0-week3,2026-09-30T14:43:51.571607+00:00
FT-T003856,FT-C00447,2026-01-29 21:57:00,Transfer,148032.88,Mobile App,Android,Kano,No,Successful,No,26,Female,Abuja,Everyday,Savings,73,100.0,250k-499k,Mobile App,Active,Yes,0.4628,Medium,Secondary Verification (SMS/OTP),2.0.0-week3,2026-09-30T14:43:51.571607+00:00
FT-T000278,FT-C01132,2026-01-03 01:51:00,Cash Withdrawal,38964.21,Web,Android,Ibadan,No,Successful,Yes,29,Female,Lagos,Premium,Savings,57,73.0,500k-999k,Web,Active,Yes,0.5945,Medium,Secondary Verification (SMS/OTP),2.0.0-week3,2026-09-30T14:43:51.571607+00:00
FT-T000438,FT-C00949,2026-01-04 06:39:00,Cash Withdrawal,22096.72,Mobile App,POS Terminal,Lagos,No,Successful,Yes,59,Male,Lagos,Premium,Current,96,61.8,Below 100k,Mobile App,Active,Yes,0.4462,Medium,Secondary Verification (SMS/OTP),2.0.0-week3,2026-09-30T14:43:51.571607+00:00
FT-T010880,FT-C00023,2026-03-23 14:22:00,Card Purchase,26433.65,Mobile App,Android,Port Harcourt,No,Failed,No,19,Female,Lagos,Student,Current,64,56.8,Below 100k,Mobile App,Dormant,Yes,0.3817,Medium,Secondary Verification (SMS/OTP),2.0.0-week3,2026-09-30T14:43:51.571607+00:00
FT-T005413,FT-C00691,2026-02-10 14:14:00,Bill Payment,683.61,Mobile App,Web Browser,Benin City,No,Failed,Yes,48,Male,Abuja,Student,Savings,3,59.9,100k-249k,Web,Active,Yes,0.4511,Medium,Secondary Verification (SMS/OTP),2.0.0-week3,2026-09-30T14:43:51.571607+00:00
FT-T002590,FT-C01064,2026-01-20 10:03:00,Airtime/Data,12191.99,USSD,iOS,Abuja,No,Successful,No,43,Female,Port Harcourt,SME,Savings,22,72.9,Below 100k,Mobile App,Active,Yes,0.3699,Medium,Secondary Verification (SMS/OTP),2.0.0-week3,2026-09-30T14:43:51.571607+00:00
FT-T001333,FT-C00570,2026-01-10 23:46:00,Transfer,58020.89,Mobile App,Android,Kaduna,No,Successful,No,52,Male,Ibadan,Everyday,Premium,12,62.3,100k-249k,Mobile App,Active,Yes,0.527,Medium,Secondary Verification (SMS/OTP),2.0.0-week3,2026-09-30T14:43:51.571607+00:00
FT-T005637,FT-C00662,2026-02-12 06:33:00,Card Purchase,38933.4,ATM,Android,Abuja,No,Successful,No,58,Female,Lagos,Premium,Savings,22,46.1,1m+,Web,Active,No,0.2911,Low,Auto-Approve,2.0.0-week3,2026-09-30T14:43:51.571607+00:00
FT-T005083,FT-C00413,2026-02-08 02:50:00,Airtime/Data,2440.92,Web,Web Browser,Enugu,No,Successful,No,42,Female,Port Harcourt,Premium,Current,73,52.1,Below 100k,Web,Active,Yes,0.404,Medium,Secondary Verification (SMS/OTP),2.0.0-week3,2026-09-30T14:43:51.571607+00:00
FT-T005743,FT-C00703,2026-02-13 01:38:00,Transfer,5560.24,ATM,iOS,Kano,No,Successful,Yes,29,Male,Lagos,Premium,Premium,61,55.3,500k-999k,Mobile App,Active,Yes,0.6314,Medium,Secondary Verification (SMS/OTP),2.0.0-week3,2026-09-30T14:43:51.571607+00:00
FT-T001222,FT-C00283,2026-01-10 03:47:00,Transfer,639.77,POS,iOS,Port Harcourt,No,Successful,Yes,37,Male,Abuja,Student,Savings,69,83.2,100k-249k,Mobile App,Dormant,Yes,0.5247,Medium,Secondary Verification (SMS/OTP),2.0.0-week3,2026-09-30T14:43:51.571607+00:00
FT-T003820,FT-C00013,2026-01-29 15:28:00,Cash Withdrawal,4033.63,POS,Web Browser,Kano,No,Successful,No,53,Female,Lagos,Everyday,Savings,62,90.4,100k-249k,Mobile App,Dormant,Yes,0.4836,Medium,Secondary Verification (SMS/OTP),2.0.0-week3,2026-09-30T14:43:51.571607+00:00
FT-T000036,FT-C00035,2026-01-01 06:18:00,Bill Payment,1950.4,ATM,Android,,No,Successful,No,64,Female,Lagos,Premium,Premium,72,43.1,1m+,USSD,Active,No,0.3446,Medium,Secondary Verification (SMS/OTP),2.0.0-week3,2026-09-30T14:43:51.571607+00:00
FT-T002532,FT-C00454,2026-01-19 23:37:00,Cash Withdrawal,5147.03,Mobile App,Android,Port Harcourt,No,Successful,No,65,Male,Benin City,SME,Savings,15,88.1,250k-499k,USSD,Active,Yes,0.4311,Medium,Secondary Verification (SMS/OTP),2.0.0-week3,2026-09-30T14:43:51.571607+00:00
FT-T007542,FT-C00167,2026-02-26 13:29:00,Card Purchase,28188.85,Web,Android,Kaduna,No,Successful,Yes,19,Male,Enugu,Student,Premium,31,74.6,Below 100k,Mobile App,Active,No,0.2551,Low,Auto-Approve,2.0.0-week3,2026-09-30T14:43:51.571607+00:00
FT-T004972,FT-C01427,2026-02-07 06:51:00,Deposit,39802.26,Mobile App,POS Terminal,Benin City,No,Successful,No,60,Female,Benin City,Student,Savings,26,55.3,250k-499k,USSD,Active,No,0.3173,Medium,Secondary Verification (SMS/OTP),2.0.0-week3,2026-09-30T14:43:51.571607+00:00
FT-T009441,FT-C00175,2026-03-12 19:20:00,Transfer,2361.62,USSD,ATM Terminal,Port Harcourt,No,Successful,No,37,Male,Lagos,Premium,Savings,64,66.0,Below 100k,Mobile App,Active,Yes,0.5288,Medium,Secondary Verification (SMS/OTP),2.0.0-week3,2026-09-30T14:43:51.571607+00:00
FT-T010748,FT-C01154,2026-03-22 14:37:00,Card Purchase,2441.64,ATM,iOS,Port Harcourt,No,Successful,No,60,Female,Ibadan,Premium,Premium,71,78.7,250k-499k,Mobile App,Active,No,0.3101,Medium,Secondary Verification (SMS/OTP),2.0.0-week3,2026-09-30T14:43:51.571607+00:00
FT-T000308,FT-C00102,2026-01-03 07:15:00,Cash Withdrawal,14573.32,Mobile App,POS Terminal,Enugu,No,Successful,No,25,Male,Ibadan,Student,Current,65,86.0,1m+,Mobile App,Active,Yes,0.4364,Medium,Secondary Verification (SMS/OTP),2.0.0-week3,2026-09-30T14:43:51.571607+00:00
FT-T000627,FT-C00666,2026-01-05 16:41:00,Bill Payment,45717.87,POS,Android,Enugu,No,Successful,Yes,30,Male,Benin City,Everyday,Savings,44,39.1,250k-499k,Mobile App,Active,No,0.332,Medium,Secondary Verification (SMS/OTP),2.0.0-week3,2026-09-30T14:43:51.571607+00:00
FT-T009188,FT-C01333,2026-03-10 21:47:00,Transfer,13214.32,Web,POS Terminal,Enugu,No,Pending,Yes,55,Male,Lagos,Everyday,Current,80,60.6,100k-249k,Mobile App,Active,Yes,0.4167,Medium,Secondary Verification (SMS/OTP),2.0.0-week3,2026-09-30T14:43:51.571607+00:00
FT-T003795,FT-C01487,2026-01-29 10:58:00,Bill Payment,19373.5,POS,POS Terminal,Enugu,No,Successful,No,24,Female,Port Harcourt,Everyday,Savings,20,49.4,250k-499k,Mobile App,Active,No,0.2471,Low,Auto-Approve,2.0.0-week3,2026-09-30T14:43:51.571607+00:00
FT-T007116,FT-C00633,2026-02-23 08:48:00,Airtime/Data,4437.08,Mobile App,POS Terminal,Port Harcourt,No,Successful,No,36,Male,Kano,Student,Current,90,47.0,250k-499k,Web,Active,No,0.3042,Medium,Secondary Verification (SMS/OTP),2.0.0-week3,2026-09-30T14:43:51.571607+00:00
FT-T002902,FT-C01034,2026-01-22 18:13:00,Card Purchase,460.54,POS,POS Terminal,Lagos,No,Successful,No,41,Female,Enugu,Student,Savings,47,58.4,Below 100k,Mobile App,Active,No,0.2292,Low,Auto-Approve,2.0.0-week3,2026-09-30T14:43:51.571607+00:00
FT-T008119,FT-C00606,2026-03-02 21:21:00,Cash Withdrawal,23394.0,Mobile App,Web Browser,Lagos,No,Successful,No,48,Male,Enugu,Everyday,Current,51,63.3,1m+,Mobile App,Active,Yes,0.4079,Medium,Secondary Verification (SMS/OTP),2.0.0-week3,2026-09-30T14:43:51.571607+00:00
FT-T000019,FT-C00908,2026-01-01 03:14:00,Transfer,1494.62,Mobile App,iOS,Ibadan,No,Failed,No,64,Male,Ibadan,Everyday,Savings,12,63.9,500k-999k,Mobile App,Active,Yes,0.5902,Medium,Secondary Verification (SMS/OTP),2.0.0-week3,2026-09-30T14:43:51.571607+00:00
FT-T009147,FT-C00020,2026-03-10 14:25:00,Transfer,83588.33,POS,iOS,Ibadan,No,Successful,No,61,Male,Lagos,Everyday,Current,21,56.3,100k-249k,USSD,Active,Yes,0.519,Medium,Secondary Verification (SMS/OTP),2.0.0-week3,2026-09-30T14:43:51.571607+00:00
FT-T007816,FT-C00002,2026-02-28 14:49:00,Card Purchase,677.55,Mobile App,iOS,Enugu,No,Reversed,No,46,Male,Kano,Everyday,Current,79,50.7,500k-999k,Mobile App,Active,No,0.2796,Low,Auto-Approve,2.0.0-week3,2026-09-30T14:43:51.571607+00:00
FT-T008034,FT-C00436,2026-03-02 06:03:00,Bill Payment,77581.01,Mobile App,Android,Port Harcourt,No,Failed,Yes,30,Male,Lagos,Student,Savings,33,86.9,250k-499k,Mobile App,Active,Yes,0.4546,Medium,Secondary Verification (SMS/OTP),2.0.0-week3,2026-09-30T14:43:51.571607+00:00
FT-T007373,FT-C00964,2026-02-25 07:04:00,Airtime/Data,314.59,Mobile App,Android,Port Harcourt,No,Successful,No,21,Male,Kano,Premium,Current,87,93.6,1m+,Web,Active,No,0.251,Low,Auto-Approve,2.0.0-week3,2026-09-30T14:43:51.571607+00:00
FT-T006451,FT-C00542,2026-02-18 09:05:00,Airtime/Data,126.03,POS,POS Terminal,Kano,No,Successful,No,24,Male,Ibadan,Everyday,Current,61,54.1,250k-499k,Mobile App,Dormant,No,0.3272,Medium,Secondary Verification (SMS/OTP),2.0.0-week3,2026-09-30T14:43:51.571607+00:00
FT-T002868,FT-C00791,2026-01-22 12:06:00,Bill Payment,5885.45,Mobile App,iOS,Enugu,No,Successful,No,29,Male,Benin City,Student,Savings,3,79.3,Below 100k,Mobile App,Active,No,0.3182,Medium,Secondary Verification (SMS/OTP),2.0.0-week3,2026-09-30T14:43:51.571607+00:00
FT-T004685,FT-C01215,2026-02-05 03:11:00,Card Purchase,2082.05,POS,iOS,Ibadan,No,Successful,No,61,Male,Lagos,Premium,Savings,63,81.3,100k-249k,Mobile App,Dormant,Yes,0.4498,Medium,Secondary Verification (SMS/OTP),2.0.0-week3,2026-09-30T14:43:51.571607+00:00
FT-T011870,FT-C01483,2026-03-31 00:35:00,Cash Withdrawal,1252.95,POS,Android,Benin City,No,Successful,Yes,64,Female,Abuja,Premium,Current,23,65.7,Below 100k,USSD,Active,Yes,0.5448,Medium,Secondary Verification (SMS/OTP),2.0.0-week3,2026-09-30T14:43:51.571607+00:00
FT-T010555,FT-C01448,2026-03-21 03:52:00,Transfer,40560.81,USSD,POS Terminal,Port Harcourt,No,Successful,Yes,54,Male,Lagos,Everyday,Savings,84,57.2,500k-999k,Mobile App,Active,Yes,0.5769,Medium,Secondary Verification (SMS/OTP),2.0.0-week3,2026-09-30T14:43:51.571607+00:00
FT-T011410,FT-C00715,2026-03-27 13:47:00,Cash Withdrawal,1105.84,Mobile App,Android,Kano,No,Successful,No,53,Male,Kaduna,Student,Savings,56,93.2,250k-499k,Mobile App,Active,Yes,0.4825,Medium,Secondary Verification (SMS/OTP),2.0.0-week3,2026-09-30T14:43:51.571607+00:00
FT-T008524,FT-C00871,2026-03-05 22:16:00,Airtime/Data,676.37,ATM,ATM Terminal,Abuja,No,Successful,Yes,29,Male,Abuja,Everyday,Savings,3,43.0,100k-249k,Web,Active,No,0.3429,Medium,Secondary Verification (SMS/OTP),2.0.0-week3,2026-09-30T14:43:51.571607+00:00
FT-T007466,FT-C00024,2026-02-25 23:48:00,Airtime/Data,423.93,POS,Android,Enugu,No,Successful,No,38,Female,Ibadan,Premium,Savings,73,83.0,250k-499k,Mobile App,Active,No,0.294,Low,Auto-Approve,2.0.0-week3,2026-09-30T14:43:51.571607+00:00
FT-T009837,FT-C00099,2026-03-15 18:37:00,Transfer,4506.79,POS,POS Terminal,Kano,No,Successful,No,41,Female,Abuja,SME,Savings,73,53.1,100k-249k,Mobile App,Active,Yes,0.4885,Medium,Secondary Verification (SMS/OTP),2.0.0-week3,2026-09-30T14:43:51.571607+00:00
FT-T003895,FT-C01160,2026-01-30 04:58:00,Transfer,992.97,Mobile App,Android,Kaduna,Yes,Successful,No,42,Female,Port Harcourt,Everyday,Savings,66,37.7,100k-249k,Web,Active,Yes,0.5169,Medium,Secondary Verification (SMS/OTP),2.0.0-week3,2026-09-30T14:43:51.571607+00:00
FT-T011101,FT-C00189,2026-03-25 06:09:00,Card Purchase,15189.56,Mobile App,iOS,Kaduna,No,Successful,No,25,Male,Ibadan,Everyday,Current,95,97.6,500k-999k,Mobile App,Active,No,0.2279,Low,Auto-Approve,2.0.0-week3,2026-09-30T14:43:51.571607+00:00
FT-T011748,FT-C00858,2026-03-30 02:38:00,Transfer,7346.74,POS,iOS,Ibadan,No,Successful,Yes,49,Male,Lagos,Premium,Current,41,89.3,1m+,Mobile App,Active,Yes,0.5195,Medium,Secondary Verification (SMS/OTP),2.0.0-week3,2026-09-30T14:43:51.571607+00:00
FT-T007107,FT-C00514,2026-02-23 07:11:00,Transfer,26778.49,Mobile App,iOS,Port Harcourt,No,Successful,No,50,Male,Lagos,Student,Current,40,79.9,250k-499k,Web,Active,Yes,0.489,Medium,Secondary Verification (SMS/OTP),2.0.0-week3,2026-09-30T14:43:51.571607+00:00
FT-T005920,FT-C00262,2026-02-14 09:30:00,Airtime/Data,337.42,Mobile App,Android,Kano,No,Successful,No,47,Male,Ibadan,Everyday,Premium,10,54.9,250k-499k,Web,Active,No,0.3099,Medium,Secondary Verification (SMS/OTP),2.0.0-week3,2026-09-30T14:43:51.571607+00:00
FT-T003010,FT-C00794,2026-01-23 13:39:00,Transfer,203958.76,ATM,Android,Port Harcourt,No,Successful,Yes,22,Female,Ibadan,Student,Savings,82,81.8,250k-499k,Web,Active,Yes,0.7299,High,Immediate Review / Payment Hold,2.0.0-week3,2026-09-30T14:43:51.571607+00:00
FT-T010504,FT-C00236,2026-03-20 18:41:00,Card Purchase,506.65,POS,Android,Port Harcourt,No,Successful,No,26,Female,Ibadan,SME,Savings,95,64.5,250k-499k,USSD,Active,No,0.2752,Low,Auto-Approve,2.0.0-week3,2026-09-30T14:43:51.571607+00:00
FT-T006263,FT-C01393,2026-02-16 23:15:00,Deposit,39455.15,POS,ATM Terminal,Kaduna,No,Successful,No,62,Female,Lagos,Student,Current,74,80.2,250k-499k,Mobile App,Active,No,0.2941,Low,Auto-Approve,2.0.0-week3,2026-09-30T14:43:51.571607+00:00
FT-T004599,FT-C01096,2026-02-04 11:42:00,Card Purchase,941.2,Mobile App,iOS,Lagos,No,Successful,No,59,Female,Kaduna,Everyday,Savings,56,63.8,500k-999k,Mobile App,Active,No,0.3081,Medium,Secondary Verification (SMS/OTP),2.0.0-week3,2026-09-30T14:43:51.571607+00:00
FT-T002237,FT-C00347,2026-01-17 18:30:00,Transfer,9441.12,Mobile App,Android,Abuja,No,Successful,No,46,Male,Enugu,Everyday,Savings,9,64.5,Below 100k,USSD,Active,Yes,0.5076,Medium,Secondary Verification (SMS/OTP),2.0.0-week3,2026-09-30T14:43:51.571607+00:00
FT-T002038,FT-C00992,2026-01-16 06:41:00,Cash Withdrawal,1455.0,Mobile App,POS Terminal,Lagos,No,Pending,No,43,Male,Lagos,Premium,Current,29,96.6,1m+,Mobile App,Active,Yes,0.4492,Medium,Secondary Verification (SMS/OTP),2.0.0-week3,2026-09-30T14:43:51.571607+00:00
FT-T001744,FT-C00272,2026-01-14 01:45:00,Transfer,49937.83,Mobile App,Android,Benin City,No,Successful,Yes,29,Female,Lagos,SME,Current,31,47.2,100k-249k,Mobile App,Active,Yes,0.587,Medium,Secondary Verification (SMS/OTP),2.0.0-week3,2026-09-30T14:43:51.571607+00:00
FT-T008583,FT-C00445,2026-03-06 08:53:00,Airtime/Data,788.25,Mobile App,Android,Ibadan,No,Successful,No,43,Male,Port Harcourt,Premium,Savings,88,64.1,250k-499k,Mobile App,Active,No,0.3209,Medium,Secondary Verification (SMS/OTP),2.0.0-week3,2026-09-30T14:43:51.571607+00:00
FT-T004527,FT-C00362,2026-02-03 22:44:00,Card Purchase,115408.71,POS,Android,Port Harcourt,No,Successful,No,50,Male,Enugu,Everyday,Savings,47,87.5,500k-999k,Mobile App,Active,No,0.3083,Medium,Secondary Verification (SMS/OTP),2.0.0-week3,2026-09-30T14:43:51.571607+00:00
FT-T003073,FT-C01247,2026-01-24 01:00:00,Cash Withdrawal,33447.63,Mobile App,Android,Port Harcourt,Yes,Successful,Yes,46,Female,Abuja,Everyday,Savings,13,57.4,1m+,Mobile App,Active,Yes,0.6009,Medium,Secondary Verification (SMS/OTP),2.0.0-week3,2026-09-30T14:43:51.571607+00:00
FT-T006850,FT-C01056,2026-02-21 08:55:00,Bill Payment,5794.2,Mobile App,iOS,Abuja,No,Successful,No,31,Male,Port Harcourt,Student,Savings,61,70.3,100k-249k,Mobile App,Active,No,0.2647,Low,Auto-Approve,2.0.0-week3,2026-09-30T14:43:51.571607+00:00
FT-T008925,FT-C01474,2026-03-08 22:27:00,Bill Payment,91815.85,Mobile App,POS Terminal,Abuja,No,Successful,No,42,Male,Ibadan,Everyday,Current,87,60.7,100k-249k,USSD,Active,No,0.205,Low,Auto-Approve,2.0.0-week3,2026-09-30T14:43:51.571607+00:00
FT-T005123,FT-C01028,2026-02-08 10:02:00,Card Purchase,71972.25,Mobile App,Android,Enugu,No,Successful,No,54,Female,Abuja,Everyday,Savings,78,72.7,250k-499k,Mobile App,Active,No,0.3428,Medium,Secondary Verification (SMS/OTP),2.0.0-week3,2026-09-30T14:43:51.571607+00:00
FT-T008679,FT-C00712,2026-03-07 02:10:00,Transfer,630.63,Mobile App,Android,Lagos,No,Successful,Yes,45,Female,Lagos,Everyday,Savings,60,47.5,100k-249k,Mobile App,Active,Yes,0.5399,Medium,Secondary Verification (SMS/OTP),2.0.0-week3,2026-09-30T14:43:51.571607+00:00
FT-T005755,FT-C00826,2026-02-13 03:48:00,Airtime/Data,1402.19,USSD,Web Browser,Benin City,No,Successful,Yes,21,Prefer not to say,Port Harcourt,Premium,Premium,56,95.9,100k-249k,Web,Active,Yes,0.4524,Medium,Secondary Verification (SMS/OTP),2.0.0-week3,2026-09-30T14:43:51.571607+00:00
FT-T010683,FT-C00542,2026-03-22 02:55:00,Card Purchase,1457.09,Web,iOS,Benin City,No,Successful,No,24,Male,Ibadan,Everyday,Current,61,54.1,250k-499k,Mobile App,Dormant,Yes,0.4006,Medium,Secondary Verification (SMS/OTP),2.0.0-week3,2026-09-30T14:43:51.571607+00:00
FT-T000501,FT-C01078,2026-01-04 18:00:00,Cash Withdrawal,120587.81,POS,POS Terminal,Port Harcourt,No,Pending,No,50,Male,Benin City,Everyday,Premium,68,58.6,Below 100k,Mobile App,Active,Yes,0.5169,Medium,Secondary Verification (SMS/OTP),2.0.0-week3,2026-09-30T14:43:51.571607+00:00
FT-T005060,FT-C00702,2026-02-07 22:41:00,Card Purchase,164606.95,ATM,Android,Port Harcourt,No,Successful,No,55,Male,Enugu,Premium,Savings,67,73.0,500k-999k,Web,Active,No,0.337,Medium,Secondary Verification (SMS/OTP),2.0.0-week3,2026-09-30T14:43:51.571607+00:00
FT-T003624,FT-C00731,2026-01-28 04:11:00,Card Purchase,7833.23,USSD,Android,Benin City,Yes,Successful,No,64,Female,Abuja,Student,Savings,4,83.7,500k-999k,Web,Active,Yes,0.6202,Medium,Secondary Verification (SMS/OTP),2.0.0-week3,2026-09-30T14:43:51.571607+00:00
FT-T011159,FT-C00479,2026-03-25 16:36:00,Transfer,1797.52,Mobile App,iOS,Benin City,No,Successful,Yes,33,Male,Lagos,Everyday,Savings,89,65.3,500k-999k,Web,Active,Yes,0.5093,Medium,Secondary Verification (SMS/OTP),2.0.0-week3,2026-09-30T14:43:51.571607+00:00
FT-T005080,FT-C01178,2026-02-08 02:17:00,Bill Payment,34076.73,POS,Web Browser,Enugu,No,Successful,No,31,Female,Lagos,SME,Savings,60,64.6,100k-249k,Mobile App,Active,No,0.3321,Medium,Secondary Verification (SMS/OTP),2.0.0-week3,2026-09-30T14:43:51.571607+00:00
FT-T009243,FT-C00460,2026-03-11 07:41:00,Card Purchase,48933.78,Mobile App,Web Browser,Benin City,No,Failed,No,56,Female,Kano,Everyday,Savings,61,85.2,100k-249k,Mobile App,Active,Yes,0.459,Medium,Secondary Verification (SMS/OTP),2.0.0-week3,2026-09-30T14:43:51.571607+00:00
FT-T001975,FT-C01365,2026-01-15 19:20:00,Airtime/Data,15797.58,ATM,POS Terminal,Ibadan,No,Successful,No,51,Female,Lagos,Student,Savings,27,37.5,Below 100k,Mobile App,Dormant,No,0.3017,Medium,Secondary Verification (SMS/OTP),2.0.0-week3,2026-09-30T14:43:51.571607+00:00
FT-T010292,FT-C01242,2026-03-19 04:32:00,Airtime/Data,323.64,Web,Android,Kaduna,No,Successful,Yes,36,Female,Lagos,Everyday,Savings,64,86.6,100k-249k,Mobile App,Active,Yes,0.471,Medium,Secondary Verification (SMS/OTP),2.0.0-week3,2026-09-30T14:43:51.571607+00:00
FT-T006935,FT-C00450,2026-02-22 00:13:00,Bill Payment,12317.37,Web,POS Terminal,Kano,No,Successful,No,18,Male,Enugu,Everyday,Savings,17,68.7,250k-499k,Web,Active,Yes,0.4484,Medium,Secondary Verification (SMS/OTP),2.0.0-week3,2026-09-30T14:43:51.571607+00:00
FT-T005921,FT-C01326,2026-02-14 09:41:00,Bill Payment,13644.53,POS,Android,Enugu,No,Successful,No,19,Male,Lagos,Student,Premium,55,83.8,500k-999k,Mobile App,Active,No,0.2493,Low,Auto-Approve,2.0.0-week3,2026-09-30T14:43:51.571607+00:00
FT-T000639,FT-C01292,2026-01-05 18:50:00,Card Purchase,658.96,Mobile App,Android,Ibadan,No,Successful,No,52,Male,Ibadan,Premium,Savings,66,79.7,100k-249k,Mobile App,Active,No,0.3378,Medium,Secondary Verification (SMS/OTP),2.0.0-week3,2026-09-30T14:43:51.571607+00:00
FT-T007297,FT-C00509,2026-02-24 17:23:00,Card Purchase,504.85,Mobile App,Android,Abuja,No,Successful,No,37,Female,Ibadan,Everyday,Current,44,90.6,1m+,Mobile App,Active,No,0.2376,Low,Auto-Approve,2.0.0-week3,2026-09-30T14:43:51.571607+00:00
FT-T004782,FT-C00260,2026-02-05 20:39:00,Airtime/Data,3132.69,USSD,POS Terminal,Lagos,No,Successful,No,40,Male,Port Harcourt,Everyday,Savings,47,87.9,250k-499k,Mobile App,Active,No,0.3456,Medium,Secondary Verification (SMS/OTP),2.0.0-week3,2026-09-30T14:43:51.571607+00:00
FT-T001425,FT-C00807,2026-01-11 16:20:00,Transfer,112102.15,Mobile App,Android,Benin City,No,Successful,No,56,Female,Kano,Premium,Premium,96,71.5,100k-249k,Web,Active,Yes,0.4102,Medium,Secondary Verification (SMS/OTP),2.0.0-week3,2026-09-30T14:43:51.571607+00:00
FT-T011337,FT-C00118,2026-03-27 00:38:00,Cash Withdrawal,14963.2,Mobile App,Android,Ibadan,No,Successful,No,29,Male,Abuja,Student,Premium,54,68.0,Below 100k,USSD,Active,Yes,0.5948,Medium,Secondary Verification (SMS/OTP),2.0.0-week3,2026-09-30T14:43:51.571607+00:00
FT-T000754,FT-C00605,2026-01-06 15:33:00,Card Purchase,853.76,Mobile App,ATM Terminal,Kano,No,Successful,No,31,Female,Lagos,Everyday,Savings,53,71.0,100k-249k,Mobile App,Active,No,0.3119,Medium,Secondary Verification (SMS/OTP),2.0.0-week3,2026-09-30T14:43:51.571607+00:00
FT-T000692,FT-C00117,2026-01-06 04:23:00,Transfer,178388.39,ATM,POS Terminal,Enugu,No,Successful,Yes,25,Male,Lagos,Everyday,Savings,74,87.8,100k-249k,Mobile App,Active,Yes,0.7327,High,Immediate Review / Payment Hold,2.0.0-week3,2026-09-30T14:43:51.571607+00:00
FT-T009202,FT-C01114,2026-03-11 00:19:00,Deposit,5014.56,POS,Android,Abuja,No,Successful,No,27,Prefer not to say,Kaduna,Everyday,Savings,38,33.4,100k-249k,Mobile App,Active,Yes,0.4044,Medium,Secondary Verification (SMS/OTP),2.0.0-week3,2026-09-30T14:43:51.571607+00:00
FT-T001817,FT-C00365,2026-01-14 14:54:00,Bill Payment,27892.47,ATM,iOS,Kaduna,No,Successful,No,42,Female,Benin City,Student,Premium,36,73.2,100k-249k,Mobile App,Active,No,0.284,Low,Auto-Approve,2.0.0-week3,2026-09-30T14:43:51.571607+00:00
FT-T001017,FT-C01024,2026-01-08 14:53:00,Card Purchase,166278.38,POS,Android,Enugu,No,Reversed,No,57,Male,Benin City,Everyday,Savings,84,86.3,500k-999k,Mobile App,Active,Yes,0.547,Medium,Secondary Verification (SMS/OTP),2.0.0-week3,2026-09-30T14:43:51.571607+00:00
FT-T002856,FT-C00204,2026-01-22 09:56:00,Cash Withdrawal,28339.41,USSD,Android,Kaduna,No,Successful,Yes,19,Female,Kaduna,SME,Savings,73,73.4,500k-999k,Mobile App,Active,Yes,0.3915,Medium,Secondary Verification (SMS/OTP),2.0.0-week3,2026-09-30T14:43:51.571607+00:00
FT-T003737,FT-C00600,2026-01-29 00:32:00,Transfer,93598.58,Mobile App,POS Terminal,Kaduna,No,Successful,No,33,Male,Abuja,Everyday,Current,64,69.4,250k-499k,Mobile App,Active,Yes,0.578,Medium,Secondary Verification (SMS/OTP),2.0.0-week3,2026-09-30T14:43:51.571607+00:00
FT-T005726,FT-C00582,2026-02-12 22:35:00,Transfer,195106.02,Web,Web Browser,Lagos,No,Reversed,Yes,58,Male,Port Harcourt,Student,Savings,39,66.4,250k-499k,Mobile App,Active,Yes,0.6983,Medium,Secondary Verification (SMS/OTP),2.0.0-week3,2026-09-30T14:43:51.571607+00:00
FT-T001901,FT-C00662,2026-01-15 06:01:00,Card Purchase,3275.4,Mobile App,Android,Ibadan,No,Successful,No,58,Female,Lagos,Premium,Savings,22,46.1,1m+,Web,Active,No,0.2791,Low,Auto-Approve,2.0.0-week3,2026-09-30T14:43:51.571607+00:00
FT-T006751,FT-C00736,2026-02-20 15:06:00,Transfer,133299.7,Mobile App,iOS,Abuja,No,Successful,Yes,62,Male,Ibadan,Student,Premium,33,92.9,100k-249k,Mobile App,Restricted,Yes,0.4751,Medium,Secondary Verification (SMS/OTP),2.0.0-week3,2026-09-30T14:43:51.571607+00:00
FT-T004871,FT-C00027,2026-02-06 12:40:00,Deposit,1179.19,POS,Android,Benin City,No,Successful,No,39,Female,Port Harcourt,Everyday,Savings,89,50.5,1m+,Mobile App,Active,No,0.2853,Low,Auto-Approve,2.0.0-week3,2026-09-30T14:43:51.571607+00:00
FT-T009051,FT-C00117,2026-03-09 21:08:00,Card Purchase,9376.99,ATM,ATM Terminal,Benin City,No,Successful,No,25,Male,Lagos,Everyday,Savings,74,87.8,100k-249k,Mobile App,Active,No,0.3478,Medium,Secondary Verification (SMS/OTP),2.0.0-week3,2026-09-30T14:43:51.571607+00:00
FT-T010268,FT-C00164,2026-03-19 00:12:00,Bill Payment,784.32,ATM,ATM Terminal,Benin City,No,Successful,No,24,Male,Lagos,Everyday,Savings,86,73.5,1m+,Web,Active,Yes,0.4336,Medium,Secondary Verification (SMS/OTP),2.0.0-week3,2026-09-30T14:43:51.571607+00:00
FT-T003661,FT-C00891,2026-01-28 10:51:00,Transfer,872.06,Mobile App,iOS,Abuja,No,Successful,No,25,Male,Abuja,Everyday,Savings,89,100.0,250k-499k,Mobile App,Active,Yes,0.4353,Medium,Secondary Verification (SMS/OTP),2.0.0-week3,2026-09-30T14:43:51.571607+00:00
FT-T007190,FT-C00743,2026-02-23 22:07:00,Cash Withdrawal,1982.96,USSD,Android,Lagos,No,Successful,No,28,Male,Abuja,SME,Premium,87,79.0,Below 100k,USSD,Active,Yes,0.4115,Medium,Secondary Verification (SMS/OTP),2.0.0-week3,2026-09-30T14:43:51.571607+00:00
FT-T008549,FT-C00155,2026-03-06 02:46:00,Cash Withdrawal,86011.92,Mobile App,Android,Lagos,No,Successful,Yes,40,Female,Kano,Premium,Current,62,59.0,100k-249k,Web,Active,Yes,0.5218,Medium,Secondary Verification (SMS/OTP),2.0.0-week3,2026-09-30T14:43:51.571607+00:00
FT-T011585,FT-C01274,2026-03-28 21:17:00,Airtime/Data,25633.88,ATM,POS Terminal,Benin City,No,Successful,No,45,Male,Enugu,SME,Savings,56,100.0,100k-249k,Mobile App,Active,No,0.2965,Low,Auto-Approve,2.0.0-week3,2026-09-30T14:43:51.571607+00:00
FT-T006047,FT-C01082,2026-02-15 08:22:00,Deposit,129902.66,Mobile App,Android,Kaduna,No,Successful,No,42,Male,Abuja,SME,Savings,90,79.7,Below 100k,Mobile App,Active,No,0.3139,Medium,Secondary Verification (SMS/OTP),2.0.0-week3,2026-09-30T14:43:51.571607+00:00
FT-T002508,FT-C00579,2026-01-19 19:17:00,Cash Withdrawal,17833.76,ATM,Android,Lagos,No,Reversed,No,36,Female,Benin City,Student,Savings,55,66.5,100k-249k,Mobile App,Active,Yes,0.397,Medium,Secondary Verification (SMS/OTP),2.0.0-week3,2026-09-30T14:43:51.571607+00:00
FT-T006296,FT-C01343,2026-02-17 05:11:00,Transfer,10656.31,Web,iOS,Lagos,No,Failed,Yes,27,Male,Port Harcourt,Everyday,Savings,15,75.8,100k-249k,Mobile App,Active,Yes,0.5946,Medium,Secondary Verification (SMS/OTP),2.0.0-week3,2026-09-30T14:43:51.571607+00:00
FT-T009233,FT-C00552,2026-03-11 05:53:00,Bill Payment,19747.23,Web,iOS,Kano,No,Successful,Yes,54,Female,Lagos,Student,Current,33,87.0,Below 100k,Web,Active,Yes,0.3927,Medium,Secondary Verification (SMS/OTP),2.0.0-week3,2026-09-30T14:43:51.571607+00:00
FT-T008684,FT-C01455,2026-03-07 03:04:00,Airtime/Data,149.85,Mobile App,Android,Kano,No,Successful,No,36,Female,Lagos,Everyday,Savings,61,58.2,Below 100k,Mobile App,Active,Yes,0.4354,Medium,Secondary Verification (SMS/OTP),2.0.0-week3,2026-09-30T14:43:51.571607+00:00
FT-T003032,FT-C01102,2026-01-23 17:37:00,Cash Withdrawal,38554.35,Web,iOS,Lagos,No,Successful,No,56,Male,Kano,Everyday,Savings,41,100.0,100k-249k,Mobile App,Active,Yes,0.495,Medium,Secondary Verification (SMS/OTP),2.0.0-week3,2026-09-30T14:43:51.571607+00:00
FT-T005469,FT-C01454,2026-02-11 00:19:00,Bill Payment,12183.01,Mobile App,Android,Enugu,No,Successful,No,29,Male,Lagos,SME,Savings,35,61.5,500k-999k,Mobile App,Active,Yes,0.4594,Medium,Secondary Verification (SMS/OTP),2.0.0-week3,2026-09-30T14:43:51.571607+00:00
FT-T001183,FT-C00606,2026-01-09 20:46:00,Bill Payment,40950.08,POS,Web Browser,Kano,No,Successful,No,48,Male,Enugu,Everyday,Current,51,63.3,1m+,Mobile App,Active,No,0.2357,Low,Auto-Approve,2.0.0-week3,2026-09-30T14:43:51.571607+00:00
FT-T002343,FT-C01014,2026-01-18 13:35:00,Transfer,42337.21,Mobile App,iOS,Benin City,No,Successful,Yes,20,Male,Abuja,Premium,Savings,95,84.2,100k-249k,Mobile App,Active,Yes,0.4344,Medium,Secondary Verification (SMS/OTP),2.0.0-week3,2026-09-30T14:43:51.571607+00:00
FT-T004048,FT-C00714,2026-01-31 08:31:00,Airtime/Data,162.0,Mobile App,iOS,Enugu,No,Failed,No,58,Female,Port Harcourt,Everyday,Savings,96,78.2,100k-249k,Mobile App,Restricted,No,0.3259,Medium,Secondary Verification (SMS/OTP),2.0.0-week3,2026-09-30T14:43:51.571607+00:00
FT-T001180,FT-C00147,2026-01-09 20:14:00,Transfer,7802.2,ATM,Android,Enugu,No,Successful,No,59,Female,Lagos,Student,Premium,51,79.4,100k-249k,Web,Active,Yes,0.4343,Medium,Secondary Verification (SMS/OTP),2.0.0-week3,2026-09-30T14:43:51.571607+00:00
FT-T011934,FT-C00688,2026-03-31 12:07:00,Transfer,31507.3,Mobile App,iOS,Kaduna,No,Successful,No,58,Male,Abuja,Everyday,Current,41,51.3,100k-249k,Mobile App,Active,Yes,0.4352,Medium,Secondary Verification (SMS/OTP),2.0.0-week3,2026-09-30T14:43:51.571607+00:00
FT-T008897,FT-C00796,2026-03-08 17:24:00,Airtime/Data,179.86,Mobile App,POS Terminal,Lagos,No,Successful,No,47,Male,Lagos,Premium,Current,56,78.1,250k-499k,Mobile App,Active,No,0.2614,Low,Auto-Approve,2.0.0-week3,2026-09-30T14:43:51.571607+00:00
FT-T011615,FT-C00780,2026-03-29 02:41:00,Bill Payment,81907.82,POS,iOS,Kaduna,No,Successful,No,18,Prefer not to say,Abuja,Everyday,Savings,89,51.7,500k-999k,Mobile App,Active,No,0.3442,Medium,Secondary Verification (SMS/OTP),2.0.0-week3,2026-09-30T14:43:51.571607+00:00
FT-T009366,FT-C00714,2026-03-12 05:50:00,Transfer,628.31,ATM,Web Browser,Ibadan,No,Successful,Yes,58,Female,Port Harcourt,Everyday,Savings,96,78.2,100k-249k,Mobile App,Restricted,Yes,0.6432,Medium,Secondary Verification (SMS/OTP),2.0.0-week3,2026-09-30T14:43:51.571607+00:00
FT-T003332,FT-C00109,2026-01-25 23:37:00,Transfer,33641.61,ATM,Android,Benin City,No,Successful,No,50,Male,Lagos,Everyday,Premium,82,57.3,100k-249k,Mobile App,Active,Yes,0.5087,Medium,Secondary Verification (SMS/OTP),2.0.0-week3,2026-09-30T14:43:51.571607+00:00
FT-T007977,FT-C01454,2026-03-01 19:47:00,Transfer,2579.53,Mobile App,Web Browser,Ibadan,No,Successful,No,29,Male,Lagos,SME,Savings,35,61.5,500k-999k,Mobile App,Active,Yes,0.4758,Medium,Secondary Verification (SMS/OTP),2.0.0-week3,2026-09-30T14:43:51.571607+00:00
FT-T006737,FT-C00006,2026-02-20 12:34:00,Card Purchase,9528.75,Web,POS Terminal,Benin City,No,Successful,No,38,Male,Lagos,Everyday,Savings,33,36.6,500k-999k,Mobile App,Active,No,0.3054,Medium,Secondary Verification (SMS/OTP),2.0.0-week3,2026-09-30T14:43:51.571607+00:00
FT-T008910,FT-C00138,2026-03-08 19:45:00,Cash Withdrawal,3898.98,POS,Android,Kaduna,No,Successful,No,22,Male,Ibadan,Student,Savings,9,74.5,1m+,Web,Active,Yes,0.5183,Medium,Secondary Verification (SMS/OTP),2.0.0-week3,2026-09-30T14:43:51.571607+00:00
FT-T007110,FT-C01156,2026-02-23 07:43:00,Transfer,21863.79,Mobile App,Android,Enugu,No,Failed,No,43,Female,Lagos,Premium,Savings,35,45.0,1m+,Web,Active,Yes,0.5234,Medium,Secondary Verification (SMS/OTP),2.0.0-week3,2026-09-30T14:43:51.571607+00:00
FT-T001992,FT-C01014,2026-01-15 22:24:00,Card Purchase,962.63,ATM,ATM Terminal,Kano,No,Successful,Yes,20,Male,Abuja,Premium,Savings,95,84.2,100k-249k,Mobile App,Active,No,0.3174,Medium,Secondary Verification (SMS/OTP),2.0.0-week3,2026-09-30T14:43:51.571607+00:00
FT-T008406,FT-C00119,2026-03-05 01:01:00,Transfer,727.28,Mobile App,Android,Ibadan,No,Successful,Yes,51,Male,Ibadan,SME,Savings,20,74.7,250k-499k,Mobile App,Dormant,Yes,0.5547,Medium,Secondary Verification (SMS/OTP),2.0.0-week3,2026-09-30T14:43:51.571607+00:00
FT-T008200,FT-C01464,2026-03-03 11:56:00,Deposit,32226.66,Web,POS Terminal,Enugu,No,Successful,No,36,Male,Lagos,Premium,Current,76,67.6,500k-999k,Web,Active,No,0.2731,Low,Auto-Approve,2.0.0-week3,2026-09-30T14:43:51.571607+00:00
FT-T002884,FT-C00840,2026-01-22 14:58:00,Transfer,295909.59,POS,Android,Ibadan,No,Successful,No,65,Male,Ibadan,Premium,Current,52,100.0,100k-249k,Mobile App,Active,Yes,0.6905,Medium,Secondary Verification (SMS/OTP),2.0.0-week3,2026-09-30T14:43:51.571607+00:00
FT-T006917,FT-C01355,2026-02-21 20:59:00,Transfer,333548.33,Mobile App,Android,Port Harcourt,No,Failed,No,42,Female,Lagos,Student,Current,71,53.2,100k-249k,Mobile App,Active,Yes,0.7193,High,Immediate Review / Payment Hold,2.0.0-week3,2026-09-30T14:43:51.571607+00:00
FT-T011656,FT-C00205,2026-03-29 10:04:00,Airtime/Data,149.9,Mobile App,iOS,Ibadan,No,Successful,No,20,Female,Ibadan,SME,Savings,96,30.9,500k-999k,USSD,Active,No,0.266,Low,Auto-Approve,2.0.0-week3,2026-09-30T14:43:51.571607+00:00
FT-T007512,FT-C00250,2026-02-26 08:05:00,Transfer,8380.75,ATM,iOS,Enugu,No,Successful,No,58,Male,Port Harcourt,Everyday,Current,3,77.0,250k-499k,Mobile App,Active,Yes,0.4453,Medium,Secondary Verification (SMS/OTP),2.0.0-week3,2026-09-30T14:43:51.571607+00:00
FT-T001253,FT-C00199,2026-01-10 09:22:00,Airtime/Data,5867.49,Mobile App,Android,Kaduna,No,Pending,No,49,Male,Lagos,SME,Savings,38,58.4,100k-249k,Mobile App,Active,No,0.3137,Medium,Secondary Verification (SMS/OTP),2.0.0-week3,2026-09-30T14:43:51.571607+00:00
FT-T001478,FT-C01302,2026-01-12 01:52:00,Transfer,18011.67,ATM,Android,Ibadan,No,Successful,No,38,Male,Benin City,Everyday,Savings,90,83.9,100k-249k,Mobile App,Active,Yes,0.6451,Medium,Secondary Verification (SMS/OTP),2.0.0-week3,2026-09-30T14:43:51.571607+00:00
FT-T000650,FT-C00298,2026-01-05 20:49:00,Cash Withdrawal,1294.07,Mobile App,Android,Enugu,No,Successful,Yes,46,Female,Benin City,Everyday,Savings,4,55.5,250k-499k,USSD,Active,Yes,0.4508,Medium,Secondary Verification (SMS/OTP),2.0.0-week3,2026-09-30T14:43:51.571607+00:00
FT-T009372,FT-C00983,2026-03-12 06:55:00,Card Purchase,24725.37,Mobile App,Android,Kaduna,No,Successful,No,21,Male,Ibadan,Everyday,Savings,32,100.0,Below 100k,Mobile App,Active,Yes,0.3563,Medium,Secondary Verification (SMS/OTP),2.0.0-week3,2026-09-30T14:43:51.571607+00:00
FT-T002169,FT-C00182,2026-01-17 06:16:00,Transfer,38880.44,USSD,POS Terminal,Kaduna,No,Successful,No,18,Female,Abuja,Everyday,Premium,96,53.3,Below 100k,Web,Active,Yes,0.417,Medium,Secondary Verification (SMS/OTP),2.0.0-week3,2026-09-30T14:43:51.571607+00:00
FT-T003369,FT-C00366,2026-01-26 06:17:00,Transfer,8805.31,Mobile App,ATM Terminal,Benin City,No,Successful,No,59,Female,Lagos,Student,Savings,32,66.4,100k-249k,USSD,Dormant,Yes,0.5351,Medium,Secondary Verification (SMS/OTP),2.0.0-week3,2026-09-30T14:43:51.571607+00:00
FT-T007557,FT-C01220,2026-02-26 16:11:00,Transfer,3611.2,ATM,POS Terminal,Benin City,No,Successful,No,41,Male,Kano,Premium,Premium,71,84.0,100k-249k,Mobile App,Active,Yes,0.539,Medium,Secondary Verification (SMS/OTP),2.0.0-week3,2026-09-30T14:43:51.571607+00:00
FT-T000125,FT-C01059,2026-01-01 22:19:00,Bill Payment,1737.51,ATM,ATM Terminal,,No,Successful,No,38,Female,Lagos,SME,Premium,50,45.9,250k-499k,Web,Active,Yes,0.3949,Medium,Secondary Verification (SMS/OTP),2.0.0-week3,2026-09-30T14:43:51.571607+00:00
FT-T004646,FT-C00561,2026-02-04 20:10:00,Cash Withdrawal,55941.35,Mobile App,iOS,Kaduna,No,Successful,No,49,Female,Abuja,Everyday,Savings,19,77.7,500k-999k,USSD,Dormant,Yes,0.4777,Medium,Secondary Verification (SMS/OTP),2.0.0-week3,2026-09-30T14:43:51.571607+00:00
FT-T010846,FT-C00960,2026-03-23 08:15:00,Bill Payment,57249.28,POS,Android,Kaduna,No,Successful,Yes,38,Male,Lagos,Everyday,Premium,77,54.9,Below 100k,USSD,Active,No,0.2925,Low,Auto-Approve,2.0.0-week3,2026-09-30T14:43:51.571607+00:00
FT-T001051,FT-C00785,2026-01-08 21:00:00,Cash Withdrawal,16721.38,Mobile App,Android,Kaduna,No,Successful,Yes,48,Female,Abuja,Student,Current,70,64.3,Below 100k,Mobile App,Active,Yes,0.4127,Medium,Secondary Verification (SMS/OTP),2.0.0-week3,2026-09-30T14:43:51.571607+00:00
FT-T000090,FT-C00447,2026-01-01 16:01:00,Deposit,10769.27,POS,POS Terminal,Lagos,No,Successful,No,26,Female,Abuja,Everyday,Savings,73,100.0,250k-499k,Mobile App,Active,No,0.2911,Low,Auto-Approve,2.0.0-week3,2026-09-30T14:43:51.571607+00:00
FT-T010385,FT-C01194,2026-03-19 21:16:00,Transfer,92335.79,POS,,Enugu,No,Successful,No,32,Male,Lagos,Everyday,Savings,77,90.1,Below 100k,Mobile App,Active,Yes,0.4803,Medium,Secondary Verification (SMS/OTP),2.0.0-week3,2026-09-30T14:43:51.571607+00:00
FT-T008860,FT-C00438,2026-03-08 10:45:00,Airtime/Data,306.55,Mobile App,POS Terminal,Kano,No,Successful,No,47,Male,Lagos,Premium,Savings,11,71.8,500k-999k,Mobile App,Active,No,0.2665,Low,Auto-Approve,2.0.0-week3,2026-09-30T14:43:51.571607+00:00
FT-T008920,FT-C00869,2026-03-08 21:33:00,Transfer,22960.2,Web,iOS,Kaduna,No,Successful,Yes,22,Male,Port Harcourt,Everyday,Current,61,88.2,250k-499k,Mobile App,Active,Yes,0.4452,Medium,Secondary Verification (SMS/OTP),2.0.0-week3,2026-09-30T14:43:51.571607+00:00
FT-T005337,FT-C01249,2026-02-10 00:33:00,Transfer,6846.83,Mobile App,ATM Terminal,Enugu,No,Successful,Yes,33,Prefer not to say,Lagos,Student,Savings,43,56.1,100k-249k,Web,Active,Yes,0.5086,Medium,Secondary Verification (SMS/OTP),2.0.0-week3,2026-09-30T14:43:51.571607+00:00
FT-T011083,FT-C00469,2026-03-25 02:55:00,Card Purchase,55266.95,USSD,iOS,Ibadan,No,Successful,Yes,39,Female,Kaduna,Everyday,Current,53,64.4,100k-249k,Mobile App,Active,Yes,0.5069,Medium,Secondary Verification (SMS/OTP),2.0.0-week3,2026-09-30T14:43:51.571607+00:00
FT-T006745,FT-C00674,2026-02-20 14:01:00,Transfer,2950.53,Mobile App,ATM Terminal,Benin City,No,Successful,Yes,49,Female,Lagos,Everyday,Savings,33,28.4,250k-499k,Web,Active,Yes,0.5045,Medium,Secondary Verification (SMS/OTP),2.0.0-week3,2026-09-30T14:43:51.571607+00:00
FT-T000533,FT-C00227,2026-01-04 23:46:00,Airtime/Data,35384.17,Web,iOS,Kano,No,Successful,Yes,41,Female,Lagos,Student,Premium,29,78.0,500k-999k,Mobile App,Dormant,No,0.3097,Medium,Secondary Verification (SMS/OTP),2.0.0-week3,2026-09-30T14:43:51.571607+00:00
FT-T003647,FT-C01176,2026-01-28 08:20:00,Bill Payment,2535.27,Mobile App,Android,Ibadan,No,Successful,No,26,Female,Port Harcourt,Everyday,Savings,1,35.7,1m+,Mobile App,Active,Yes,0.3745,Medium,Secondary Verification (SMS/OTP),2.0.0-week3,2026-09-30T14:43:51.571607+00:00
FT-T001147,FT-C00944,2026-01-09 14:17:00,Airtime/Data,4475.53,Mobile App,Android,Ibadan,No,Successful,No,64,Prefer not to say,Abuja,Everyday,Savings,87,58.2,250k-499k,Mobile App,Active,No,0.2931,Low,Auto-Approve,2.0.0-week3,2026-09-30T14:43:51.571607+00:00
FT-T004683,FT-C00125,2026-02-05 02:49:00,Deposit,6385.36,POS,Android,Kano,No,Failed,Yes,52,Female,Abuja,Everyday,Current,10,95.6,100k-249k,Mobile App,Active,Yes,0.4668,Medium,Secondary Verification (SMS/OTP),2.0.0-week3,2026-09-30T14:43:51.571607+00:00
FT-T007245,FT-C00770,2026-02-24 08:01:00,Transfer,7215.89,ATM,POS Terminal,Kaduna,No,Reversed,No,36,Female,Kano,SME,Premium,33,39.9,500k-999k,Mobile App,Active,Yes,0.5014,Medium,Secondary Verification (SMS/OTP),2.0.0-week3,2026-09-30T14:43:51.571607+00:00
FT-T007675,FT-C00487,2026-02-27 13:26:00,Bill Payment,1911.51,Mobile App,ATM Terminal,Port Harcourt,No,Successful,No,47,Male,Lagos,Premium,Savings,75,66.3,Below 100k,Web,Active,No,0.2584,Low,Auto-Approve,2.0.0-week3,2026-09-30T14:43:51.571607+00:00
FT-T006444,FT-C01363,2026-02-18 07:50:00,Transfer,4694.94,USSD,Web Browser,Kaduna,No,Successful,No,46,Female,Abuja,SME,Savings,67,74.5,500k-999k,Mobile App,Active,Yes,0.4811,Medium,Secondary Verification (SMS/OTP),2.0.0-week3,2026-09-30T14:43:51.571607+00:00
FT-T008646,FT-C01152,2026-03-06 20:13:00,Bill Payment,17200.45,POS,ATM Terminal,Abuja,No,Successful,No,43,Female,Enugu,Everyday,Current,74,53.7,500k-999k,Web,Active,No,0.2926,Low,Auto-Approve,2.0.0-week3,2026-09-30T14:43:51.571607+00:00
FT-T000885,FT-C01430,2026-01-07 15:07:00,Transfer,771.5,Mobile App,Android,Kano,No,Successful,No,60,Female,Lagos,Student,Savings,94,98.0,250k-499k,Mobile App,Dormant,Yes,0.4773,Medium,Secondary Verification (SMS/OTP),2.0.0-week3,2026-09-30T14:43:51.571607+00:00
FT-T008638,FT-C00956,2026-03-06 18:47:00,Card Purchase,5239.43,Mobile App,iOS,Port Harcourt,No,Successful,No,23,Female,Enugu,Everyday,Current,65,90.9,100k-249k,Mobile App,Active,No,0.2259,Low,Auto-Approve,2.0.0-week3,2026-09-30T14:43:51.571607+00:00
FT-T008752,FT-C01185,2026-03-07 15:18:00,Card Purchase,1643.24,Web,iOS,Kaduna,No,Successful,No,63,Prefer not to say,Lagos,SME,Savings,70,94.9,Below 100k,Mobile App,Active,Yes,0.3522,Medium,Secondary Verification (SMS/OTP),2.0.0-week3,2026-09-30T14:43:51.571607+00:00
FT-T005148,FT-C01281,2026-02-08 14:32:00,Transfer,113351.17,USSD,Android,Port Harcourt,No,Successful,No,41,Female,Lagos,Student,Current,18,55.7,250k-499k,USSD,Active,Yes,0.5022,Medium,Secondary Verification (SMS/OTP),2.0.0-week3,2026-09-30T14:43:51.571607+00:00
FT-T010544,FT-C01446,2026-03-21 01:53:00,Transfer,35822.91,Mobile App,iOS,Abuja,No,Successful,No,52,Male,Port Harcourt,Premium,Savings,8,44.6,500k-999k,Mobile App,Active,Yes,0.5986,Medium,Secondary Verification (SMS/OTP),2.0.0-week3,2026-09-30T14:43:51.571607+00:00
FT-T002633,FT-C00368,2026-01-20 17:47:00,Transfer,7070.5,Mobile App,POS Terminal,,No,Successful,No,20,Female,Kano,Premium,Current,71,65.3,1m+,Web,Active,Yes,0.4553,Medium,Secondary Verification (SMS/OTP),2.0.0-week3,2026-09-30T14:43:51.571607+00:00
FT-T006275,FT-C00128,2026-02-17 01:24:00,Card Purchase,20020.23,Mobile App,Android,Kano,No,Successful,No,39,Female,Kano,Everyday,Premium,30,55.0,100k-249k,Mobile App,Active,Yes,0.5096,Medium,Secondary Verification (SMS/OTP),2.0.0-week3,2026-09-30T14:43:51.571607+00:00
FT-T009691,FT-C01018,2026-03-14 16:20:00,Card Purchase,11204.08,POS,iOS,Kano,No,Successful,No,22,Male,Enugu,Everyday,Savings,43,77.9,Below 100k,Mobile App,Active,No,0.2437,Low,Auto-Approve,2.0.0-week3,2026-09-30T14:43:51.571607+00:00
FT-T005270,FT-C00905,2026-02-09 12:29:00,Cash Withdrawal,4252.25,POS,Android,Kano,No,Successful,No,31,Male,Abuja,Everyday,Savings,72,68.4,Below 100k,Mobile App,Dormant,Yes,0.5444,Medium,Secondary Verification (SMS/OTP),2.0.0-week3,2026-09-30T14:43:51.571607+00:00
FT-T000495,FT-C01081,2026-01-04 16:55:00,Transfer,878.02,Web,iOS,Benin City,No,Successful,No,50,Female,Port Harcourt,Premium,Savings,9,90.4,250k-499k,Web,Active,Yes,0.5155,Medium,Secondary Verification (SMS/OTP),2.0.0-week3,2026-09-30T14:43:51.571607+00:00
FT-T005713,FT-C00362,2026-02-12 20:14:00,Transfer,164965.37,USSD,iOS,Enugu,No,Successful,No,50,Male,Enugu,Everyday,Savings,47,87.5,500k-999k,Mobile App,Active,Yes,0.4637,Medium,Secondary Verification (SMS/OTP),2.0.0-week3,2026-09-30T14:43:51.571607+00:00
FT-T011681,FT-C00793,2026-03-29 14:34:00,Deposit,51718.09,ATM,Android,Benin City,No,Failed,No,61,Male,Abuja,Everyday,Savings,51,78.7,100k-249k,Web,Active,Yes,0.435,Medium,Secondary Verification (SMS/OTP),2.0.0-week3,2026-09-30T14:43:51.571607+00:00
FT-T000416,FT-C01433,2026-01-04 02:42:00,Card Purchase,8085.46,Mobile App,Web Browser,Enugu,No,Successful,Yes,43,Female,Lagos,Everyday,Savings,3,19.6,100k-249k,Mobile App,Active,Yes,0.4208,Medium,Secondary Verification (SMS/OTP),2.0.0-week3,2026-09-30T14:43:51.571607+00:00
FT-T008732,FT-C01457,2026-03-07 11:42:00,Card Purchase,2216.29,ATM,POS Terminal,Lagos,Yes,Successful,No,61,Female,Lagos,SME,Savings,8,23.2,250k-499k,Web,Active,Yes,0.4345,Medium,Secondary Verification (SMS/OTP),2.0.0-week3,2026-09-30T14:43:51.571607+00:00
FT-T003471,FT-C00134,2026-01-27 00:39:00,Card Purchase,8067.48,ATM,Web Browser,Benin City,No,Successful,No,64,Male,Kano,SME,Current,52,70.1,100k-249k,USSD,Active,Yes,0.4985,Medium,Secondary Verification (SMS/OTP),2.0.0-week3,2026-09-30T14:43:51.571607+00:00
FT-T008152,FT-C00468,2026-03-03 03:18:00,Card Purchase,22119.18,Mobile App,Android,Port Harcourt,No,Successful,No,54,Female,Kano,Student,Premium,32,27.6,100k-249k,Web,Active,Yes,0.4207,Medium,Secondary Verification (SMS/OTP),2.0.0-week3,2026-09-30T14:43:51.571607+00:00
FT-T011169,FT-C01490,2026-03-25 18:24:00,Deposit,69737.86,Mobile App,Android,,No,Reversed,No,43,Prefer not to say,Lagos,Everyday,Current,31,64.2,100k-249k,Web,Active,Yes,0.3563,Medium,Secondary Verification (SMS/OTP),2.0.0-week3,2026-09-30T14:43:51.571607+00:00
FT-T006909,FT-C00220,2026-02-21 19:32:00,Deposit,68276.22,POS,Web Browser,Abuja,No,Successful,No,49,Male,Enugu,Everyday,Savings,91,79.8,250k-499k,Mobile App,Active,No,0.3445,Medium,Secondary Verification (SMS/OTP),2.0.0-week3,2026-09-30T14:43:51.571607+00:00
FT-T006126,FT-C01363,2026-02-15 22:35:00,Cash Withdrawal,11721.96,POS,Web Browser,Enugu,No,Successful,No,46,Female,Abuja,SME,Savings,67,74.5,500k-999k,Mobile App,Active,Yes,0.4743,Medium,Secondary Verification (SMS/OTP),2.0.0-week3,2026-09-30T14:43:51.571607+00:00
FT-T008873,FT-C01358,2026-03-08 13:05:00,Transfer,2451.71,ATM,iOS,Benin City,No,Successful,No,39,Male,Lagos,Everyday,Savings,32,84.2,500k-999k,USSD,Active,Yes,0.512,Medium,Secondary Verification (SMS/OTP),2.0.0-week3,2026-09-30T14:43:51.571607+00:00
FT-T005664,FT-C00871,2026-02-12 11:25:00,Card Purchase,49199.33,USSD,ATM Terminal,Port Harcourt,No,Successful,No,29,Male,Abuja,Everyday,Savings,3,43.0,100k-249k,Web,Active,No,0.3103,Medium,Secondary Verification (SMS/OTP),2.0.0-week3,2026-09-30T14:43:51.571607+00:00
FT-T006866,FT-C00296,2026-02-21 11:48:00,Cash Withdrawal,40911.86,POS,Android,Port Harcourt,No,Failed,No,52,Male,Abuja,Everyday,Savings,93,80.8,500k-999k,Web,Active,Yes,0.4483,Medium,Secondary Verification (SMS/OTP),2.0.0-week3,2026-09-30T14:43:51.571607+00:00
FT-T004143,FT-C00103,2026-02-01 01:37:00,Transfer,374341.64,Mobile App,Web Browser,Kaduna,No,Successful,No,41,Female,Lagos,Premium,Current,17,59.8,250k-499k,Mobile App,Active,Yes,0.6551,Medium,Secondary Verification (SMS/OTP),2.0.0-week3,2026-09-30T14:43:51.571607+00:00
FT-T001499,FT-C00447,2026-01-12 05:39:00,Bill Payment,76187.25,POS,Android,Abuja,No,Successful,No,26,Female,Abuja,Everyday,Savings,73,100.0,250k-499k,Mobile App,Active,Yes,0.4517,Medium,Secondary Verification (SMS/OTP),2.0.0-week3,2026-09-30T14:43:51.571607+00:00
FT-T006428,FT-C01277,2026-02-18 04:57:00,Card Purchase,11832.69,ATM,Android,Benin City,No,Successful,No,46,Female,Port Harcourt,Premium,Savings,6,36.5,250k-499k,USSD,Active,Yes,0.429,Medium,Secondary Verification (SMS/OTP),2.0.0-week3,2026-09-30T14:43:51.571607+00:00
FT-T009985,FT-C00716,2026-03-16 21:16:00,Deposit,17166.0,Mobile App,Android,Kano,No,Successful,No,44,Male,Abuja,Student,Current,53,90.5,Below 100k,Mobile App,Dormant,No,0.2834,Low,Auto-Approve,2.0.0-week3,2026-09-30T14:43:51.571607+00:00
FT-T007003,FT-C00617,2026-02-22 12:27:00,Transfer,4814.29,ATM,Web Browser,Ibadan,No,Successful,No,27,Female,Abuja,Everyday,Savings,1,56.1,100k-249k,Mobile App,Active,Yes,0.484,Medium,Secondary Verification (SMS/OTP),2.0.0-week3,2026-09-30T14:43:51.571607+00:00
FT-T004969,FT-C01438,2026-02-07 06:18:00,Card Purchase,3849.42,ATM,Web Browser,Abuja,No,Successful,No,34,Female,Benin City,Everyday,Premium,41,73.2,250k-499k,Mobile App,Active,Yes,0.3807,Medium,Secondary Verification (SMS/OTP),2.0.0-week3,2026-09-30T14:43:51.571607+00:00
FT-T008849,FT-C00406,2026-03-08 08:46:00,Transfer,178943.96,USSD,Android,Kano,No,Successful,Yes,32,Male,Port Harcourt,Everyday,Savings,3,53.1,500k-999k,Mobile App,Active,Yes,0.4601,Medium,Secondary Verification (SMS/OTP),2.0.0-week3,2026-09-30T14:43:51.571607+00:00
FT-T008697,FT-C01150,2026-03-07 05:24:00,Card Purchase,356.87,ATM,iOS,Abuja,No,Successful,No,40,Male,Enugu,Everyday,Current,5,59.0,250k-499k,Mobile App,Active,Yes,0.3791,Medium,Secondary Verification (SMS/OTP),2.0.0-week3,2026-09-30T14:43:51.571607+00:00
FT-T007504,FT-C00287,2026-02-26 06:39:00,Bill Payment,573.8,ATM,Android,Abuja,No,Failed,No,28,Male,Lagos,Everyday,Premium,91,71.1,250k-499k,USSD,Active,Yes,0.4043,Medium,Secondary Verification (SMS/OTP),2.0.0-week3,2026-09-30T14:43:51.571607+00:00
FT-T002711,FT-C01496,2026-01-21 07:50:00,Deposit,47587.65,USSD,iOS,Ibadan,No,Successful,No,24,Male,Lagos,Everyday,Savings,35,76.0,250k-499k,Mobile App,Active,No,0.3315,Medium,Secondary Verification (SMS/OTP),2.0.0-week3,2026-09-30T14:43:51.571607+00:00
FT-T009628,FT-C00631,2026-03-14 05:00:00,Airtime/Data,643.37,Mobile App,iOS,Enugu,No,Successful,No,54,Female,Port Harcourt,Everyday,Current,61,68.8,100k-249k,Mobile App,Active,Yes,0.5159,Medium,Secondary Verification (SMS/OTP),2.0.0-week3,2026-09-30T14:43:51.571607+00:00
FT-T010800,FT-C00084,2026-03-22 23:58:00,Transfer,81555.19,Mobile App,Android,Kaduna,No,Successful,No,62,Male,Port Harcourt,Student,Premium,32,88.0,1m+,Mobile App,Active,Yes,0.5059,Medium,Secondary Verification (SMS/OTP),2.0.0-week3,2026-09-30T14:43:51.571607+00:00
FT-T000210,FT-C00847,2026-01-02 13:37:00,Airtime/Data,1089.31,Web,iOS,Ibadan,Yes,Successful,Yes,33,Male,Ibadan,Everyday,Current,27,75.0,250k-499k,Mobile App,Active,Yes,0.5593,Medium,Secondary Verification (SMS/OTP),2.0.0-week3,2026-09-30T14:43:51.571607+00:00
FT-T001218,FT-C00701,2026-01-10 03:04:00,Transfer,42386.07,Mobile App,iOS,Kano,No,Failed,No,25,Male,Kano,Everyday,Savings,69,68.6,100k-249k,Web,Active,Yes,0.6128,Medium,Secondary Verification (SMS/OTP),2.0.0-week3,2026-09-30T14:43:51.571607+00:00
FT-T011156,FT-C00497,2026-03-25 16:04:00,Transfer,3216.75,ATM,Web Browser,Port Harcourt,No,Successful,No,49,Female,Lagos,Everyday,Savings,80,100.0,100k-249k,Web,Active,Yes,0.5046,Medium,Secondary Verification (SMS/OTP),2.0.0-week3,2026-09-30T14:43:51.571607+00:00
FT-T004967,FT-C01343,2026-02-07 05:57:00,Card Purchase,14896.91,Web,ATM Terminal,Lagos,No,Successful,No,27,Male,Port Harcourt,Everyday,Savings,15,75.8,100k-249k,Mobile App,Active,Yes,0.4137,Medium,Secondary Verification (SMS/OTP),2.0.0-week3,2026-09-30T14:43:51.571607+00:00
FT-T001938,FT-C00624,2026-01-15 12:41:00,Cash Withdrawal,12907.36,POS,Android,Lagos,No,Successful,No,57,Male,Lagos,Premium,Savings,3,79.5,100k-249k,Mobile App,Active,Yes,0.4081,Medium,Secondary Verification (SMS/OTP),2.0.0-week3,2026-09-30T14:43:51.571607+00:00
FT-T002340,FT-C01204,2026-01-18 13:03:00,Deposit,13370.43,USSD,Android,Enugu,No,Successful,No,43,Female,Lagos,Student,Savings,27,59.4,250k-499k,Web,Active,No,0.2992,Low,Auto-Approve,2.0.0-week3,2026-09-30T14:43:51.571607+00:00
FT-T004281,FT-C00962,2026-02-02 02:27:00,Card Purchase,3599.4,Mobile App,Android,Kano,No,Successful,Yes,23,Female,Lagos,SME,Savings,41,56.2,250k-499k,Web,Dormant,Yes,0.3578,Medium,Secondary Verification (SMS/OTP),2.0.0-week3,2026-09-30T14:43:51.571607+00:00
FT-T004609,FT-C01339,2026-02-04 13:30:00,Card Purchase,1160.73,Mobile App,iOS,Port Harcourt,No,Successful,No,39,Female,Enugu,Everyday,Current,56,91.9,100k-249k,Web,Active,No,0.2217,Low,Auto-Approve,2.0.0-week3,2026-09-30T14:43:51.571607+00:00
FT-T004845,FT-C00344,2026-02-06 07:59:00,Transfer,117738.04,USSD,Web Browser,Lagos,No,Successful,No,61,Male,Benin City,Everyday,Premium,90,75.8,500k-999k,Mobile App,Active,Yes,0.4616,Medium,Secondary Verification (SMS/OTP),2.0.0-week3,2026-09-30T14:43:51.571607+00:00
FT-T006486,FT-C01047,2026-02-18 15:23:00,Card Purchase,933.14,Mobile App,Android,Kano,Yes,Successful,No,52,Male,Lagos,Premium,Savings,54,79.3,100k-249k,Web,Active,Yes,0.4379,Medium,Secondary Verification (SMS/OTP),2.0.0-week3,2026-09-30T14:43:51.571607+00:00
FT-T008220,FT-C01351,2026-03-03 15:32:00,Transfer,21942.13,POS,iOS,Kaduna,No,Successful,Yes,26,Female,Lagos,Everyday,Savings,26,71.5,1m+,Mobile App,Active,Yes,0.5302,Medium,Secondary Verification (SMS/OTP),2.0.0-week3,2026-09-30T14:43:51.571607+00:00
FT-T010347,FT-C00294,2026-03-19 14:26:00,Transfer,3275.44,USSD,Android,Benin City,No,Successful,No,65,Female,Benin City,Student,Current,92,73.7,100k-249k,Mobile App,Active,Yes,0.4463,Medium,Secondary Verification (SMS/OTP),2.0.0-week3,2026-09-30T14:43:51.571607+00:00
FT-T002375,FT-C00547,2026-01-18 19:21:00,Card Purchase,21037.53,Mobile App,Android,Enugu,No,Successful,No,53,Female,Ibadan,Everyday,Savings,31,86.2,Below 100k,Mobile App,Active,No,0.3433,Medium,Secondary Verification (SMS/OTP),2.0.0-week3,2026-09-30T14:43:51.571607+00:00
FT-T006142,FT-C00496,2026-02-16 01:28:00,Transfer,63739.7,Mobile App,Android,Ibadan,No,Successful,No,36,Female,Abuja,Premium,Savings,80,51.7,500k-999k,Mobile App,Active,Yes,0.5974,Medium,Secondary Verification (SMS/OTP),2.0.0-week3,2026-09-30T14:43:51.571607+00:00
FT-T004535,FT-C01051,2026-02-04 00:11:00,Card Purchase,984.65,POS,Android,Abuja,No,Successful,Yes,46,Female,Kaduna,Everyday,Premium,23,67.3,250k-499k,Mobile App,Active,Yes,0.419,Medium,Secondary Verification (SMS/OTP),2.0.0-week3,2026-09-30T14:43:51.571607+00:00
FT-T007966,FT-C01031,2026-03-01 17:49:00,Card Purchase,144600.26,Mobile App,Web Browser,Enugu,No,Successful,No,26,Female,Lagos,Premium,Savings,14,92.1,250k-499k,Web,Active,No,0.3274,Medium,Secondary Verification (SMS/OTP),2.0.0-week3,2026-09-30T14:43:51.571607+00:00
FT-T004278,FT-C00866,2026-02-02 01:55:00,Card Purchase,19613.14,Mobile App,Android,Kano,No,Successful,Yes,38,Female,Kano,Premium,Savings,65,19.6,Below 100k,Mobile App,Dormant,No,0.3351,Medium,Secondary Verification (SMS/OTP),2.0.0-week3,2026-09-30T14:43:51.571607+00:00
FT-T009070,FT-C00908,2026-03-10 00:33:00,Transfer,1263.96,POS,Web Browser,Port Harcourt,No,Failed,Yes,64,Male,Ibadan,Everyday,Savings,12,63.9,500k-999k,Mobile App,Active,Yes,0.5895,Medium,Secondary Verification (SMS/OTP),2.0.0-week3,2026-09-30T14:43:51.571607+00:00
FT-T011140,FT-C00667,2026-03-25 13:11:00,Airtime/Data,438.07,POS,Android,Kaduna,No,Successful,No,45,Female,Lagos,Everyday,Savings,16,56.1,Below 100k,Mobile App,Active,No,0.3386,Medium,Secondary Verification (SMS/OTP),2.0.0-week3,2026-09-30T14:43:51.571607+00:00
FT-T004643,FT-C00229,2026-02-04 19:37:00,Card Purchase,897.88,Web,POS Terminal,Kaduna,No,Successful,No,51,Male,Benin City,Everyday,Savings,68,51.2,Below 100k,Mobile App,Active,No,0.3038,Medium,Secondary Verification (SMS/OTP),2.0.0-week3,2026-09-30T14:43:51.571607+00:00
FT-T001587,FT-C00375,2026-01-12 21:30:00,Transfer,4801.25,Mobile App,Android,Port Harcourt,No,Reversed,No,40,Male,Kaduna,SME,Savings,60,79.0,100k-249k,Mobile App,Active,Yes,0.4456,Medium,Secondary Verification (SMS/OTP),2.0.0-week3,2026-09-30T14:43:51.571607+00:00
FT-T009693,FT-C01000,2026-03-14 16:42:00,Transfer,15835.33,Web,ATM Terminal,Benin City,No,Successful,Yes,37,Male,Lagos,Student,Current,35,82.9,Below 100k,Mobile App,Active,Yes,0.5172,Medium,Secondary Verification (SMS/OTP),2.0.0-week3,2026-09-30T14:43:51.571607+00:00
FT-T004935,FT-C00808,2026-02-07 00:11:00,Card Purchase,426.04,Web,Web Browser,Kaduna,No,Successful,Yes,55,Male,Abuja,Everyday,Savings,88,100.0,100k-249k,Mobile App,Active,Yes,0.3955,Medium,Secondary Verification (SMS/OTP),2.0.0-week3,2026-09-30T14:43:51.571607+00:00
FT-T002008,FT-C01345,2026-01-16 01:17:00,Card Purchase,381.96,Mobile App,ATM Terminal,Enugu,No,Successful,No,63,Female,Lagos,Student,Savings,7,88.8,Below 100k,Mobile App,Active,Yes,0.4428,Medium,Secondary Verification (SMS/OTP),2.0.0-week3,2026-09-30T14:43:51.571607+00:00
FT-T011111,FT-C00387,2026-03-25 07:57:00,Transfer,80604.75,Mobile App,Android,Enugu,No,Successful,No,56,Male,Enugu,Student,Premium,41,58.0,500k-999k,Mobile App,Restricted,Yes,0.5126,Medium,Secondary Verification (SMS/OTP),2.0.0-week3,2026-09-30T14:43:51.571607+00:00
FT-T004773,FT-C01122,2026-02-05 19:01:00,Card Purchase,20082.82,Web,iOS,Enugu,No,Successful,No,53,Male,Ibadan,Premium,Savings,18,51.2,100k-249k,Mobile App,Active,No,0.3312,Medium,Secondary Verification (SMS/OTP),2.0.0-week3,2026-09-30T14:43:51.571607+00:00
FT-T002379,FT-C01074,2026-01-18 20:04:00,Deposit,88658.87,USSD,ATM Terminal,Abuja,Yes,Successful,No,57,Female,Kaduna,Everyday,Current,51,57.8,100k-249k,USSD,Active,Yes,0.4438,Medium,Secondary Verification (SMS/OTP),2.0.0-week3,2026-09-30T14:43:51.571607+00:00
FT-T007331,FT-C00853,2026-02-24 23:30:00,Transfer,11001.23,ATM,Android,Abuja,No,Successful,Yes,20,Male,Kaduna,Premium,Savings,18,77.6,500k-999k,Mobile App,Active,Yes,0.4646,Medium,Secondary Verification (SMS/OTP),2.0.0-week3,2026-09-30T14:43:51.571607+00:00
FT-T001141,FT-C01326,2026-01-09 13:13:00,Transfer,45054.15,Mobile App,ATM Terminal,Kano,No,Failed,No,19,Male,Lagos,Student,Premium,55,83.8,500k-999k,Mobile App,Active,Yes,0.5692,Medium,Secondary Verification (SMS/OTP),2.0.0-week3,2026-09-30T14:43:51.571607+00:00
FT-T002809,FT-C00633,2026-01-22 01:28:00,Card Purchase,2282.87,Mobile App,Android,Port Harcourt,No,Successful,No,36,Male,Kano,Student,Current,90,47.0,250k-499k,Web,Active,No,0.3104,Medium,Secondary Verification (SMS/OTP),2.0.0-week3,2026-09-30T14:43:51.571607+00:00
FT-T003434,FT-C00573,2026-01-26 17:59:00,Cash Withdrawal,214629.52,Mobile App,POS Terminal,,No,Successful,No,34,Male,Ibadan,Premium,Savings,69,87.7,Below 100k,Mobile App,Restricted,Yes,0.4853,Medium,Secondary Verification (SMS/OTP),2.0.0-week3,2026-09-30T14:43:51.571607+00:00
FT-T003197,FT-C00363,2026-01-24 23:19:00,Transfer,675.25,Mobile App,ATM Terminal,Kaduna,No,Successful,Yes,20,Male,Abuja,Everyday,Savings,69,62.0,100k-249k,Mobile App,Active,Yes,0.5249,Medium,Secondary Verification (SMS/OTP),2.0.0-week3,2026-09-30T14:43:51.571607+00:00
FT-T008221,FT-C01061,2026-03-03 15:43:00,Bill Payment,19447.02,Mobile App,Android,Benin City,Yes,Successful,Yes,22,Female,Lagos,Everyday,Savings,1,70.4,500k-999k,USSD,Dormant,Yes,0.451,Medium,Secondary Verification (SMS/OTP),2.0.0-week3,2026-09-30T14:43:51.571607+00:00
FT-T010787,FT-C00540,2026-03-22 21:38:00,Card Purchase,2698.73,Mobile App,POS Terminal,Abuja,No,Successful,No,51,Male,Lagos,Everyday,Premium,86,59.0,500k-999k,USSD,Active,No,0.2741,Low,Auto-Approve,2.0.0-week3,2026-09-30T14:43:51.571607+00:00
FT-T001946,FT-C00991,2026-01-15 14:07:00,Cash Withdrawal,1760.22,USSD,iOS,Benin City,No,Failed,No,25,Female,Enugu,Everyday,Premium,31,67.3,500k-999k,Mobile App,Active,Yes,0.3971,Medium,Secondary Verification (SMS/OTP),2.0.0-week3,2026-09-30T14:43:51.571607+00:00
FT-T006481,FT-C01224,2026-02-18 14:29:00,Deposit,256586.08,Web,iOS,Enugu,No,Successful,No,39,Female,Kano,Everyday,Current,35,65.2,100k-249k,Mobile App,Active,Yes,0.5098,Medium,Secondary Verification (SMS/OTP),2.0.0-week3,2026-09-30T14:43:51.571607+00:00
FT-T004236,FT-C00373,2026-02-01 18:21:00,Card Purchase,12396.11,Mobile App,POS Terminal,Kano,No,Successful,No,64,Female,Lagos,Everyday,Current,30,67.3,100k-249k,Mobile App,Active,No,0.2811,Low,Auto-Approve,2.0.0-week3,2026-09-30T14:43:51.571607+00:00
FT-T008504,FT-C01228,2026-03-05 18:40:00,Transfer,158226.26,Web,Android,Lagos,No,Reversed,No,24,Female,Lagos,Student,Savings,68,88.5,100k-249k,Mobile App,Active,Yes,0.4995,Medium,Secondary Verification (SMS/OTP),2.0.0-week3,2026-09-30T14:43:51.571607+00:00
FT-T010966,FT-C01097,2026-03-24 05:51:00,Cash Withdrawal,2911.62,Web,Android,Kano,No,Failed,No,32,Male,Lagos,Everyday,Savings,90,28.1,Below 100k,USSD,Active,Yes,0.5226,Medium,Secondary Verification (SMS/OTP),2.0.0-week3,2026-09-30T14:43:51.571607+00:00
FT-T005597,FT-C00073,2026-02-11 23:21:00,Transfer,2383.58,POS,Android,Enugu,No,Successful,Yes,53,Female,Abuja,Premium,Current,14,57.3,100k-249k,Mobile App,Active,Yes,0.5039,Medium,Secondary Verification (SMS/OTP),2.0.0-week3,2026-09-30T14:43:51.571607+00:00
FT-T009136,FT-C01224,2026-03-10 12:26:00,Deposit,4101.41,ATM,Web Browser,Lagos,No,Successful,No,39,Female,Kano,Everyday,Current,35,65.2,100k-249k,Mobile App,Active,No,0.2679,Low,Auto-Approve,2.0.0-week3,2026-09-30T14:43:51.571607+00:00
FT-T004297,FT-C01115,2026-02-02 05:20:00,Cash Withdrawal,96275.98,Mobile App,Android,Ibadan,No,Successful,No,22,Female,Ibadan,Everyday,Savings,33,38.1,1m+,Mobile App,Active,Yes,0.5628,Medium,Secondary Verification (SMS/OTP),2.0.0-week3,2026-09-30T14:43:51.571607+00:00
FT-T006583,FT-C00900,2026-02-19 08:51:00,Cash Withdrawal,85514.22,Mobile App,Android,Abuja,No,Successful,No,31,Female,Lagos,Everyday,Savings,17,71.4,500k-999k,Mobile App,Active,Yes,0.4334,Medium,Secondary Verification (SMS/OTP),2.0.0-week3,2026-09-30T14:43:51.571607+00:00
FT-T003962,FT-C00027,2026-01-30 17:02:00,Transfer,36212.64,Mobile App,iOS,Benin City,No,Successful,No,39,Female,Port Harcourt,Everyday,Savings,89,50.5,1m+,Mobile App,Active,Yes,0.502,Medium,Secondary Verification (SMS/OTP),2.0.0-week3,2026-09-30T14:43:51.571607+00:00
FT-T011505,FT-C01119,2026-03-28 06:53:00,Card Purchase,2653.76,POS,POS Terminal,Abuja,No,Successful,No,30,Male,Lagos,Student,Current,86,82.3,Below 100k,Mobile App,Active,No,0.1979,Low,Auto-Approve,2.0.0-week3,2026-09-30T14:43:51.571607+00:00
FT-T003496,FT-C01151,2026-01-27 05:09:00,Airtime/Data,14471.63,Mobile App,,Abuja,No,Successful,No,64,Prefer not to say,Lagos,Everyday,Savings,35,60.2,Below 100k,USSD,Active,Yes,0.5682,Medium,Secondary Verification (SMS/OTP),2.0.0-week3,2026-09-30T14:43:51.571607+00:00
FT-T007510,FT-C00004,2026-02-26 07:43:00,Bill Payment,20611.44,Web,iOS,Kaduna,No,Successful,Yes,60,Female,Benin City,Premium,Premium,44,54.0,500k-999k,Mobile App,Dormant,No,0.2571,Low,Auto-Approve,2.0.0-week3,2026-09-30T14:43:51.571607+00:00
FT-T004088,FT-C00653,2026-01-31 15:43:00,Transfer,1456.43,USSD,Android,Ibadan,No,Successful,No,36,Female,Kano,Everyday,Premium,11,70.1,250k-499k,USSD,Active,Yes,0.5238,Medium,Secondary Verification (SMS/OTP),2.0.0-week3,2026-09-30T14:43:51.571607+00:00
FT-T000719,FT-C00252,2026-01-06 09:15:00,Transfer,66324.74,ATM,Android,Port Harcourt,No,Successful,No,57,Female,Abuja,Everyday,Savings,41,62.6,250k-499k,Mobile App,Active,Yes,0.4776,Medium,Secondary Verification (SMS/OTP),2.0.0-week3,2026-09-30T14:43:51.571607+00:00
FT-T001721,FT-C00621,2026-01-13 21:37:00,Transfer,239871.3,Mobile App,ATM Terminal,Benin City,No,Successful,No,24,Male,Enugu,Premium,Current,95,48.0,500k-999k,Mobile App,Restricted,Yes,0.5283,Medium,Secondary Verification (SMS/OTP),2.0.0-week3,2026-09-30T14:43:51.571607+00:00
FT-T003650,FT-C00933,2026-01-28 08:52:00,Bill Payment,8826.75,Mobile App,Android,Kaduna,No,Failed,No,21,Female,Lagos,Premium,Current,27,54.1,100k-249k,Mobile App,Active,No,0.3166,Medium,Secondary Verification (SMS/OTP),2.0.0-week3,2026-09-30T14:43:51.571607+00:00
FT-T007889,FT-C01295,2026-03-01 03:57:00,Deposit,2757.21,POS,Android,Port Harcourt,No,Successful,No,31,Male,Lagos,Premium,Savings,52,63.7,1m+,Web,Active,Yes,0.3516,Medium,Secondary Verification (SMS/OTP),2.0.0-week3,2026-09-30T14:43:51.571607+00:00
FT-T011664,FT-C00760,2026-03-29 11:30:00,Bill Payment,516.82,Web,Android,Kano,No,Successful,No,22,Male,Abuja,Everyday,Savings,73,81.6,1m+,Mobile App,Active,Yes,0.3752,Medium,Secondary Verification (SMS/OTP),2.0.0-week3,2026-09-30T14:43:51.571607+00:00
FT-T011193,FT-C00188,2026-03-25 22:43:00,Transfer,554.42,POS,Android,Abuja,No,Successful,No,23,Male,Lagos,Premium,Savings,28,66.4,Below 100k,Mobile App,Active,Yes,0.4904,Medium,Secondary Verification (SMS/OTP),2.0.0-week3,2026-09-30T14:43:51.571607+00:00
FT-T010665,FT-C00988,2026-03-21 23:40:00,Card Purchase,3381.74,Mobile App,POS Terminal,Benin City,No,Successful,No,19,Male,Abuja,Student,Premium,36,69.6,1m+,Mobile App,Active,No,0.3004,Medium,Secondary Verification (SMS/OTP),2.0.0-week3,2026-09-30T14:43:51.571607+00:00
FT-T004472,FT-C00798,2026-02-03 12:50:00,Transfer,3069.65,Web,POS Terminal,Lagos,No,Failed,No,65,Female,Port Harcourt,SME,Savings,8,82.4,500k-999k,Web,Active,Yes,0.4599,Medium,Secondary Verification (SMS/OTP),2.0.0-week3,2026-09-30T14:43:51.571607+00:00
FT-T004355,FT-C01419,2026-02-02 15:47:00,Airtime/Data,649.2,ATM,Android,Kaduna,No,Successful,Yes,39,Female,Ibadan,Student,Savings,44,51.2,100k-249k,Mobile App,Active,No,0.3119,Medium,Secondary Verification (SMS/OTP),2.0.0-week3,2026-09-30T14:43:51.571607+00:00
FT-T008372,FT-C00279,2026-03-04 18:54:00,Card Purchase,604.46,Web,Android,Ibadan,No,Successful,No,36,Male,Ibadan,Premium,Current,38,63.3,Below 100k,Mobile App,Active,No,0.2634,Low,Auto-Approve,2.0.0-week3,2026-09-30T14:43:51.571607+00:00
FT-T002450,FT-C00483,2026-01-19 08:51:00,Bill Payment,4518.07,USSD,Web Browser,Ibadan,No,Successful,Yes,38,Female,Ibadan,Everyday,Current,36,77.4,500k-999k,USSD,Active,No,0.2682,Low,Auto-Approve,2.0.0-week3,2026-09-30T14:43:51.571607+00:00
FT-T004713,FT-C00232,2026-02-05 08:13:00,Card Purchase,771.86,USSD,iOS,Lagos,No,Successful,No,28,Male,Kano,Premium,Savings,93,86.4,100k-249k,Mobile App,Restricted,No,0.3477,Medium,Secondary Verification (SMS/OTP),2.0.0-week3,2026-09-30T14:43:51.571607+00:00
FT-T002693,FT-C01438,2026-01-21 04:36:00,Transfer,306648.3,Web,iOS,Kano,No,Successful,Yes,34,Female,Benin City,Everyday,Premium,41,73.2,250k-499k,Mobile App,Active,Yes,0.7461,High,Immediate Review / Payment Hold,2.0.0-week3,2026-09-30T14:43:51.571607+00:00
FT-T002306,FT-C01277,2026-01-18 06:56:00,Card Purchase,9432.41,Mobile App,Android,Kaduna,No,Successful,No,46,Female,Port Harcourt,Premium,Savings,6,36.5,250k-499k,USSD,Active,No,0.2605,Low,Auto-Approve,2.0.0-week3,2026-09-30T14:43:51.571607+00:00
FT-T006856,FT-C01124,2026-02-21 10:00:00,Deposit,8310.96,ATM,iOS,Enugu,No,Successful,No,41,Female,Port Harcourt,Student,Savings,82,37.9,Below 100k,Mobile App,Active,No,0.3017,Medium,Secondary Verification (SMS/OTP),2.0.0-week3,2026-09-30T14:43:51.571607+00:00
FT-T002129,FT-C00969,2026-01-16 23:04:00,Card Purchase,163330.93,Web,Android,Kaduna,No,Successful,No,41,Female,Lagos,SME,Savings,30,54.1,Below 100k,Mobile App,Dormant,No,0.2471,Low,Auto-Approve,2.0.0-week3,2026-09-30T14:43:51.571607+00:00
FT-T011069,FT-C00498,2026-03-25 00:24:00,Card Purchase,36537.78,ATM,iOS,Kaduna,No,Reversed,No,18,Female,Lagos,Premium,Savings,85,49.7,100k-249k,Web,Active,Yes,0.4385,Medium,Secondary Verification (SMS/OTP),2.0.0-week3,2026-09-30T14:43:51.571607+00:00
FT-T003256,FT-C01364,2026-01-25 09:56:00,Card Purchase,6946.53,Mobile App,iOS,Kaduna,No,Successful,No,62,Female,Lagos,Everyday,Current,1,100.0,500k-999k,Mobile App,Active,No,0.2945,Low,Auto-Approve,2.0.0-week3,2026-09-30T14:43:51.571607+00:00
FT-T001181,FT-C01364,2026-01-09 20:25:00,Transfer,194405.28,Web,ATM Terminal,Ibadan,No,Pending,Yes,62,Female,Lagos,Everyday,Current,1,100.0,500k-999k,Mobile App,Active,Yes,0.5192,Medium,Secondary Verification (SMS/OTP),2.0.0-week3,2026-09-30T14:43:51.571607+00:00
FT-T007416,FT-C00344,2026-02-25 14:48:00,Airtime/Data,20223.62,Mobile App,ATM Terminal,Lagos,Yes,Successful,Yes,61,Male,Benin City,Everyday,Premium,90,75.8,500k-999k,Mobile App,Active,Yes,0.4569,Medium,Secondary Verification (SMS/OTP),2.0.0-week3,2026-09-30T14:43:51.571607+00:00
FT-T010627,FT-C01007,2026-03-21 16:50:00,Bill Payment,25747.06,POS,Android,Lagos,No,Failed,No,31,Female,Lagos,Student,Savings,43,73.3,1m+,Web,Active,Yes,0.4149,Medium,Secondary Verification (SMS/OTP),2.0.0-week3,2026-09-30T14:43:51.571607+00:00
FT-T010418,FT-C00455,2026-03-20 03:12:00,Bill Payment,39394.77,Mobile App,iOS,Benin City,No,Reversed,Yes,42,Female,Ibadan,Everyday,Premium,94,59.7,1m+,Web,Active,No,0.3131,Medium,Secondary Verification (SMS/OTP),2.0.0-week3,2026-09-30T14:43:51.571607+00:00
FT-T007042,FT-C00227,2026-02-22 19:29:00,Card Purchase,6262.71,Mobile App,Android,Abuja,No,Reversed,No,41,Female,Lagos,Student,Premium,29,78.0,500k-999k,Mobile App,Dormant,No,0.2983,Low,Auto-Approve,2.0.0-week3,2026-09-30T14:43:51.571607+00:00
FT-T006255,FT-C00368,2026-02-16 21:48:00,Cash Withdrawal,231268.73,USSD,POS Terminal,Kaduna,No,Reversed,No,20,Female,Kano,Premium,Current,71,65.3,1m+,Web,Active,Yes,0.4966,Medium,Secondary Verification (SMS/OTP),2.0.0-week3,2026-09-30T14:43:51.571607+00:00
FT-T001719,FT-C00512,2026-01-13 21:15:00,Bill Payment,78031.96,Mobile App,Web Browser,Abuja,No,Reversed,No,52,Male,Kaduna,Premium,Savings,66,81.7,Below 100k,Mobile App,Active,No,0.2807,Low,Auto-Approve,2.0.0-week3,2026-09-30T14:43:51.571607+00:00
FT-T000710,FT-C00622,2026-01-06 07:37:00,Cash Withdrawal,167906.11,POS,iOS,Ibadan,No,Successful,Yes,63,Male,Enugu,Everyday,Savings,59,49.6,100k-249k,Web,Active,Yes,0.5614,Medium,Secondary Verification (SMS/OTP),2.0.0-week3,2026-09-30T14:43:51.571607+00:00
FT-T000790,FT-C01020,2026-01-06 22:01:00,Airtime/Data,380.89,Mobile App,Web Browser,Enugu,No,Successful,No,27,Female,Lagos,Premium,Savings,41,81.9,500k-999k,Mobile App,Active,No,0.3163,Medium,Secondary Verification (SMS/OTP),2.0.0-week3,2026-09-30T14:43:51.571607+00:00
FT-T007077,FT-C00248,2026-02-23 01:47:00,Airtime/Data,2962.38,Mobile App,POS Terminal,Enugu,No,Reversed,Yes,49,Male,Enugu,Everyday,Savings,1,90.8,1m+,Mobile App,Active,Yes,0.5125,Medium,Secondary Verification (SMS/OTP),2.0.0-week3,2026-09-30T14:43:51.571607+00:00
FT-T001077,FT-C00885,2026-01-09 01:41:00,Card Purchase,88948.1,Web,Android,Ibadan,No,Successful,Yes,60,Male,Port Harcourt,Everyday,Savings,38,52.1,500k-999k,Web,Restricted,Yes,0.4292,Medium,Secondary Verification (SMS/OTP),2.0.0-week3,2026-09-30T14:43:51.571607+00:00
FT-T008267,FT-C00995,2026-03-04 00:00:00,Card Purchase,72478.26,POS,Android,Kano,No,Successful,No,22,Male,Abuja,Student,Savings,1,52.8,250k-499k,Mobile App,Active,Yes,0.3982,Medium,Secondary Verification (SMS/OTP),2.0.0-week3,2026-09-30T14:43:51.571607+00:00
FT-T000996,FT-C00718,2026-01-08 11:06:00,Transfer,28326.16,Web,ATM Terminal,Lagos,No,Successful,Yes,26,Female,Enugu,Student,Savings,69,93.2,500k-999k,Mobile App,Active,Yes,0.515,Medium,Secondary Verification (SMS/OTP),2.0.0-week3,2026-09-30T14:43:51.571607+00:00
FT-T000421,FT-C01081,2026-01-04 03:36:00,Transfer,6775.27,Mobile App,POS Terminal,Lagos,No,Failed,Yes,50,Female,Port Harcourt,Premium,Savings,9,90.4,250k-499k,Web,Active,Yes,0.5738,Medium,Secondary Verification (SMS/OTP),2.0.0-week3,2026-09-30T14:43:51.571607+00:00
FT-T007651,FT-C00851,2026-02-27 09:06:00,Transfer,130147.75,Web,POS Terminal,Benin City,No,Successful,No,21,Female,Benin City,Premium,Savings,8,87.9,100k-249k,Mobile App,Active,Yes,0.5096,Medium,Secondary Verification (SMS/OTP),2.0.0-week3,2026-09-30T14:43:51.571607+00:00
FT-T001697,FT-C01365,2026-01-13 17:18:00,Airtime/Data,1727.13,Web,Web Browser,Enugu,No,Successful,No,51,Female,Lagos,Student,Savings,27,37.5,Below 100k,Mobile App,Dormant,Yes,0.3626,Medium,Secondary Verification (SMS/OTP),2.0.0-week3,2026-09-30T14:43:51.571607+00:00
FT-T011721,FT-C01426,2026-03-29 21:46:00,Card Purchase,1255.53,ATM,iOS,Enugu,No,Successful,No,52,Male,Lagos,Everyday,Current,83,89.5,Below 100k,Web,Active,No,0.2654,Low,Auto-Approve,2.0.0-week3,2026-09-30T14:43:51.571607+00:00
FT-T000191,FT-C00399,2026-01-02 10:12:00,Card Purchase,2758.02,Mobile App,Android,Benin City,No,Failed,No,18,Male,Lagos,Premium,Premium,88,50.0,250k-499k,Mobile App,Active,Yes,0.3727,Medium,Secondary Verification (SMS/OTP),2.0.0-week3,2026-09-30T14:43:51.571607+00:00
FT-T000763,FT-C00684,2026-01-06 17:10:00,Bill Payment,7783.13,USSD,Android,Kaduna,No,Successful,No,36,Female,Abuja,SME,Savings,52,68.3,100k-249k,Mobile App,Active,No,0.292,Low,Auto-Approve,2.0.0-week3,2026-09-30T14:43:51.571607+00:00
FT-T009785,FT-C00373,2026-03-15 09:15:00,Airtime/Data,143.71,Mobile App,ATM Terminal,Kano,No,Successful,No,64,Female,Lagos,Everyday,Current,30,67.3,100k-249k,Mobile App,Active,No,0.3422,Medium,Secondary Verification (SMS/OTP),2.0.0-week3,2026-09-30T14:43:51.571607+00:00
FT-T002439,FT-C00602,2026-01-19 06:52:00,Transfer,6304.5,Mobile App,Android,Abuja,No,Successful,No,62,Male,Port Harcourt,Everyday,Current,69,97.4,250k-499k,Mobile App,Active,Yes,0.4216,Medium,Secondary Verification (SMS/OTP),2.0.0-week3,2026-09-30T14:43:51.571607+00:00
FT-T002457,FT-C00035,2026-01-19 10:07:00,Deposit,110928.22,Mobile App,Android,Kaduna,No,Successful,No,64,Female,Lagos,Premium,Premium,72,43.1,1m+,USSD,Active,No,0.2876,Low,Auto-Approve,2.0.0-week3,2026-09-30T14:43:51.571607+00:00
FT-T007244,FT-C01260,2026-02-24 07:50:00,Card Purchase,80788.77,ATM,POS Terminal,Abuja,No,Successful,No,21,Male,Lagos,Everyday,Savings,41,72.1,Below 100k,Mobile App,Active,No,0.301,Medium,Secondary Verification (SMS/OTP),2.0.0-week3,2026-09-30T14:43:51.571607+00:00
FT-T007937,FT-C00648,2026-03-01 12:35:00,Transfer,612.79,Web,Android,Abuja,No,Successful,No,61,Male,Enugu,Everyday,Savings,85,59.6,1m+,Web,Active,Yes,0.3992,Medium,Secondary Verification (SMS/OTP),2.0.0-week3,2026-09-30T14:43:51.571607+00:00
FT-T005290,FT-C00907,2026-02-09 16:05:00,Transfer,3236.59,ATM,Web Browser,Lagos,No,Successful,Yes,20,Female,Lagos,Student,Current,5,85.8,100k-249k,Mobile App,Active,Yes,0.4901,Medium,Secondary Verification (SMS/OTP),2.0.0-week3,2026-09-30T14:43:51.571607+00:00
FT-T008731,FT-C01081,2026-03-07 11:31:00,Card Purchase,11990.01,Mobile App,Android,Port Harcourt,No,Successful,No,50,Female,Port Harcourt,Premium,Savings,9,90.4,250k-499k,Web,Active,No,0.3295,Medium,Secondary Verification (SMS/OTP),2.0.0-week3,2026-09-30T14:43:51.571607+00:00
FT-T002143,FT-C01412,2026-01-17 01:35:00,Card Purchase,35568.19,POS,Android,Port Harcourt,No,Failed,No,53,Female,Enugu,Everyday,Savings,62,61.8,Below 100k,Web,Active,No,0.3378,Medium,Secondary Verification (SMS/OTP),2.0.0-week3,2026-09-30T14:43:51.571607+00:00
FT-T001200,FT-C00883,2026-01-09 23:50:00,Transfer,151913.56,Mobile App,iOS,Kano,No,Successful,No,64,Male,Lagos,Premium,Savings,16,73.0,Below 100k,USSD,Active,Yes,0.4966,Medium,Secondary Verification (SMS/OTP),2.0.0-week3,2026-09-30T14:43:51.571607+00:00
FT-T001297,FT-C00971,2026-01-10 17:17:00,Cash Withdrawal,179294.03,ATM,Android,Ibadan,No,Successful,No,20,Male,Port Harcourt,Premium,Savings,6,68.7,500k-999k,Mobile App,Active,Yes,0.5773,Medium,Secondary Verification (SMS/OTP),2.0.0-week3,2026-09-30T14:43:51.571607+00:00
FT-T000321,FT-C00159,2026-01-03 09:36:00,Transfer,511.0,ATM,iOS,Kaduna,No,Successful,No,60,Female,Lagos,Premium,Savings,72,74.7,250k-499k,USSD,Active,Yes,0.432,Medium,Secondary Verification (SMS/OTP),2.0.0-week3,2026-09-30T14:43:51.571607+00:00
FT-T002017,FT-C01283,2026-01-16 02:54:00,Transfer,950.83,USSD,iOS,Abuja,Yes,Successful,Yes,25,Female,Lagos,Everyday,Premium,73,89.4,Below 100k,Mobile App,Active,Yes,0.5904,Medium,Secondary Verification (SMS/OTP),2.0.0-week3,2026-09-30T14:43:51.571607+00:00
FT-T002179,FT-C01316,2026-01-17 08:04:00,Airtime/Data,268.97,USSD,iOS,Enugu,No,Successful,Yes,53,Male,Abuja,Premium,Savings,35,69.8,250k-499k,Web,Active,No,0.2792,Low,Auto-Approve,2.0.0-week3,2026-09-30T14:43:51.571607+00:00
FT-T009550,FT-C00402,2026-03-13 14:57:00,Deposit,13909.34,Mobile App,Android,Kaduna,No,Successful,No,33,Male,Kaduna,Premium,Savings,65,100.0,Below 100k,Mobile App,Active,Yes,0.3829,Medium,Secondary Verification (SMS/OTP),2.0.0-week3,2026-09-30T14:43:51.571607+00:00
FT-T004139,FT-C00593,2026-02-01 00:54:00,Transfer,11640.97,POS,Android,Ibadan,No,Successful,No,22,Female,Enugu,Premium,Savings,82,51.5,100k-249k,Mobile App,Active,Yes,0.5878,Medium,Secondary Verification (SMS/OTP),2.0.0-week3,2026-09-30T14:43:51.571607+00:00
FT-T002604,FT-C01043,2026-01-20 12:34:00,Deposit,4074.29,USSD,Android,Kano,No,Successful,No,26,Female,Port Harcourt,Everyday,Savings,77,100.0,250k-499k,Web,Dormant,No,0.3457,Medium,Secondary Verification (SMS/OTP),2.0.0-week3,2026-09-30T14:43:51.571607+00:00
FT-T003412,FT-C00158,2026-01-26 14:01:00,Cash Withdrawal,115533.99,ATM,iOS,Enugu,No,Successful,No,32,Female,Ibadan,SME,Savings,90,59.4,100k-249k,Mobile App,Active,Yes,0.3956,Medium,Secondary Verification (SMS/OTP),2.0.0-week3,2026-09-30T14:43:51.571607+00:00
FT-T006452,FT-C01130,2026-02-18 09:16:00,Cash Withdrawal,61500.01,ATM,POS Terminal,Abuja,No,Successful,Yes,64,Female,Ibadan,Everyday,Savings,43,89.9,500k-999k,Web,Active,Yes,0.3927,Medium,Secondary Verification (SMS/OTP),2.0.0-week3,2026-09-30T14:43:51.571607+00:00
FT-T000153,FT-C01092,2026-01-02 03:21:00,Deposit,21516.62,Mobile App,Android,Ibadan,No,Successful,Yes,23,Female,Lagos,Student,Current,72,46.0,Below 100k,Mobile App,Active,Yes,0.3627,Medium,Secondary Verification (SMS/OTP),2.0.0-week3,2026-09-30T14:43:51.571607+00:00
FT-T011237,FT-C01458,2026-03-26 06:38:00,Transfer,982.87,USSD,Android,Port Harcourt,No,Successful,No,34,Female,Lagos,Student,Current,29,54.7,Below 100k,Mobile App,Active,Yes,0.5065,Medium,Secondary Verification (SMS/OTP),2.0.0-week3,2026-09-30T14:43:51.571607+00:00
FT-T006535,FT-C00046,2026-02-19 00:13:00,Card Purchase,30990.56,Mobile App,POS Terminal,Abuja,No,Successful,No,31,Male,Lagos,Everyday,Savings,14,51.0,1m+,Mobile App,Active,Yes,0.4419,Medium,Secondary Verification (SMS/OTP),2.0.0-week3,2026-09-30T14:43:51.571607+00:00
FT-T011295,FT-C00388,2026-03-26 17:05:00,Card Purchase,2081.13,Web,Web Browser,Benin City,No,Successful,No,46,Female,Lagos,Everyday,Premium,30,52.9,1m+,Mobile App,Active,No,0.3451,Medium,Secondary Verification (SMS/OTP),2.0.0-week3,2026-09-30T14:43:51.571607+00:00
FT-T011039,FT-C00031,2026-03-24 19:00:00,Card Purchase,647.36,Mobile App,POS Terminal,Kaduna,No,Successful,No,59,Female,Lagos,Premium,Savings,1,89.5,250k-499k,Mobile App,Active,Yes,0.3798,Medium,Secondary Verification (SMS/OTP),2.0.0-week3,2026-09-30T14:43:51.571607+00:00
FT-T002631,FT-C00479,2026-01-20 17:26:00,Card Purchase,111029.26,Mobile App,Android,Port Harcourt,No,Successful,No,33,Male,Lagos,Everyday,Savings,89,65.3,500k-999k,Web,Active,No,0.2969,Low,Auto-Approve,2.0.0-week3,2026-09-30T14:43:51.571607+00:00
FT-T000074,FT-C00699,2026-01-01 13:08:00,Card Purchase,3136.97,Web,Android,Lagos,No,Successful,No,49,Female,Abuja,Premium,Current,96,78.3,100k-249k,Mobile App,Active,No,0.2837,Low,Auto-Approve,2.0.0-week3,2026-09-30T14:43:51.571607+00:00
FT-T002289,FT-C01085,2026-01-18 03:52:00,Cash Withdrawal,4050.12,Mobile App,iOS,Enugu,No,Successful,Yes,64,Female,Port Harcourt,SME,Current,95,40.7,100k-249k,Mobile App,Active,Yes,0.5155,Medium,Secondary Verification (SMS/OTP),2.0.0-week3,2026-09-30T14:43:51.571607+00:00
FT-T006278,FT-C00741,2026-02-17 01:57:00,Transfer,18094.72,Mobile App,ATM Terminal,Kaduna,No,Failed,Yes,49,Male,Benin City,SME,Premium,45,100.0,500k-999k,Mobile App,Active,Yes,0.7522,High,Immediate Review / Payment Hold,2.0.0-week3,2026-09-30T14:43:51.571607+00:00
FT-T003707,FT-C01293,2026-01-28 19:08:00,Deposit,351158.44,ATM,iOS,Enugu,No,Successful,No,49,Female,Enugu,SME,Savings,79,69.0,250k-499k,Mobile App,Active,Yes,0.4806,Medium,Secondary Verification (SMS/OTP),2.0.0-week3,2026-09-30T14:43:51.571607+00:00
FT-T009909,FT-C00933,2026-03-16 07:35:00,Transfer,830.93,Mobile App,Web Browser,Abuja,No,Successful,Yes,21,Female,Lagos,Premium,Current,27,54.1,100k-249k,Mobile App,Active,Yes,0.4749,Medium,Secondary Verification (SMS/OTP),2.0.0-week3,2026-09-30T14:43:51.571607+00:00
FT-T010095,FT-C00458,2026-03-17 17:04:00,Card Purchase,16171.51,ATM,Android,Abuja,No,Successful,No,18,Female,Port Harcourt,Everyday,Premium,86,64.4,100k-249k,Mobile App,Active,No,0.2581,Low,Auto-Approve,2.0.0-week3,2026-09-30T14:43:51.571607+00:00
FT-T008584,FT-C00224,2026-03-06 09:04:00,Transfer,15924.32,ATM,iOS,Ibadan,No,Successful,No,28,Male,Kaduna,Everyday,Current,45,74.6,100k-249k,USSD,Active,Yes,0.498,Medium,Secondary Verification (SMS/OTP),2.0.0-week3,2026-09-30T14:43:51.571607+00:00
FT-T008478,FT-C00737,2026-03-05 13:59:00,Transfer,1423.77,Mobile App,Android,Port Harcourt,No,Successful,No,22,Male,Kano,Everyday,Savings,72,83.2,500k-999k,USSD,Active,Yes,0.5027,Medium,Secondary Verification (SMS/OTP),2.0.0-week3,2026-09-30T14:43:51.571607+00:00
FT-T008463,FT-C01075,2026-03-05 11:17:00,Bill Payment,51956.79,POS,Android,Port Harcourt,No,Successful,No,31,Male,Kano,Everyday,Premium,60,70.3,Below 100k,Mobile App,Active,No,0.266,Low,Auto-Approve,2.0.0-week3,2026-09-30T14:43:51.571607+00:00
FT-T009282,FT-C01078,2026-03-11 14:43:00,Deposit,5240.71,ATM,Android,Lagos,No,Successful,No,50,Male,Benin City,Everyday,Premium,68,58.6,Below 100k,Mobile App,Active,No,0.3105,Medium,Secondary Verification (SMS/OTP),2.0.0-week3,2026-09-30T14:43:51.571607+00:00
FT-T004880,FT-C00696,2026-02-06 14:17:00,Card Purchase,5831.17,Mobile App,POS Terminal,Port Harcourt,No,Successful,No,28,Female,Kano,Everyday,Current,28,55.2,500k-999k,Mobile App,Active,No,0.2478,Low,Auto-Approve,2.0.0-week3,2026-09-30T14:43:51.571607+00:00
FT-T006333,FT-C00989,2026-02-17 11:51:00,Bill Payment,905.65,POS,Android,Ibadan,No,Successful,No,32,Male,Abuja,Everyday,Savings,26,53.3,500k-999k,Mobile App,Active,No,0.3203,Medium,Secondary Verification (SMS/OTP),2.0.0-week3,2026-09-30T14:43:51.571607+00:00
FT-T004118,FT-C01381,2026-01-31 21:07:00,Deposit,6790.33,POS,Android,Kaduna,No,Successful,No,29,Male,Lagos,Student,Current,80,81.6,250k-499k,USSD,Active,Yes,0.3519,Medium,Secondary Verification (SMS/OTP),2.0.0-week3,2026-09-30T14:43:51.571607+00:00
FT-T000414,FT-C01065,2026-01-04 02:20:00,Transfer,1379.24,Mobile App,Android,Ibadan,No,Successful,No,21,Female,Enugu,Premium,Savings,93,42.7,250k-499k,Mobile App,Active,Yes,0.5631,Medium,Secondary Verification (SMS/OTP),2.0.0-week3,2026-09-30T14:43:51.571607+00:00
FT-T008843,FT-C00377,2026-03-08 07:41:00,Cash Withdrawal,75230.24,Mobile App,Web Browser,Kano,No,Successful,No,44,Female,Port Harcourt,Student,Current,1,67.4,Below 100k,Web,Active,Yes,0.4935,Medium,Secondary Verification (SMS/OTP),2.0.0-week3,2026-09-30T14:43:51.571607+00:00
FT-T009822,FT-C00363,2026-03-15 15:55:00,Deposit,43643.9,USSD,POS Terminal,Ibadan,No,Failed,No,20,Male,Abuja,Everyday,Savings,69,62.0,100k-249k,Mobile App,Active,No,0.339,Medium,Secondary Verification (SMS/OTP),2.0.0-week3,2026-09-30T14:43:51.571607+00:00
FT-T003028,FT-C00398,2026-01-23 16:54:00,Bill Payment,63572.96,POS,Android,Kano,No,Successful,No,37,Male,Lagos,SME,Savings,69,83.6,100k-249k,Web,Active,No,0.295,Low,Auto-Approve,2.0.0-week3,2026-09-30T14:43:51.571607+00:00
FT-T008416,FT-C00954,2026-03-05 02:49:00,Transfer,652.67,Mobile App,Android,Ibadan,No,Failed,Yes,51,Female,Ibadan,Everyday,Savings,8,57.7,100k-249k,Mobile App,Active,Yes,0.5213,Medium,Secondary Verification (SMS/OTP),2.0.0-week3,2026-09-30T14:43:51.571607+00:00
FT-T011158,FT-C00105,2026-03-25 16:25:00,Card Purchase,8654.88,Web,ATM Terminal,,No,Successful,Yes,34,Female,Port Harcourt,Everyday,Savings,44,100.0,Below 100k,Mobile App,Active,Yes,0.3826,Medium,Secondary Verification (SMS/OTP),2.0.0-week3,2026-09-30T14:43:51.571607+00:00
FT-T006649,FT-C00196,2026-02-19 20:44:00,Card Purchase,27180.27,Web,Web Browser,Abuja,No,Successful,No,41,Male,Port Harcourt,Premium,Savings,6,82.6,250k-499k,USSD,Active,No,0.3387,Medium,Secondary Verification (SMS/OTP),2.0.0-week3,2026-09-30T14:43:51.571607+00:00
FT-T006930,FT-C00294,2026-02-21 23:19:00,Card Purchase,659.2,Mobile App,iOS,Ibadan,No,Successful,No,65,Female,Benin City,Student,Current,92,73.7,100k-249k,Mobile App,Active,No,0.2384,Low,Auto-Approve,2.0.0-week3,2026-09-30T14:43:51.571607+00:00
FT-T005889,FT-C01439,2026-02-14 03:55:00,Deposit,245139.1,USSD,Android,Kaduna,No,Successful,No,18,Female,Kano,Student,Premium,77,77.1,Below 100k,Mobile App,Active,Yes,0.5069,Medium,Secondary Verification (SMS/OTP),2.0.0-week3,2026-09-30T14:43:51.571607+00:00
FT-T001346,FT-C01380,2026-01-11 02:07:00,Deposit,16131.66,Mobile App,POS Terminal,Abuja,No,Successful,Yes,55,Female,Abuja,Premium,Current,79,60.8,Below 100k,Web,Active,Yes,0.4316,Medium,Secondary Verification (SMS/OTP),2.0.0-week3,2026-09-30T14:43:51.571607+00:00
FT-T004750,FT-C00523,2026-02-05 14:53:00,Card Purchase,7385.01,Mobile App,iOS,Benin City,No,Successful,No,60,Male,Lagos,Everyday,Savings,16,77.6,500k-999k,Web,Active,No,0.3102,Medium,Secondary Verification (SMS/OTP),2.0.0-week3,2026-09-30T14:43:51.571607+00:00
FT-T008488,FT-C00598,2026-03-05 15:47:00,Transfer,42815.65,Mobile App,Android,Enugu,No,Successful,No,53,Male,Enugu,Everyday,Savings,32,55.1,Below 100k,Mobile App,Active,Yes,0.4903,Medium,Secondary Verification (SMS/OTP),2.0.0-week3,2026-09-30T14:43:51.571607+00:00
FT-T009148,FT-C01228,2026-03-10 14:35:00,Transfer,139370.91,ATM,Android,Benin City,No,Reversed,No,24,Female,Lagos,Student,Savings,68,88.5,100k-249k,Mobile App,Active,Yes,0.5178,Medium,Secondary Verification (SMS/OTP),2.0.0-week3,2026-09-30T14:43:51.571607+00:00
FT-T010864,FT-C00628,2026-03-23 11:30:00,Bill Payment,8426.75,Mobile App,Android,Benin City,No,Successful,No,19,Female,Ibadan,SME,Savings,29,68.4,250k-499k,Web,Active,No,0.3142,Medium,Secondary Verification (SMS/OTP),2.0.0-week3,2026-09-30T14:43:51.571607+00:00
FT-T008900,FT-C00959,2026-03-08 17:57:00,Card Purchase,3844.03,Web,Android,Lagos,No,Successful,No,39,Male,Ibadan,Everyday,Savings,4,34.2,250k-499k,Mobile App,Active,No,0.3123,Medium,Secondary Verification (SMS/OTP),2.0.0-week3,2026-09-30T14:43:51.571607+00:00
FT-T010673,FT-C01338,2026-03-22 01:07:00,Cash Withdrawal,10846.03,Mobile App,Android,Benin City,No,Successful,No,52,Male,Abuja,Everyday,Premium,80,86.0,100k-249k,Mobile App,Active,Yes,0.5905,Medium,Secondary Verification (SMS/OTP),2.0.0-week3,2026-09-30T14:43:51.571607+00:00
FT-T011543,FT-C00351,2026-03-28 13:43:00,Card Purchase,6317.29,ATM,Web Browser,Enugu,No,Successful,No,58,Female,Benin City,SME,Savings,1,74.9,Below 100k,Web,Active,Yes,0.4087,Medium,Secondary Verification (SMS/OTP),2.0.0-week3,2026-09-30T14:43:51.571607+00:00
FT-T008747,FT-C00268,2026-03-07 14:24:00,Card Purchase,143648.78,Mobile App,Android,Abuja,No,Successful,No,65,Prefer not to say,Port Harcourt,Student,Current,5,50.7,250k-499k,USSD,Active,No,0.2778,Low,Auto-Approve,2.0.0-week3,2026-09-30T14:43:51.571607+00:00
FT-T004655,FT-C01248,2026-02-04 21:47:00,Deposit,29842.38,Mobile App,Android,Abuja,No,Successful,No,47,Male,Lagos,Premium,Current,35,78.1,Below 100k,Web,Active,No,0.3092,Medium,Secondary Verification (SMS/OTP),2.0.0-week3,2026-09-30T14:43:51.571607+00:00
FT-T002490,FT-C01376,2026-01-19 16:03:00,Card Purchase,22982.75,Mobile App,ATM Terminal,Abuja,No,Successful,No,51,Female,Lagos,Student,Savings,77,69.6,1m+,Web,Active,No,0.3354,Medium,Secondary Verification (SMS/OTP),2.0.0-week3,2026-09-30T14:43:51.571607+00:00
FT-T009528,FT-C01161,2026-03-13 11:00:00,Bill Payment,1164.09,Web,Android,Benin City,No,Successful,No,50,Male,Benin City,Everyday,Savings,70,52.2,1m+,Mobile App,Active,No,0.3221,Medium,Secondary Verification (SMS/OTP),2.0.0-week3,2026-09-30T14:43:51.571607+00:00
FT-T007094,FT-C00194,2026-02-23 04:50:00,Cash Withdrawal,58120.19,POS,POS Terminal,Lagos,No,Successful,No,59,Female,Enugu,Everyday,Current,19,67.7,Below 100k,Mobile App,Active,Yes,0.4693,Medium,Secondary Verification (SMS/OTP),2.0.0-week3,2026-09-30T14:43:51.571607+00:00
FT-T010346,FT-C01194,2026-03-19 14:15:00,Transfer,415879.65,ATM,POS Terminal,Ibadan,No,Successful,No,32,Male,Lagos,Everyday,Savings,77,90.1,Below 100k,Mobile App,Active,Yes,0.6563,Medium,Secondary Verification (SMS/OTP),2.0.0-week3,2026-09-30T14:43:51.571607+00:00
FT-T005864,FT-C01296,2026-02-13 23:25:00,Bill Payment,4476.89,Web,iOS,Enugu,No,Successful,No,49,Male,Enugu,Everyday,Current,22,51.4,250k-499k,Web,Active,No,0.2712,Low,Auto-Approve,2.0.0-week3,2026-09-30T14:43:51.571607+00:00
FT-T007853,FT-C01008,2026-02-28 21:28:00,Bill Payment,1961.51,Mobile App,iOS,Kaduna,No,Successful,No,55,Female,Lagos,Premium,Savings,60,68.0,100k-249k,Mobile App,Active,No,0.3218,Medium,Secondary Verification (SMS/OTP),2.0.0-week3,2026-09-30T14:43:51.571607+00:00
FT-T003529,FT-C00872,2026-01-27 11:05:00,Bill Payment,506.91,Mobile App,Web Browser,Abuja,No,Successful,No,43,Male,Ibadan,Premium,Savings,25,86.6,Below 100k,Web,Active,No,0.3323,Medium,Secondary Verification (SMS/OTP),2.0.0-week3,2026-09-30T14:43:51.571607+00:00
FT-T007327,FT-C01236,2026-02-24 22:47:00,Deposit,41969.0,Mobile App,POS Terminal,Kano,No,Successful,No,24,Female,Benin City,SME,Savings,63,66.9,Below 100k,Mobile App,Active,No,0.3125,Medium,Secondary Verification (SMS/OTP),2.0.0-week3,2026-09-30T14:43:51.571607+00:00
FT-T001826,FT-C01405,2026-01-14 16:31:00,Card Purchase,12503.16,Mobile App,Android,Benin City,No,Successful,Yes,53,Female,Abuja,Everyday,Current,80,81.1,Below 100k,USSD,Active,No,0.2174,Low,Auto-Approve,2.0.0-week3,2026-09-30T14:43:51.571607+00:00
FT-T006154,FT-C00299,2026-02-16 03:37:00,Deposit,4262.12,Mobile App,Web Browser,Enugu,No,Successful,No,35,Male,Lagos,SME,Current,46,58.9,100k-249k,USSD,Active,Yes,0.4071,Medium,Secondary Verification (SMS/OTP),2.0.0-week3,2026-09-30T14:43:51.571607+00:00
FT-T011957,FT-C00600,2026-03-31 16:15:00,Bill Payment,560.58,POS,ATM Terminal,Kaduna,Yes,Successful,Yes,33,Male,Abuja,Everyday,Current,64,69.4,250k-499k,Mobile App,Active,Yes,0.395,Medium,Secondary Verification (SMS/OTP),2.0.0-week3,2026-09-30T14:43:51.571607+00:00
FT-T007273,FT-C00431,2026-02-24 13:04:00,Airtime/Data,274.14,Web,Android,Port Harcourt,Yes,Successful,No,47,Female,Lagos,Everyday,Savings,50,68.0,100k-249k,Mobile App,Active,Yes,0.4476,Medium,Secondary Verification (SMS/OTP),2.0.0-week3,2026-09-30T14:43:51.571607+00:00
FT-T011445,FT-C01437,2026-03-27 20:05:00,Airtime/Data,106.31,Mobile App,Android,Enugu,No,Successful,No,57,Male,Lagos,Everyday,Savings,73,90.5,100k-249k,Mobile App,Active,Yes,0.3515,Medium,Secondary Verification (SMS/OTP),2.0.0-week3,2026-09-30T14:43:51.571607+00:00
FT-T004429,FT-C01225,2026-02-03 05:06:00,Bill Payment,3446.43,Mobile App,iOS,Abuja,No,Successful,No,43,Male,Benin City,SME,Premium,11,56.9,250k-499k,Mobile App,Dormant,Yes,0.419,Medium,Secondary Verification (SMS/OTP),2.0.0-week3,2026-09-30T14:43:51.571607+00:00
FT-T007648,FT-C00533,2026-02-27 08:34:00,Transfer,8445.49,USSD,iOS,Ibadan,No,Successful,No,34,Female,Port Harcourt,SME,Current,30,68.8,Below 100k,Mobile App,Dormant,Yes,0.5228,Medium,Secondary Verification (SMS/OTP),2.0.0-week3,2026-09-30T14:43:51.571607+00:00
FT-T005779,FT-C00037,2026-02-13 08:07:00,Bill Payment,1229.46,ATM,iOS,Benin City,No,Successful,No,20,Female,Lagos,Premium,Savings,5,32.1,500k-999k,Mobile App,Dormant,No,0.333,Medium,Secondary Verification (SMS/OTP),2.0.0-week3,2026-09-30T14:43:51.571607+00:00
FT-T003192,FT-C00505,2026-01-24 22:25:00,Transfer,127240.99,Web,iOS,Benin City,No,Successful,No,19,Male,Kano,Everyday,Savings,58,65.0,Below 100k,Mobile App,Active,Yes,0.5126,Medium,Secondary Verification (SMS/OTP),2.0.0-week3,2026-09-30T14:43:51.571607+00:00
FT-T000160,FT-C00982,2026-01-02 04:37:00,Transfer,47633.74,POS,Android,Kano,No,Successful,No,28,Female,Ibadan,Everyday,Savings,77,48.3,250k-499k,Mobile App,Dormant,Yes,0.5511,Medium,Secondary Verification (SMS/OTP),2.0.0-week3,2026-09-30T14:43:51.571607+00:00
FT-T003448,FT-C01165,2026-01-26 20:30:00,Card Purchase,2773.59,Mobile App,iOS,Enugu,No,Failed,Yes,29,Female,Lagos,Everyday,Savings,60,59.7,100k-249k,Mobile App,Active,Yes,0.3569,Medium,Secondary Verification (SMS/OTP),2.0.0-week3,2026-09-30T14:43:51.571607+00:00
FT-T008987,FT-C01340,2026-03-09 09:36:00,Card Purchase,124453.77,Mobile App,POS Terminal,Enugu,No,Successful,No,61,Female,Kaduna,Everyday,Savings,38,46.8,500k-999k,Mobile App,Active,No,0.3218,Medium,Secondary Verification (SMS/OTP),2.0.0-week3,2026-09-30T14:43:51.571607+00:00
FT-T005668,FT-C00904,2026-02-12 12:08:00,Cash Withdrawal,1861.78,POS,Android,Port Harcourt,No,Successful,No,43,Male,Abuja,SME,Current,13,91.0,250k-499k,Mobile App,Active,Yes,0.4852,Medium,Secondary Verification (SMS/OTP),2.0.0-week3,2026-09-30T14:43:51.571607+00:00
FT-T006991,FT-C00956,2026-02-22 10:18:00,Airtime/Data,347.12,Mobile App,Android,Port Harcourt,No,Successful,No,23,Female,Enugu,Everyday,Current,65,90.9,100k-249k,Mobile App,Active,No,0.2293,Low,Auto-Approve,2.0.0-week3,2026-09-30T14:43:51.571607+00:00
FT-T005784,FT-C01214,2026-02-13 09:01:00,Bill Payment,63654.97,ATM,POS Terminal,Ibadan,No,Successful,No,60,Male,Ibadan,Student,Premium,61,100.0,250k-499k,Mobile App,Active,Yes,0.3534,Medium,Secondary Verification (SMS/OTP),2.0.0-week3,2026-09-30T14:43:51.571607+00:00
FT-T004528,FT-C01288,2026-02-03 22:55:00,Card Purchase,524.93,Mobile App,Android,Abuja,No,Successful,No,45,Female,Lagos,SME,Savings,41,62.2,100k-249k,Mobile App,Active,No,0.2928,Low,Auto-Approve,2.0.0-week3,2026-09-30T14:43:51.571607+00:00
FT-T006324,FT-C00521,2026-02-17 10:14:00,Card Purchase,745.87,Mobile App,Android,Enugu,No,Successful,No,57,Female,Lagos,Everyday,Savings,61,76.0,250k-499k,Web,Active,No,0.2613,Low,Auto-Approve,2.0.0-week3,2026-09-30T14:43:51.571607+00:00
FT-T000070,FT-C01022,2026-01-01 12:25:00,Cash Withdrawal,6840.05,ATM,Android,Lagos,No,Successful,No,19,Male,Lagos,Everyday,Current,80,49.1,250k-499k,Mobile App,Active,Yes,0.4761,Medium,Secondary Verification (SMS/OTP),2.0.0-week3,2026-09-30T14:43:51.571607+00:00
FT-T009199,FT-C00669,2026-03-10 23:46:00,Airtime/Data,31699.54,ATM,Web Browser,Kaduna,No,Successful,Yes,50,Male,Kano,Everyday,Premium,12,68.8,100k-249k,Mobile App,Active,No,0.3394,Medium,Secondary Verification (SMS/OTP),2.0.0-week3,2026-09-30T14:43:51.571607+00:00
FT-T006623,FT-C00512,2026-02-19 16:03:00,Card Purchase,314.36,ATM,iOS,Kaduna,No,Successful,No,52,Male,Kaduna,Premium,Savings,66,81.7,Below 100k,Mobile App,Active,No,0.242,Low,Auto-Approve,2.0.0-week3,2026-09-30T14:43:51.571607+00:00
FT-T006190,FT-C00683,2026-02-16 10:06:00,Deposit,8502.52,POS,ATM Terminal,Port Harcourt,Yes,Reversed,Yes,52,Female,Abuja,Student,Savings,77,100.0,Below 100k,Mobile App,Active,Yes,0.4698,Medium,Secondary Verification (SMS/OTP),2.0.0-week3,2026-09-30T14:43:51.571607+00:00
FT-T003306,FT-C01342,2026-01-25 18:56:00,Deposit,230239.91,POS,ATM Terminal,Abuja,No,Successful,Yes,34,Male,Kano,Student,Current,67,71.5,100k-249k,Mobile App,Active,Yes,0.4727,Medium,Secondary Verification (SMS/OTP),2.0.0-week3,2026-09-30T14:43:51.571607+00:00
FT-T001392,FT-C00526,2026-01-11 10:24:00,Cash Withdrawal,1179.48,USSD,iOS,Ibadan,No,Successful,Yes,30,Female,Ibadan,Everyday,Savings,43,84.9,100k-249k,Mobile App,Active,Yes,0.4815,Medium,Secondary Verification (SMS/OTP),2.0.0-week3,2026-09-30T14:43:51.571607+00:00
FT-T011817,FT-C00845,2026-03-30 15:03:00,Transfer,26281.33,Web,ATM Terminal,Kano,No,Successful,Yes,48,Male,Abuja,Student,Savings,9,79.3,250k-499k,Mobile App,Active,Yes,0.526,Medium,Secondary Verification (SMS/OTP),2.0.0-week3,2026-09-30T14:43:51.571607+00:00
FT-T005938,FT-C01230,2026-02-14 12:44:00,Card Purchase,1935.07,Web,Android,Kaduna,No,Successful,No,37,Female,Lagos,SME,Savings,48,28.6,250k-499k,Mobile App,Active,No,0.3117,Medium,Secondary Verification (SMS/OTP),2.0.0-week3,2026-09-30T14:43:51.571607+00:00
FT-T000161,FT-C00774,2026-01-02 04:48:00,Bill Payment,2983.33,POS,iOS,Kaduna,No,Successful,No,26,Male,Abuja,SME,Current,39,34.3,Below 100k,Mobile App,Dormant,No,0.3459,Medium,Secondary Verification (SMS/OTP),2.0.0-week3,2026-09-30T14:43:51.571607+00:00
FT-T009422,FT-C00773,2026-03-12 15:55:00,Bill Payment,3018.36,POS,iOS,Ibadan,No,Successful,No,31,Male,Kaduna,SME,Current,85,92.0,250k-499k,Mobile App,Active,No,0.227,Low,Auto-Approve,2.0.0-week3,2026-09-30T14:43:51.571607+00:00
FT-T002505,FT-C01214,2026-01-19 18:45:00,Airtime/Data,6186.43,Web,iOS,Abuja,No,Successful,No,60,Male,Ibadan,Student,Premium,61,100.0,250k-499k,Mobile App,Active,No,0.2694,Low,Auto-Approve,2.0.0-week3,2026-09-30T14:43:51.571607+00:00
FT-T001711,FT-C01192,2026-01-13 19:49:00,Bill Payment,4656.36,POS,Android,,No,Successful,No,18,Male,Lagos,Everyday,Savings,69,63.8,500k-999k,USSD,Active,No,0.3456,Medium,Secondary Verification (SMS/OTP),2.0.0-week3,2026-09-30T14:43:51.571607+00:00
FT-T002454,FT-C01264,2026-01-19 09:34:00,Transfer,1051.5,Mobile App,Web Browser,Lagos,No,Reversed,No,56,Female,Abuja,Premium,Premium,15,40.5,100k-249k,Mobile App,Active,Yes,0.4963,Medium,Secondary Verification (SMS/OTP),2.0.0-week3,2026-09-30T14:43:51.571607+00:00
FT-T000117,FT-C01195,2026-01-01 20:52:00,Card Purchase,1819.58,Web,Android,Benin City,No,Successful,No,38,Female,Benin City,SME,Savings,47,81.7,500k-999k,Mobile App,Active,Yes,0.3642,Medium,Secondary Verification (SMS/OTP),2.0.0-week3,2026-09-30T14:43:51.571607+00:00
FT-T005071,FT-C01183,2026-02-08 00:40:00,Airtime/Data,1236.7,Mobile App,Android,Lagos,No,Successful,Yes,40,Female,Abuja,Premium,Savings,52,43.9,500k-999k,Mobile App,Active,Yes,0.4689,Medium,Secondary Verification (SMS/OTP),2.0.0-week3,2026-09-30T14:43:51.571607+00:00
FT-T002930,FT-C01243,2026-01-22 23:15:00,Transfer,1074.95,Mobile App,POS Terminal,Enugu,No,Successful,Yes,49,Male,Kano,Premium,Savings,17,63.8,250k-499k,Web,Active,Yes,0.5409,Medium,Secondary Verification (SMS/OTP),2.0.0-week3,2026-09-30T14:43:51.571607+00:00
FT-T007809,FT-C00053,2026-02-28 13:33:00,Bill Payment,518.61,POS,iOS,Kano,No,Successful,Yes,24,Female,Lagos,Everyday,Savings,90,81.1,500k-999k,Web,Active,Yes,0.3655,Medium,Secondary Verification (SMS/OTP),2.0.0-week3,2026-09-30T14:43:51.571607+00:00
FT-T008297,FT-C00955,2026-03-04 05:24:00,Transfer,106277.93,Mobile App,ATM Terminal,Ibadan,No,Successful,No,62,Female,Kaduna,Everyday,Current,59,55.3,500k-999k,Mobile App,Active,Yes,0.6488,Medium,Secondary Verification (SMS/OTP),2.0.0-week3,2026-09-30T14:43:51.571607+00:00
FT-T002378,FT-C00489,2026-01-18 19:53:00,Transfer,3570.38,USSD,Android,Ibadan,No,Successful,No,40,Male,Lagos,Everyday,Premium,22,100.0,100k-249k,Mobile App,Active,Yes,0.5337,Medium,Secondary Verification (SMS/OTP),2.0.0-week3,2026-09-30T14:43:51.571607+00:00
FT-T010042,FT-C00251,2026-03-17 07:31:00,Airtime/Data,2963.87,USSD,Android,Enugu,No,Successful,No,50,Male,Lagos,Premium,Current,68,82.0,250k-499k,Mobile App,Active,Yes,0.365,Medium,Secondary Verification (SMS/OTP),2.0.0-week3,2026-09-30T14:43:51.571607+00:00
FT-T004631,FT-C01401,2026-02-04 17:28:00,Card Purchase,27601.58,USSD,Android,Port Harcourt,No,Successful,No,63,Female,Kano,Premium,Savings,26,71.5,1m+,Mobile App,Active,No,0.2609,Low,Auto-Approve,2.0.0-week3,2026-09-30T14:43:51.571607+00:00
FT-T004388,FT-C01442,2026-02-02 21:43:00,Card Purchase,1127.14,ATM,Android,Port Harcourt,No,Successful,No,57,Male,Lagos,Everyday,Current,69,51.2,100k-249k,Mobile App,Active,No,0.1981,Low,Auto-Approve,2.0.0-week3,2026-09-30T14:43:51.571607+00:00
FT-T006599,FT-C00560,2026-02-19 11:44:00,Card Purchase,1679.56,POS,POS Terminal,Port Harcourt,No,Successful,No,56,Female,Ibadan,Everyday,Savings,80,81.7,250k-499k,Mobile App,Dormant,No,0.3406,Medium,Secondary Verification (SMS/OTP),2.0.0-week3,2026-09-30T14:43:51.571607+00:00
FT-T010229,FT-C00452,2026-03-18 17:11:00,Transfer,38100.91,ATM,Android,Port Harcourt,No,Successful,No,51,Female,Kano,Student,Savings,92,75.8,Below 100k,Mobile App,Active,Yes,0.5013,Medium,Secondary Verification (SMS/OTP),2.0.0-week3,2026-09-30T14:43:51.571607+00:00
FT-T005393,FT-C00929,2026-02-10 10:38:00,Transfer,161103.05,Mobile App,Android,Abuja,No,Successful,Yes,34,Male,Enugu,Everyday,Savings,23,100.0,500k-999k,Mobile App,Active,Yes,0.4797,Medium,Secondary Verification (SMS/OTP),2.0.0-week3,2026-09-30T14:43:51.571607+00:00
FT-T009803,FT-C00204,2026-03-15 12:30:00,Bill Payment,20623.44,Mobile App,iOS,Kaduna,No,Successful,No,19,Female,Kaduna,SME,Savings,73,73.4,500k-999k,Mobile App,Active,No,0.3366,Medium,Secondary Verification (SMS/OTP),2.0.0-week3,2026-09-30T14:43:51.571607+00:00
FT-T007380,FT-C01500,2026-02-25 08:19:00,Card Purchase,387.85,Mobile App,POS Terminal,Kano,No,Successful,No,40,Male,Lagos,Student,Current,31,51.1,100k-249k,Web,Active,No,0.1826,Low,Auto-Approve,2.0.0-week3,2026-09-30T14:43:51.571607+00:00
FT-T004102,FT-C01282,2026-01-31 18:14:00,Cash Withdrawal,64935.7,ATM,iOS,Kaduna,No,Successful,No,40,Male,Kano,SME,Current,68,100.0,250k-499k,Mobile App,Active,Yes,0.4905,Medium,Secondary Verification (SMS/OTP),2.0.0-week3,2026-09-30T14:43:51.571607+00:00
FT-T011064,FT-C00087,2026-03-24 23:30:00,Airtime/Data,7746.12,POS,Android,Ibadan,No,Successful,No,41,Female,Abuja,Everyday,Premium,66,67.3,250k-499k,Mobile App,Active,No,0.3272,Medium,Secondary Verification (SMS/OTP),2.0.0-week3,2026-09-30T14:43:51.571607+00:00
FT-T010206,FT-C00865,2026-03-18 13:03:00,Cash Withdrawal,14676.34,ATM,Android,Abuja,No,Successful,No,39,Male,Benin City,Everyday,Current,82,72.9,100k-249k,USSD,Active,Yes,0.4458,Medium,Secondary Verification (SMS/OTP),2.0.0-week3,2026-09-30T14:43:51.571607+00:00
FT-T007572,FT-C00021,2026-02-26 18:53:00,Deposit,149830.24,Mobile App,Android,Abuja,No,Successful,No,47,Female,Abuja,Everyday,Current,25,72.9,100k-249k,Web,Active,No,0.3252,Medium,Secondary Verification (SMS/OTP),2.0.0-week3,2026-09-30T14:43:51.571607+00:00
FT-T008862,FT-C01304,2026-03-08 11:06:00,Deposit,45203.16,Web,iOS,Kaduna,No,Successful,No,48,Male,Enugu,Student,Savings,88,88.2,500k-999k,Web,Active,Yes,0.382,Medium,Secondary Verification (SMS/OTP),2.0.0-week3,2026-09-30T14:43:51.571607+00:00
FT-T009698,FT-C00559,2026-03-14 17:36:00,Transfer,122243.52,POS,Android,Abuja,No,Successful,No,35,Female,Kano,SME,Savings,53,56.9,100k-249k,Mobile App,Active,Yes,0.4949,Medium,Secondary Verification (SMS/OTP),2.0.0-week3,2026-09-30T14:43:51.571607+00:00
FT-T003298,FT-C01423,2026-01-25 17:30:00,Transfer,1154.83,ATM,Android,Abuja,No,Successful,No,64,Male,Lagos,Everyday,Savings,30,100.0,100k-249k,Mobile App,Active,Yes,0.4363,Medium,Secondary Verification (SMS/OTP),2.0.0-week3,2026-09-30T14:43:51.571607+00:00
FT-T009668,FT-C00614,2026-03-14 12:12:00,Deposit,287244.25,ATM,POS Terminal,Benin City,No,Successful,Yes,64,Female,Kaduna,Everyday,Savings,56,44.2,100k-249k,Mobile App,Active,Yes,0.4331,Medium,Secondary Verification (SMS/OTP),2.0.0-week3,2026-09-30T14:43:51.571607+00:00
FT-T009043,FT-C01468,2026-03-09 19:41:00,Card Purchase,48666.2,Mobile App,iOS,Kano,No,Successful,No,34,Male,Lagos,Everyday,Savings,41,66.3,Below 100k,Mobile App,Active,No,0.3161,Medium,Secondary Verification (SMS/OTP),2.0.0-week3,2026-09-30T14:43:51.571607+00:00
FT-T008586,FT-C00021,2026-03-06 09:25:00,Card Purchase,28520.26,Mobile App,iOS,Lagos,No,Successful,No,47,Female,Abuja,Everyday,Current,25,72.9,100k-249k,Web,Active,No,0.247,Low,Auto-Approve,2.0.0-week3,2026-09-30T14:43:51.571607+00:00
FT-T006939,FT-C00812,2026-02-22 00:56:00,Card Purchase,1973.2,POS,Android,Kaduna,No,Successful,No,35,Female,Lagos,Student,Savings,33,82.1,100k-249k,Web,Active,No,0.3242,Medium,Secondary Verification (SMS/OTP),2.0.0-week3,2026-09-30T14:43:51.571607+00:00
FT-T005527,FT-C00353,2026-02-11 10:45:00,Bill Payment,16967.8,ATM,iOS,Enugu,No,Successful,No,41,Male,Port Harcourt,Everyday,Savings,77,60.7,100k-249k,USSD,Active,No,0.3075,Medium,Secondary Verification (SMS/OTP),2.0.0-week3,2026-09-30T14:43:51.571607+00:00
FT-T009438,FT-C00192,2026-03-12 18:48:00,Deposit,558246.55,Mobile App,ATM Terminal,Abuja,No,Successful,Yes,54,Male,Ibadan,SME,Savings,79,66.5,500k-999k,Mobile App,Active,Yes,0.504,Medium,Secondary Verification (SMS/OTP),2.0.0-week3,2026-09-30T14:43:51.571607+00:00
FT-T003035,FT-C00625,2026-01-23 18:09:00,Transfer,7483.36,Mobile App,Android,Benin City,No,Successful,No,59,Female,Kano,Premium,Premium,67,43.8,500k-999k,Mobile App,Active,Yes,0.4752,Medium,Secondary Verification (SMS/OTP),2.0.0-week3,2026-09-30T14:43:51.571607+00:00
FT-T006053,FT-C00420,2026-02-15 09:27:00,Transfer,24520.78,Mobile App,Android,Benin City,No,Successful,Yes,54,Female,Lagos,Premium,Savings,49,62.3,Below 100k,USSD,Active,Yes,0.5452,Medium,Secondary Verification (SMS/OTP),2.0.0-week3,2026-09-30T14:43:51.571607+00:00
FT-T002445,FT-C00627,2026-01-19 07:57:00,Card Purchase,857.89,Web,Android,Kaduna,No,Reversed,No,44,Female,Enugu,SME,Current,83,64.5,250k-499k,Mobile App,Dormant,No,0.2859,Low,Auto-Approve,2.0.0-week3,2026-09-30T14:43:51.571607+00:00
FT-T001273,FT-C00353,2026-01-10 12:58:00,Card Purchase,39107.02,ATM,Web Browser,Lagos,No,Successful,No,41,Male,Port Harcourt,Everyday,Savings,77,60.7,100k-249k,USSD,Active,No,0.3484,Medium,Secondary Verification (SMS/OTP),2.0.0-week3,2026-09-30T14:43:51.571607+00:00
FT-T009237,FT-C01215,2026-03-11 06:37:00,Airtime/Data,606.32,ATM,ATM Terminal,Kaduna,No,Successful,No,61,Male,Lagos,Premium,Savings,63,81.3,100k-249k,Mobile App,Dormant,No,0.3489,Medium,Secondary Verification (SMS/OTP),2.0.0-week3,2026-09-30T14:43:51.571607+00:00
FT-T004959,FT-C00497,2026-02-07 04:30:00,Card Purchase,331.64,POS,ATM Terminal,Port Harcourt,No,Successful,No,49,Female,Lagos,Everyday,Savings,80,100.0,100k-249k,Web,Active,No,0.3091,Medium,Secondary Verification (SMS/OTP),2.0.0-week3,2026-09-30T14:43:51.571607+00:00
FT-T009878,FT-C01214,2026-03-16 02:00:00,Bill Payment,641.77,USSD,ATM Terminal,Enugu,No,Successful,No,60,Male,Ibadan,Student,Premium,61,100.0,250k-499k,Mobile App,Active,Yes,0.4229,Medium,Secondary Verification (SMS/OTP),2.0.0-week3,2026-09-30T14:43:51.571607+00:00
FT-T011705,FT-C00653,2026-03-29 18:53:00,Airtime/Data,46046.85,POS,Android,Benin City,No,Successful,No,36,Female,Kano,Everyday,Premium,11,70.1,250k-499k,USSD,Active,Yes,0.3555,Medium,Secondary Verification (SMS/OTP),2.0.0-week3,2026-09-30T14:43:51.571607+00:00
FT-T004276,FT-C01156,2026-02-02 01:33:00,Card Purchase,344.36,Web,Android,Kaduna,No,Successful,No,43,Female,Lagos,Premium,Savings,35,45.0,1m+,Web,Active,Yes,0.4344,Medium,Secondary Verification (SMS/OTP),2.0.0-week3,2026-09-30T14:43:51.571607+00:00
FT-T008114,FT-C00140,2026-03-02 20:27:00,Transfer,229959.67,Mobile App,ATM Terminal,Ibadan,No,Successful,No,31,Male,Kano,Student,Savings,23,46.1,100k-249k,Mobile App,Active,Yes,0.6004,Medium,Secondary Verification (SMS/OTP),2.0.0-week3,2026-09-30T14:43:51.571607+00:00
FT-T011868,FT-C00910,2026-03-31 00:14:00,Transfer,8616.66,ATM,POS Terminal,Enugu,No,Successful,Yes,63,Male,Ibadan,Student,Savings,3,73.8,100k-249k,Web,Active,Yes,0.5721,Medium,Secondary Verification (SMS/OTP),2.0.0-week3,2026-09-30T14:43:51.571607+00:00
FT-T001030,FT-C00266,2026-01-08 17:14:00,Transfer,5014.9,USSD,Android,Kaduna,No,Successful,No,33,Female,Abuja,Everyday,Savings,83,100.0,500k-999k,Mobile App,Active,Yes,0.4612,Medium,Secondary Verification (SMS/OTP),2.0.0-week3,2026-09-30T14:43:51.571607+00:00
FT-T003655,FT-C00448,2026-01-28 09:46:00,Bill Payment,931.13,Mobile App,iOS,Kano,No,Reversed,No,29,Female,Port Harcourt,Everyday,Savings,86,71.2,100k-249k,USSD,Active,No,0.2652,Low,Auto-Approve,2.0.0-week3,2026-09-30T14:43:51.571607+00:00
FT-T008378,FT-C00294,2026-03-04 19:59:00,Deposit,21247.6,Mobile App,ATM Terminal,Ibadan,No,Successful,No,65,Female,Benin City,Student,Current,92,73.7,100k-249k,Mobile App,Active,No,0.2753,Low,Auto-Approve,2.0.0-week3,2026-09-30T14:43:51.571607+00:00
FT-T010951,FT-C00272,2026-03-24 03:09:00,Card Purchase,46555.7,Mobile App,iOS,Enugu,No,Successful,No,29,Female,Lagos,SME,Current,31,47.2,100k-249k,Mobile App,Active,Yes,0.4754,Medium,Secondary Verification (SMS/OTP),2.0.0-week3,2026-09-30T14:43:51.571607+00:00
FT-T001513,FT-C01132,2026-01-12 08:10:00,Deposit,1957.53,ATM,ATM Terminal,Ibadan,No,Successful,No,29,Female,Lagos,Premium,Savings,57,73.0,500k-999k,Web,Active,No,0.3208,Medium,Secondary Verification (SMS/OTP),2.0.0-week3,2026-09-30T14:43:51.571607+00:00
FT-T007537,FT-C01219,2026-02-26 12:35:00,Cash Withdrawal,99409.21,Mobile App,iOS,Kano,No,Successful,No,23,Female,Kaduna,SME,Current,39,68.8,100k-249k,Web,Active,Yes,0.4659,Medium,Secondary Verification (SMS/OTP),2.0.0-week3,2026-09-30T14:43:51.571607+00:00
FT-T006529,FT-C00617,2026-02-18 23:08:00,Transfer,289485.04,Mobile App,Android,Enugu,No,Successful,No,27,Female,Abuja,Everyday,Savings,1,56.1,100k-249k,Mobile App,Active,Yes,0.5722,Medium,Secondary Verification (SMS/OTP),2.0.0-week3,2026-09-30T14:43:51.571607+00:00
FT-T007832,FT-C01115,2026-02-28 17:41:00,Bill Payment,59358.73,POS,Android,,No,Successful,No,22,Female,Ibadan,Everyday,Savings,33,38.1,1m+,Mobile App,Active,No,0.3065,Medium,Secondary Verification (SMS/OTP),2.0.0-week3,2026-09-30T14:43:51.571607+00:00
FT-T003249,FT-C00284,2026-01-25 08:41:00,Transfer,988.4,Mobile App,Android,Kano,No,Successful,No,41,Male,Benin City,SME,Savings,57,56.9,100k-249k,Web,Active,Yes,0.4651,Medium,Secondary Verification (SMS/OTP),2.0.0-week3,2026-09-30T14:43:51.571607+00:00
FT-T010210,FT-C01400,2026-03-18 13:46:00,Bill Payment,33014.35,Mobile App,Android,Port Harcourt,No,Failed,No,45,Male,Abuja,Student,Premium,7,88.3,500k-999k,Mobile App,Active,No,0.3088,Medium,Secondary Verification (SMS/OTP),2.0.0-week3,2026-09-30T14:43:51.571607+00:00
FT-T011555,FT-C00338,2026-03-28 15:53:00,Bill Payment,2098.99,Mobile App,ATM Terminal,Ibadan,No,Successful,No,22,Female,Lagos,Student,Savings,74,69.8,500k-999k,Mobile App,Active,No,0.3189,Medium,Secondary Verification (SMS/OTP),2.0.0-week3,2026-09-30T14:43:51.571607+00:00
FT-T007676,FT-C00765,2026-02-27 13:36:00,Transfer,419320.92,Mobile App,Web Browser,Kaduna,No,Successful,No,40,Female,Lagos,Student,Savings,19,93.0,Below 100k,Mobile App,Active,Yes,0.6271,Medium,Secondary Verification (SMS/OTP),2.0.0-week3,2026-09-30T14:43:51.571607+00:00
FT-T000386,FT-C00051,2026-01-03 21:18:00,Cash Withdrawal,84401.98,Web,Web Browser,Kano,No,Reversed,No,45,Female,Port Harcourt,Everyday,Savings,16,65.5,100k-249k,Mobile App,Active,Yes,0.3964,Medium,Secondary Verification (SMS/OTP),2.0.0-week3,2026-09-30T14:43:51.571607+00:00
FT-T001644,FT-C00160,2026-01-13 07:45:00,Cash Withdrawal,150054.63,Mobile App,iOS,Abuja,No,Successful,No,46,Male,Enugu,Student,Savings,70,69.2,500k-999k,Mobile App,Active,Yes,0.4173,Medium,Secondary Verification (SMS/OTP),2.0.0-week3,2026-09-30T14:43:51.571607+00:00
FT-T003893,FT-C00096,2026-01-30 04:37:00,Card Purchase,4611.08,Mobile App,iOS,Abuja,No,Successful,No,42,Female,Port Harcourt,SME,Savings,41,73.8,250k-499k,Mobile App,Active,Yes,0.4836,Medium,Secondary Verification (SMS/OTP),2.0.0-week3,2026-09-30T14:43:51.571607+00:00
FT-T007045,FT-C00932,2026-02-22 20:01:00,Airtime/Data,2638.88,POS,iOS,Ibadan,No,Successful,Yes,42,Female,Ibadan,Premium,Savings,23,61.8,500k-999k,Web,Active,Yes,0.3918,Medium,Secondary Verification (SMS/OTP),2.0.0-week3,2026-09-30T14:43:51.571607+00:00
FT-T008842,FT-C01457,2026-03-08 07:30:00,Card Purchase,6916.93,Web,Android,Ibadan,No,Successful,No,61,Female,Lagos,SME,Savings,8,23.2,250k-499k,Web,Active,No,0.2625,Low,Auto-Approve,2.0.0-week3,2026-09-30T14:43:51.571607+00:00
FT-T005088,FT-C00687,2026-02-08 03:44:00,Transfer,33934.46,ATM,Web Browser,Kaduna,No,Failed,Yes,64,Female,Abuja,Everyday,Premium,74,64.6,250k-499k,Mobile App,Active,Yes,0.6079,Medium,Secondary Verification (SMS/OTP),2.0.0-week3,2026-09-30T14:43:51.571607+00:00
FT-T005950,FT-C00352,2026-02-14 14:54:00,Transfer,656.67,Mobile App,Web Browser,Benin City,No,Successful,No,54,Female,Enugu,SME,Current,70,58.5,250k-499k,Web,Active,Yes,0.4409,Medium,Secondary Verification (SMS/OTP),2.0.0-week3,2026-09-30T14:43:51.571607+00:00
FT-T007983,FT-C00363,2026-03-01 20:52:00,Airtime/Data,15336.99,Web,iOS,Kaduna,No,Successful,No,20,Male,Abuja,Everyday,Savings,69,62.0,100k-249k,Mobile App,Active,No,0.3185,Medium,Secondary Verification (SMS/OTP),2.0.0-week3,2026-09-30T14:43:51.571607+00:00
FT-T006294,FT-C00543,2026-02-17 04:50:00,Airtime/Data,31192.83,Mobile App,POS Terminal,Kano,No,Successful,No,21,Male,Kano,Everyday,Savings,87,92.5,500k-999k,Mobile App,Active,Yes,0.503,Medium,Secondary Verification (SMS/OTP),2.0.0-week3,2026-09-30T14:43:51.571607+00:00
FT-T009194,FT-C00664,2026-03-10 22:52:00,Cash Withdrawal,3390.57,Mobile App,Android,Lagos,No,Successful,No,18,Female,Lagos,SME,Savings,57,62.7,Below 100k,Mobile App,Active,Yes,0.4939,Medium,Secondary Verification (SMS/OTP),2.0.0-week3,2026-09-30T14:43:51.571607+00:00
FT-T008205,FT-C00356,2026-03-03 12:50:00,Transfer,20351.74,Mobile App,Android,Enugu,No,Successful,No,48,Female,Lagos,Everyday,Current,31,34.9,100k-249k,Mobile App,Active,Yes,0.4597,Medium,Secondary Verification (SMS/OTP),2.0.0-week3,2026-09-30T14:43:51.571607+00:00
FT-T001037,FT-C00673,2026-01-08 18:29:00,Transfer,296033.61,POS,iOS,Ibadan,No,Successful,No,62,Male,Lagos,Everyday,Premium,33,77.1,250k-499k,Web,Active,Yes,0.6759,Medium,Secondary Verification (SMS/OTP),2.0.0-week3,2026-09-30T14:43:51.571607+00:00
FT-T006146,FT-C01006,2026-02-16 02:11:00,Transfer,2012.89,Mobile App,ATM Terminal,Lagos,No,Successful,No,43,Male,Lagos,Student,Premium,75,42.8,500k-999k,Web,Dormant,Yes,0.4541,Medium,Secondary Verification (SMS/OTP),2.0.0-week3,2026-09-30T14:43:51.571607+00:00
FT-T001786,FT-C00474,2026-01-14 09:19:00,Transfer,2452.51,POS,iOS,Enugu,No,Successful,No,64,Male,Ibadan,Everyday,Savings,80,97.1,500k-999k,Web,Active,Yes,0.3606,Medium,Secondary Verification (SMS/OTP),2.0.0-week3,2026-09-30T14:43:51.571607+00:00
FT-T001469,FT-C01039,2026-01-12 00:15:00,Transfer,3953.08,Web,ATM Terminal,Lagos,No,Successful,No,22,Female,Lagos,Everyday,Savings,95,78.2,500k-999k,Mobile App,Active,Yes,0.5861,Medium,Secondary Verification (SMS/OTP),2.0.0-week3,2026-09-30T14:43:51.571607+00:00
FT-T009811,FT-C00137,2026-03-15 13:56:00,Cash Withdrawal,1008.65,Mobile App,iOS,Port Harcourt,No,Successful,Yes,18,Female,Kano,Premium,Savings,68,55.3,1m+,Web,Active,Yes,0.5178,Medium,Secondary Verification (SMS/OTP),2.0.0-week3,2026-09-30T14:43:51.571607+00:00
FT-T006024,FT-C00033,2026-02-15 04:13:00,Deposit,318306.66,Web,Web Browser,Kaduna,Yes,Successful,No,33,Female,Enugu,Everyday,Savings,25,48.1,Below 100k,Web,Active,Yes,0.6236,Medium,Secondary Verification (SMS/OTP),2.0.0-week3,2026-09-30T14:43:51.571607+00:00
FT-T010070,FT-C00937,2026-03-17 12:34:00,Card Purchase,47399.45,USSD,Android,Benin City,Yes,Successful,No,62,Male,Port Harcourt,Everyday,Current,77,53.0,250k-499k,Mobile App,Active,Yes,0.4359,Medium,Secondary Verification (SMS/OTP),2.0.0-week3,2026-09-30T14:43:51.571607+00:00
FT-T008347,FT-C01019,2026-03-04 14:24:00,Card Purchase,445.44,POS,Android,Port Harcourt,No,Successful,No,40,Prefer not to say,Kano,Everyday,Savings,15,98.0,500k-999k,Mobile App,Active,No,0.2524,Low,Auto-Approve,2.0.0-week3,2026-09-30T14:43:51.571607+00:00
FT-T011034,FT-C00547,2026-03-24 18:06:00,Card Purchase,1389.35,Web,iOS,Benin City,No,Successful,No,53,Female,Ibadan,Everyday,Savings,31,86.2,Below 100k,Mobile App,Active,Yes,0.3569,Medium,Secondary Verification (SMS/OTP),2.0.0-week3,2026-09-30T14:43:51.571607+00:00
FT-T003788,FT-C00573,2026-01-29 09:43:00,Cash Withdrawal,3471.5,Web,Android,Benin City,No,Successful,No,34,Male,Ibadan,Premium,Savings,69,87.7,Below 100k,Mobile App,Restricted,Yes,0.5051,Medium,Secondary Verification (SMS/OTP),2.0.0-week3,2026-09-30T14:43:51.571607+00:00
FT-T007630,FT-C00523,2026-02-27 05:20:00,Transfer,131974.25,Web,ATM Terminal,Kaduna,No,Successful,No,60,Male,Lagos,Everyday,Savings,16,77.6,500k-999k,Web,Active,Yes,0.576,Medium,Secondary Verification (SMS/OTP),2.0.0-week3,2026-09-30T14:43:51.571607+00:00
FT-T010908,FT-C00331,2026-03-23 19:25:00,Cash Withdrawal,1288.18,ATM,Android,Lagos,No,Successful,No,51,Male,Lagos,Everyday,Savings,65,71.6,1m+,Web,Active,Yes,0.4651,Medium,Secondary Verification (SMS/OTP),2.0.0-week3,2026-09-30T14:43:51.571607+00:00
FT-T004245,FT-C00035,2026-02-01 19:59:00,Cash Withdrawal,4597.02,Web,Android,Benin City,No,Successful,Yes,64,Female,Lagos,Premium,Premium,72,43.1,1m+,USSD,Active,Yes,0.4638,Medium,Secondary Verification (SMS/OTP),2.0.0-week3,2026-09-30T14:43:51.571607+00:00
FT-T006959,FT-C00552,2026-02-22 04:32:00,Transfer,709.24,ATM,POS Terminal,Kaduna,No,Successful,No,54,Female,Lagos,Student,Current,33,87.0,Below 100k,Web,Active,Yes,0.6073,Medium,Secondary Verification (SMS/OTP),2.0.0-week3,2026-09-30T14:43:51.571607+00:00
FT-T001043,FT-C01424,2026-01-08 19:34:00,Transfer,743.07,ATM,Android,Ibadan,No,Successful,Yes,37,Female,Lagos,Everyday,Current,29,80.5,100k-249k,Mobile App,Active,Yes,0.532,Medium,Secondary Verification (SMS/OTP),2.0.0-week3,2026-09-30T14:43:51.571607+00:00
FT-T003630,FT-C00648,2026-01-28 05:16:00,Deposit,301231.07,USSD,Web Browser,Kano,No,Reversed,No,61,Male,Enugu,Everyday,Savings,85,59.6,1m+,Web,Active,Yes,0.4774,Medium,Secondary Verification (SMS/OTP),2.0.0-week3,2026-09-30T14:43:51.571607+00:00
FT-T006726,FT-C01223,2026-02-20 10:36:00,Transfer,26048.12,Web,Web Browser,Lagos,No,Successful,No,60,Female,Lagos,Student,Savings,76,27.7,100k-249k,Mobile App,Restricted,Yes,0.4294,Medium,Secondary Verification (SMS/OTP),2.0.0-week3,2026-09-30T14:43:51.571607+00:00
FT-T002879,FT-C00221,2026-01-22 14:04:00,Deposit,16645.75,POS,Android,Kano,No,Successful,No,23,Female,Benin City,Everyday,Savings,83,68.9,250k-499k,Mobile App,Active,No,0.2869,Low,Auto-Approve,2.0.0-week3,2026-09-30T14:43:51.571607+00:00
FT-T006625,FT-C01412,2026-02-19 16:25:00,Transfer,92428.4,USSD,Android,Ibadan,No,Successful,Yes,53,Female,Enugu,Everyday,Savings,62,61.8,Below 100k,Web,Active,Yes,0.4534,Medium,Secondary Verification (SMS/OTP),2.0.0-week3,2026-09-30T14:43:51.571607+00:00
FT-T007573,FT-C00879,2026-02-26 19:04:00,Card Purchase,11989.06,Mobile App,iOS,Port Harcourt,No,Successful,No,26,Male,Enugu,Student,Savings,95,64.5,Below 100k,Web,Active,No,0.3154,Medium,Secondary Verification (SMS/OTP),2.0.0-week3,2026-09-30T14:43:51.571607+00:00
FT-T011163,FT-C00693,2026-03-25 17:19:00,Card Purchase,102004.7,Mobile App,Web Browser,Abuja,No,Successful,Yes,20,Male,Kano,Everyday,Savings,52,49.5,100k-249k,Web,Dormant,No,0.3427,Medium,Secondary Verification (SMS/OTP),2.0.0-week3,2026-09-30T14:43:51.571607+00:00
FT-T000251,FT-C00563,2026-01-02 21:00:00,Transfer,128636.26,Mobile App,Android,Abuja,No,Successful,No,40,Male,Ibadan,Everyday,Current,90,72.8,1m+,Mobile App,Active,Yes,0.4331,Medium,Secondary Verification (SMS/OTP),2.0.0-week3,2026-09-30T14:43:51.571607+00:00
FT-T008899,FT-C01150,2026-03-08 17:46:00,Cash Withdrawal,13470.27,Mobile App,iOS,Port Harcourt,No,Successful,No,40,Male,Enugu,Everyday,Current,5,59.0,250k-499k,Mobile App,Active,Yes,0.5119,Medium,Secondary Verification (SMS/OTP),2.0.0-week3,2026-09-30T14:43:51.571607+00:00
FT-T007759,FT-C00314,2026-02-28 04:33:00,Airtime/Data,331.73,POS,Android,Abuja,No,Successful,No,25,Female,Port Harcourt,Everyday,Current,58,64.7,250k-499k,Web,Active,No,0.3473,Medium,Secondary Verification (SMS/OTP),2.0.0-week3,2026-09-30T14:43:51.571607+00:00
FT-T008802,FT-C01347,2026-03-08 00:18:00,Transfer,541.12,POS,Android,Kaduna,No,Successful,Yes,49,Female,Lagos,SME,Savings,49,72.8,250k-499k,Web,Active,Yes,0.4691,Medium,Secondary Verification (SMS/OTP),2.0.0-week3,2026-09-30T14:43:51.571607+00:00
FT-T011622,FT-C01203,2026-03-29 03:57:00,Airtime/Data,12802.46,Mobile App,Android,Kano,No,Successful,No,42,Male,Lagos,Premium,Savings,44,56.1,Below 100k,Mobile App,Active,Yes,0.3923,Medium,Secondary Verification (SMS/OTP),2.0.0-week3,2026-09-30T14:43:51.571607+00:00
FT-T009456,FT-C01098,2026-03-12 22:02:00,Bill Payment,676.44,Mobile App,iOS,Kaduna,No,Successful,No,64,Female,Lagos,Everyday,Current,95,52.7,250k-499k,Mobile App,Active,No,0.2353,Low,Auto-Approve,2.0.0-week3,2026-09-30T14:43:51.571607+00:00
FT-T000008,FT-C00805,2026-01-01 01:15:00,Card Purchase,6702.14,Web,Android,Kaduna,No,Successful,No,19,Female,Lagos,Everyday,Premium,86,85.7,1m+,Mobile App,Dormant,Yes,0.4243,Medium,Secondary Verification (SMS/OTP),2.0.0-week3,2026-09-30T14:43:51.571607+00:00
FT-T009303,FT-C00347,2026-03-11 18:29:00,Transfer,4062.4,ATM,Web Browser,Benin City,No,Failed,No,46,Male,Enugu,Everyday,Savings,9,64.5,Below 100k,USSD,Active,Yes,0.4646,Medium,Secondary Verification (SMS/OTP),2.0.0-week3,2026-09-30T14:43:51.571607+00:00
FT-T000840,FT-C00450,2026-01-07 07:01:00,Transfer,2954.36,Web,iOS,Port Harcourt,No,Successful,No,18,Male,Enugu,Everyday,Savings,17,68.7,250k-499k,Web,Active,Yes,0.5681,Medium,Secondary Verification (SMS/OTP),2.0.0-week3,2026-09-30T14:43:51.571607+00:00
FT-T000655,FT-C00559,2026-01-05 21:43:00,Bill Payment,715.03,Mobile App,Android,Ibadan,No,Successful,No,35,Female,Kano,SME,Savings,53,56.9,100k-249k,Mobile App,Active,No,0.321,Medium,Secondary Verification (SMS/OTP),2.0.0-week3,2026-09-30T14:43:51.571607+00:00
FT-T004007,FT-C00685,2026-01-31 01:08:00,Cash Withdrawal,83502.98,Web,Android,Ibadan,No,Successful,Yes,37,Male,Lagos,SME,Current,10,60.7,250k-499k,Mobile App,Active,Yes,0.5631,Medium,Secondary Verification (SMS/OTP),2.0.0-week3,2026-09-30T14:43:51.571607+00:00
FT-T003246,FT-C00726,2026-01-25 08:08:00,Transfer,509.84,Web,Web Browser,Abuja,No,Successful,No,63,Female,Lagos,Everyday,Savings,33,58.5,Below 100k,Mobile App,Active,Yes,0.4835,Medium,Secondary Verification (SMS/OTP),2.0.0-week3,2026-09-30T14:43:51.571607+00:00
FT-T004413,FT-C00262,2026-02-03 02:13:00,Transfer,1387.12,Mobile App,Web Browser,Abuja,No,Reversed,No,47,Male,Ibadan,Everyday,Premium,10,54.9,250k-499k,Web,Active,Yes,0.5119,Medium,Secondary Verification (SMS/OTP),2.0.0-week3,2026-09-30T14:43:51.571607+00:00
FT-T003364,FT-C00803,2026-01-26 05:23:00,Transfer,118264.77,USSD,Android,Benin City,Yes,Successful,No,38,Male,Ibadan,Student,Savings,45,50.4,100k-249k,USSD,Active,Yes,0.5977,Medium,Secondary Verification (SMS/OTP),2.0.0-week3,2026-09-30T14:43:51.571607+00:00
FT-T002027,FT-C01265,2026-01-16 04:42:00,Transfer,23211.08,Mobile App,Android,Lagos,No,Successful,No,20,Male,Lagos,Everyday,Savings,60,61.8,Below 100k,Mobile App,Active,Yes,0.5979,Medium,Secondary Verification (SMS/OTP),2.0.0-week3,2026-09-30T14:43:51.571607+00:00
FT-T000637,FT-C00508,2026-01-05 18:29:00,Cash Withdrawal,108530.06,ATM,POS Terminal,Kano,No,Successful,No,44,Male,Kano,Student,Premium,65,57.9,250k-499k,Web,Active,Yes,0.4332,Medium,Secondary Verification (SMS/OTP),2.0.0-week3,2026-09-30T14:43:51.571607+00:00
FT-T006667,FT-C00388,2026-02-19 23:58:00,Airtime/Data,1387.72,Mobile App,POS Terminal,Kaduna,No,Successful,No,46,Female,Lagos,Everyday,Premium,30,52.9,1m+,Mobile App,Active,No,0.3218,Medium,Secondary Verification (SMS/OTP),2.0.0-week3,2026-09-30T14:43:51.571607+00:00
FT-T001029,FT-C01193,2026-01-08 17:03:00,Transfer,314696.22,Mobile App,ATM Terminal,Lagos,No,Successful,No,57,Male,Lagos,Everyday,Current,41,67.3,500k-999k,Mobile App,Dormant,Yes,0.5044,Medium,Secondary Verification (SMS/OTP),2.0.0-week3,2026-09-30T14:43:51.571607+00:00
FT-T010719,FT-C00445,2026-03-22 09:24:00,Deposit,147882.68,POS,Android,Abuja,No,Successful,No,43,Male,Port Harcourt,Premium,Savings,88,64.1,250k-499k,Mobile App,Active,No,0.3196,Medium,Secondary Verification (SMS/OTP),2.0.0-week3,2026-09-30T14:43:51.571607+00:00
FT-T002066,FT-C01438,2026-01-16 11:43:00,Transfer,1716.01,Mobile App,ATM Terminal,Benin City,No,Successful,No,34,Female,Benin City,Everyday,Premium,41,73.2,250k-499k,Mobile App,Active,Yes,0.5462,Medium,Secondary Verification (SMS/OTP),2.0.0-week3,2026-09-30T14:43:51.571607+00:00
FT-T004485,FT-C00505,2026-02-03 15:11:00,Card Purchase,108293.59,Mobile App,Android,Kano,No,Successful,No,19,Male,Kano,Everyday,Savings,58,65.0,Below 100k,Mobile App,Active,No,0.2712,Low,Auto-Approve,2.0.0-week3,2026-09-30T14:43:51.571607+00:00
FT-T000839,FT-C00207,2026-01-07 06:51:00,Bill Payment,83642.02,Mobile App,iOS,Enugu,No,Failed,No,34,Male,Lagos,Student,Savings,56,65.5,250k-499k,Mobile App,Active,Yes,0.4165,Medium,Secondary Verification (SMS/OTP),2.0.0-week3,2026-09-30T14:43:51.571607+00:00
FT-T011074,FT-C00588,2026-03-25 01:18:00,Cash Withdrawal,21992.07,ATM,iOS,Enugu,No,Successful,No,31,Male,Kano,SME,Savings,1,60.2,100k-249k,Mobile App,Active,Yes,0.4904,Medium,Secondary Verification (SMS/OTP),2.0.0-week3,2026-09-30T14:43:51.571607+00:00
FT-T003741,FT-C00870,2026-01-29 01:15:00,Airtime/Data,2448.73,POS,POS Terminal,Benin City,No,Successful,No,58,Female,Kano,Everyday,Savings,8,76.5,100k-249k,Mobile App,Active,Yes,0.5535,Medium,Secondary Verification (SMS/OTP),2.0.0-week3,2026-09-30T14:43:51.571607+00:00
FT-T010878,FT-C00393,2026-03-23 14:01:00,Transfer,111531.89,POS,POS Terminal,Benin City,No,Successful,No,41,Male,Abuja,Premium,Premium,49,77.1,250k-499k,USSD,Active,Yes,0.5079,Medium,Secondary Verification (SMS/OTP),2.0.0-week3,2026-09-30T14:43:51.571607+00:00
FT-T008209,FT-C00229,2026-03-03 13:33:00,Bill Payment,599.83,POS,ATM Terminal,Ibadan,No,Successful,Yes,51,Male,Benin City,Everyday,Savings,68,51.2,Below 100k,Mobile App,Active,Yes,0.3508,Medium,Secondary Verification (SMS/OTP),2.0.0-week3,2026-09-30T14:43:51.571607+00:00
FT-T006052,FT-C00574,2026-02-15 09:16:00,Card Purchase,697.04,Web,ATM Terminal,Enugu,No,Successful,No,37,Female,Port Harcourt,Everyday,Current,59,58.6,250k-499k,USSD,Active,No,0.3097,Medium,Secondary Verification (SMS/OTP),2.0.0-week3,2026-09-30T14:43:51.571607+00:00
FT-T011399,FT-C00590,2026-03-27 11:48:00,Card Purchase,1577.03,Web,iOS,Abuja,No,Successful,No,36,Female,Ibadan,Student,Savings,83,66.9,250k-499k,USSD,Active,No,0.2969,Low,Auto-Approve,2.0.0-week3,2026-09-30T14:43:51.571607+00:00
FT-T009850,FT-C01109,2026-03-15 20:58:00,Bill Payment,4340.48,ATM,Web Browser,Lagos,No,Failed,No,44,Female,Port Harcourt,SME,Premium,36,85.6,100k-249k,USSD,Active,Yes,0.4387,Medium,Secondary Verification (SMS/OTP),2.0.0-week3,2026-09-30T14:43:51.571607+00:00
FT-T006191,FT-C00315,2026-02-16 10:17:00,Airtime/Data,1184.38,Mobile App,Android,Abuja,No,Successful,Yes,24,Female,Abuja,Student,Savings,89,69.1,500k-999k,USSD,Dormant,No,0.326,Medium,Secondary Verification (SMS/OTP),2.0.0-week3,2026-09-30T14:43:51.571607+00:00
FT-T002959,FT-C00541,2026-01-23 04:29:00,Bill Payment,40996.34,Mobile App,Web Browser,Kano,No,Successful,No,58,Male,Port Harcourt,Everyday,Premium,82,51.0,250k-499k,Mobile App,Active,Yes,0.3882,Medium,Secondary Verification (SMS/OTP),2.0.0-week3,2026-09-30T14:43:51.571607+00:00
FT-T004243,FT-C00108,2026-02-01 19:37:00,Transfer,7855.65,Mobile App,Android,Benin City,No,Successful,Yes,52,Male,Ibadan,SME,Current,93,55.7,100k-249k,Mobile App,Active,Yes,0.424,Medium,Secondary Verification (SMS/OTP),2.0.0-week3,2026-09-30T14:43:51.571607+00:00
FT-T000233,FT-C00399,2026-01-02 17:45:00,Card Purchase,13834.7,ATM,POS Terminal,Lagos,No,Successful,Yes,18,Male,Lagos,Premium,Premium,88,50.0,250k-499k,Mobile App,Active,No,0.2836,Low,Auto-Approve,2.0.0-week3,2026-09-30T14:43:51.571607+00:00
FT-T005807,FT-C01488,2026-02-13 13:10:00,Transfer,218823.28,Web,Android,Abuja,No,Successful,No,34,Female,Lagos,Everyday,Savings,2,78.9,250k-499k,Mobile App,Active,Yes,0.6636,Medium,Secondary Verification (SMS/OTP),2.0.0-week3,2026-09-30T14:43:51.571607+00:00
FT-T007175,FT-C00332,2026-02-23 19:25:00,Airtime/Data,33583.39,Mobile App,POS Terminal,Benin City,No,Successful,No,38,Male,Benin City,Everyday,Savings,4,96.8,250k-499k,Mobile App,Active,No,0.3202,Medium,Secondary Verification (SMS/OTP),2.0.0-week3,2026-09-30T14:43:51.571607+00:00
FT-T001197,FT-C01304,2026-01-09 23:17:00,Cash Withdrawal,6286.95,Mobile App,Web Browser,Kaduna,No,Successful,No,48,Male,Enugu,Student,Savings,88,88.2,500k-999k,Web,Active,Yes,0.3929,Medium,Secondary Verification (SMS/OTP),2.0.0-week3,2026-09-30T14:43:51.571607+00:00
FT-T006969,FT-C01383,2026-02-22 06:20:00,Bill Payment,1100.7,Mobile App,Android,Kano,No,Successful,No,59,Male,Lagos,Everyday,Savings,23,67.4,1m+,Mobile App,Active,No,0.3301,Medium,Secondary Verification (SMS/OTP),2.0.0-week3,2026-09-30T14:43:51.571607+00:00
FT-T003170,FT-C00988,2026-01-24 18:28:00,Cash Withdrawal,23246.54,Mobile App,POS Terminal,Enugu,No,Successful,No,19,Male,Abuja,Student,Premium,36,69.6,1m+,Mobile App,Active,Yes,0.5044,Medium,Secondary Verification (SMS/OTP),2.0.0-week3,2026-09-30T14:43:51.571607+00:00
FT-T006414,FT-C01323,2026-02-18 02:26:00,Transfer,86137.97,Mobile App,Android,Enugu,No,Successful,No,37,Male,Lagos,Everyday,Savings,35,37.3,Below 100k,Mobile App,Active,Yes,0.5962,Medium,Secondary Verification (SMS/OTP),2.0.0-week3,2026-09-30T14:43:51.571607+00:00
FT-T004649,FT-C00635,2026-02-04 20:42:00,Card Purchase,17587.61,Mobile App,Android,Abuja,No,Successful,No,65,Female,Port Harcourt,Everyday,Current,14,66.0,250k-499k,Web,Dormant,No,0.283,Low,Auto-Approve,2.0.0-week3,2026-09-30T14:43:51.571607+00:00
FT-T006288,FT-C00577,2026-02-17 03:45:00,Cash Withdrawal,3230.14,POS,Web Browser,Kano,No,Successful,No,39,Female,Enugu,SME,Current,58,38.9,100k-249k,Mobile App,Restricted,Yes,0.5534,Medium,Secondary Verification (SMS/OTP),2.0.0-week3,2026-09-30T14:43:51.571607+00:00
FT-T011948,FT-C00518,2026-03-31 14:38:00,Card Purchase,6494.49,Mobile App,Android,Port Harcourt,No,Successful,No,20,Male,Port Harcourt,Student,Savings,9,77.4,250k-499k,Mobile App,Active,No,0.2857,Low,Auto-Approve,2.0.0-week3,2026-09-30T14:43:51.571607+00:00
FT-T005119,FT-C00657,2026-02-08 09:18:00,Deposit,360200.62,Mobile App,Web Browser,Lagos,No,Successful,No,30,Male,Benin City,Student,Savings,65,30.5,250k-499k,USSD,Restricted,Yes,0.4919,Medium,Secondary Verification (SMS/OTP),2.0.0-week3,2026-09-30T14:43:51.571607+00:00
FT-T006033,FT-C00448,2026-02-15 05:51:00,Transfer,37617.79,Mobile App,POS Terminal,Port Harcourt,No,Successful,No,29,Female,Port Harcourt,Everyday,Savings,86,71.2,100k-249k,USSD,Active,Yes,0.5759,Medium,Secondary Verification (SMS/OTP),2.0.0-week3,2026-09-30T14:43:51.571607+00:00
FT-T010113,FT-C00941,2026-03-17 20:18:00,Deposit,17152.91,POS,Android,Kaduna,No,Successful,No,64,Male,Lagos,Everyday,Current,61,68.9,Below 100k,Mobile App,Active,No,0.3171,Medium,Secondary Verification (SMS/OTP),2.0.0-week3,2026-09-30T14:43:51.571607+00:00
FT-T010374,FT-C01127,2026-03-19 19:17:00,Transfer,7536.75,USSD,Android,Lagos,No,Successful,No,25,Male,Abuja,SME,Savings,48,64.3,100k-249k,USSD,Active,Yes,0.5183,Medium,Secondary Verification (SMS/OTP),2.0.0-week3,2026-09-30T14:43:51.571607+00:00
FT-T011260,FT-C01413,2026-03-26 10:47:00,Transfer,6963.5,USSD,Android,Kaduna,No,Successful,No,56,Prefer not to say,Kano,Everyday,Savings,71,86.9,100k-249k,Mobile App,Dormant,Yes,0.4984,Medium,Secondary Verification (SMS/OTP),2.0.0-week3,2026-09-30T14:43:51.571607+00:00
FT-T004638,FT-C01061,2026-02-04 18:43:00,Airtime/Data,2761.0,Mobile App,iOS,Benin City,Yes,Successful,No,22,Female,Lagos,Everyday,Savings,1,70.4,500k-999k,USSD,Dormant,Yes,0.4132,Medium,Secondary Verification (SMS/OTP),2.0.0-week3,2026-09-30T14:43:51.571607+00:00
FT-T006750,FT-C01268,2026-02-20 14:55:00,Airtime/Data,7160.18,USSD,Android,Enugu,Yes,Successful,No,27,Female,Enugu,Student,Savings,37,72.4,100k-249k,Mobile App,Active,Yes,0.5817,Medium,Secondary Verification (SMS/OTP),2.0.0-week3,2026-09-30T14:43:51.571607+00:00
FT-T002152,FT-C00303,2026-01-17 03:12:00,Card Purchase,2378.58,ATM,iOS,Port Harcourt,No,Successful,No,52,Male,Benin City,Everyday,Savings,33,93.2,100k-249k,Mobile App,Active,Yes,0.4921,Medium,Secondary Verification (SMS/OTP),2.0.0-week3,2026-09-30T14:43:51.571607+00:00
FT-T002458,FT-C01273,2026-01-19 10:17:00,Card Purchase,24998.4,USSD,ATM Terminal,Ibadan,No,Successful,No,40,Male,Lagos,Everyday,Premium,80,77.3,100k-249k,Mobile App,Active,No,0.2768,Low,Auto-Approve,2.0.0-week3,2026-09-30T14:43:51.571607+00:00
FT-T000496,FT-C01346,2026-01-04 17:06:00,Transfer,200350.08,Mobile App,Android,Port Harcourt,No,Failed,No,40,Male,Lagos,Everyday,Savings,1,56.2,250k-499k,Web,Active,Yes,0.6041,Medium,Secondary Verification (SMS/OTP),2.0.0-week3,2026-09-30T14:43:51.571607+00:00
FT-T006694,FT-C00612,2026-02-20 04:50:00,Transfer,405558.09,ATM,Android,Enugu,No,Successful,No,28,Female,Port Harcourt,Everyday,Current,74,75.5,100k-249k,Web,Dormant,Yes,0.6656,Medium,Secondary Verification (SMS/OTP),2.0.0-week3,2026-09-30T14:43:51.571607+00:00
FT-T001660,FT-C01122,2026-01-13 10:38:00,Transfer,76790.49,POS,iOS,Lagos,No,Successful,Yes,53,Male,Ibadan,Premium,Savings,18,51.2,100k-249k,Mobile App,Active,Yes,0.499,Medium,Secondary Verification (SMS/OTP),2.0.0-week3,2026-09-30T14:43:51.571607+00:00
FT-T009531,FT-C00196,2026-03-13 11:32:00,Cash Withdrawal,30570.46,Mobile App,iOS,Enugu,No,Successful,No,41,Male,Port Harcourt,Premium,Savings,6,82.6,250k-499k,USSD,Active,Yes,0.4122,Medium,Secondary Verification (SMS/OTP),2.0.0-week3,2026-09-30T14:43:51.571607+00:00
FT-T005451,FT-C01410,2026-02-10 21:04:00,Card Purchase,62862.97,ATM,Android,Benin City,No,Successful,No,57,Male,Abuja,Premium,Savings,94,62.3,250k-499k,Web,Active,No,0.2787,Low,Auto-Approve,2.0.0-week3,2026-09-30T14:43:51.571607+00:00
FT-T000658,FT-C01113,2026-01-05 22:16:00,Airtime/Data,104.95,ATM,Android,Kaduna,No,Successful,No,19,Female,Kaduna,Student,Current,92,32.3,250k-499k,Web,Active,No,0.3119,Medium,Secondary Verification (SMS/OTP),2.0.0-week3,2026-09-30T14:43:51.571607+00:00
FT-T002236,FT-C01015,2026-01-17 18:20:00,Airtime/Data,1369.2,Mobile App,ATM Terminal,Ibadan,No,Successful,Yes,50,Female,Lagos,Everyday,Current,19,61.7,100k-249k,Mobile App,Active,Yes,0.3545,Medium,Secondary Verification (SMS/OTP),2.0.0-week3,2026-09-30T14:43:51.571607+00:00
FT-T002157,FT-C00518,2026-01-17 04:06:00,Cash Withdrawal,71419.64,POS,ATM Terminal,Ibadan,No,Successful,Yes,20,Male,Port Harcourt,Student,Savings,9,77.4,250k-499k,Mobile App,Active,Yes,0.5004,Medium,Secondary Verification (SMS/OTP),2.0.0-week3,2026-09-30T14:43:51.571607+00:00
FT-T011306,FT-C01064,2026-03-26 19:04:00,Bill Payment,7629.33,Mobile App,Web Browser,Benin City,No,Successful,No,43,Female,Port Harcourt,SME,Savings,22,72.9,Below 100k,Mobile App,Active,Yes,0.3555,Medium,Secondary Verification (SMS/OTP),2.0.0-week3,2026-09-30T14:43:51.571607+00:00
FT-T006708,FT-C00765,2026-02-20 07:21:00,Bill Payment,503.71,Mobile App,iOS,Port Harcourt,No,Successful,No,40,Female,Lagos,Student,Savings,19,93.0,Below 100k,Mobile App,Active,Yes,0.3803,Medium,Secondary Verification (SMS/OTP),2.0.0-week3,2026-09-30T14:43:51.571607+00:00
FT-T000472,FT-C00355,2026-01-04 12:47:00,Transfer,6394.99,Mobile App,Android,Ibadan,No,Failed,No,63,Male,Lagos,Premium,Savings,56,53.4,1m+,Web,Active,Yes,0.5315,Medium,Secondary Verification (SMS/OTP),2.0.0-week3,2026-09-30T14:43:51.571607+00:00
FT-T003384,FT-C01309,2026-01-26 08:59:00,Transfer,22618.17,Mobile App,Android,Benin City,No,Reversed,No,24,Male,Kano,SME,Savings,16,66.7,100k-249k,USSD,Active,Yes,0.5386,Medium,Secondary Verification (SMS/OTP),2.0.0-week3,2026-09-30T14:43:51.571607+00:00
FT-T005245,FT-C00735,2026-02-09 07:59:00,Card Purchase,2781.22,Mobile App,POS Terminal,Port Harcourt,No,Successful,No,47,Female,Kano,Everyday,Premium,33,39.9,Below 100k,Mobile App,Active,No,0.3492,Medium,Secondary Verification (SMS/OTP),2.0.0-week3,2026-09-30T14:43:51.571607+00:00
FT-T005739,FT-C00735,2026-02-13 00:55:00,Airtime/Data,13940.55,ATM,Android,Ibadan,No,Successful,No,47,Female,Kano,Everyday,Premium,33,39.9,Below 100k,Mobile App,Active,Yes,0.518,Medium,Secondary Verification (SMS/OTP),2.0.0-week3,2026-09-30T14:43:51.571607+00:00
FT-T008585,FT-C01487,2026-03-06 09:14:00,Transfer,573.59,Mobile App,iOS,Abuja,No,Successful,Yes,24,Female,Port Harcourt,Everyday,Savings,20,49.4,250k-499k,Mobile App,Active,Yes,0.5499,Medium,Secondary Verification (SMS/OTP),2.0.0-week3,2026-09-30T14:43:51.571607+00:00
FT-T002025,FT-C00704,2026-01-16 04:21:00,Card Purchase,66864.77,Web,POS Terminal,Enugu,No,Successful,No,41,Female,Ibadan,Everyday,Savings,60,40.3,250k-499k,Mobile App,Active,Yes,0.5277,Medium,Secondary Verification (SMS/OTP),2.0.0-week3,2026-09-30T14:43:51.571607+00:00
FT-T007784,FT-C01039,2026-02-28 09:03:00,Bill Payment,33794.83,Mobile App,Android,Kaduna,No,Successful,No,22,Female,Lagos,Everyday,Savings,95,78.2,500k-999k,Mobile App,Active,No,0.3234,Medium,Secondary Verification (SMS/OTP),2.0.0-week3,2026-09-30T14:43:51.571607+00:00
FT-T006287,FT-C01169,2026-02-17 03:34:00,Airtime/Data,4316.07,Mobile App,Android,Lagos,No,Successful,No,21,Female,Lagos,SME,Savings,46,97.4,250k-499k,Mobile App,Active,Yes,0.5359,Medium,Secondary Verification (SMS/OTP),2.0.0-week3,2026-09-30T14:43:51.571607+00:00
FT-T001260,FT-C00670,2026-01-10 10:38:00,Card Purchase,2588.46,POS,Web Browser,Lagos,No,Successful,No,55,Male,Ibadan,Everyday,Savings,55,80.5,250k-499k,Mobile App,Active,No,0.3046,Medium,Secondary Verification (SMS/OTP),2.0.0-week3,2026-09-30T14:43:51.571607+00:00
FT-T000878,FT-C00712,2026-01-07 13:52:00,Deposit,9616.33,Web,ATM Terminal,Port Harcourt,No,Successful,No,45,Female,Lagos,Everyday,Savings,60,47.5,100k-249k,Mobile App,Active,No,0.3113,Medium,Secondary Verification (SMS/OTP),2.0.0-week3,2026-09-30T14:43:51.571607+00:00
FT-T008797,FT-C01355,2026-03-07 23:24:00,Card Purchase,37128.12,Mobile App,Android,Lagos,No,Successful,No,42,Female,Lagos,Student,Current,71,53.2,100k-249k,Mobile App,Active,No,0.2797,Low,Auto-Approve,2.0.0-week3,2026-09-30T14:43:51.571607+00:00
FT-T010227,FT-C01427,2026-03-18 16:49:00,Cash Withdrawal,35308.88,ATM,Android,Port Harcourt,No,Successful,No,60,Female,Benin City,Student,Savings,26,55.3,250k-499k,USSD,Active,Yes,0.4767,Medium,Secondary Verification (SMS/OTP),2.0.0-week3,2026-09-30T14:43:51.571607+00:00
FT-T005756,FT-C01290,2026-02-13 03:59:00,Deposit,355645.73,USSD,iOS,Kaduna,No,Successful,No,25,Female,Port Harcourt,SME,Current,3,88.3,1m+,Mobile App,Active,Yes,0.4278,Medium,Secondary Verification (SMS/OTP),2.0.0-week3,2026-09-30T14:43:51.571607+00:00
FT-T011035,FT-C00048,2026-03-24 18:17:00,Airtime/Data,8393.01,Mobile App,Android,Benin City,No,Successful,No,43,Male,Lagos,SME,Savings,90,75.2,1m+,Mobile App,Active,No,0.3468,Medium,Secondary Verification (SMS/OTP),2.0.0-week3,2026-09-30T14:43:51.571607+00:00
FT-T009240,FT-C01085,2026-03-11 07:09:00,Card Purchase,1263.21,Mobile App,Android,Kaduna,No,Successful,No,64,Female,Port Harcourt,SME,Current,95,40.7,100k-249k,Mobile App,Active,No,0.2407,Low,Auto-Approve,2.0.0-week3,2026-09-30T14:43:51.571607+00:00
FT-T002778,FT-C00878,2026-01-21 19:54:00,Card Purchase,1000.91,Mobile App,Android,Lagos,No,Successful,No,44,Male,Benin City,Everyday,Current,50,70.5,500k-999k,Web,Active,No,0.1934,Low,Auto-Approve,2.0.0-week3,2026-09-30T14:43:51.571607+00:00
FT-T002204,FT-C01005,2026-01-17 12:34:00,Card Purchase,2487.36,Mobile App,POS Terminal,Enugu,Yes,Successful,Yes,18,Female,Lagos,Everyday,Savings,82,79.7,500k-999k,Web,Active,Yes,0.4416,Medium,Secondary Verification (SMS/OTP),2.0.0-week3,2026-09-30T14:43:51.571607+00:00
FT-T003064,FT-C01269,2026-01-23 23:23:00,Card Purchase,4901.54,POS,Android,Benin City,No,Successful,No,36,Male,Kano,Everyday,Savings,66,65.8,100k-249k,Web,Active,No,0.2644,Low,Auto-Approve,2.0.0-week3,2026-09-30T14:43:51.571607+00:00
FT-T004085,FT-C01340,2026-01-31 15:10:00,Deposit,252364.27,Web,iOS,Lagos,No,Successful,No,61,Female,Kaduna,Everyday,Savings,38,46.8,500k-999k,Mobile App,Active,Yes,0.4534,Medium,Secondary Verification (SMS/OTP),2.0.0-week3,2026-09-30T14:43:51.571607+00:00
FT-T004886,FT-C00034,2026-02-06 15:22:00,Bill Payment,1798.91,Mobile App,Web Browser,Kano,No,Successful,No,32,Female,Ibadan,Premium,Premium,59,59.1,250k-499k,Web,Active,No,0.3394,Medium,Secondary Verification (SMS/OTP),2.0.0-week3,2026-09-30T14:43:51.571607+00:00
FT-T009014,FT-C00046,2026-03-09 14:28:00,Bill Payment,4837.06,Mobile App,Android,Benin City,No,Successful,No,31,Male,Lagos,Everyday,Savings,14,51.0,1m+,Mobile App,Active,No,0.2963,Low,Auto-Approve,2.0.0-week3,2026-09-30T14:43:51.571607+00:00
FT-T004010,FT-C01430,2026-01-31 01:40:00,Airtime/Data,771.43,Mobile App,iOS,Kano,No,Successful,Yes,60,Female,Lagos,Student,Savings,94,98.0,250k-499k,Mobile App,Dormant,Yes,0.568,Medium,Secondary Verification (SMS/OTP),2.0.0-week3,2026-09-30T14:43:51.571607+00:00
FT-T007396,FT-C00298,2026-02-25 11:12:00,Cash Withdrawal,5248.59,USSD,POS Terminal,Ibadan,No,Successful,No,46,Female,Benin City,Everyday,Savings,4,55.5,250k-499k,USSD,Active,Yes,0.4357,Medium,Secondary Verification (SMS/OTP),2.0.0-week3,2026-09-30T14:43:51.571607+00:00
FT-T005565,FT-C00978,2026-02-11 17:36:00,Transfer,5210.78,Mobile App,Android,Kano,No,Failed,No,23,Female,Lagos,Premium,Premium,16,96.9,1m+,Mobile App,Active,Yes,0.4995,Medium,Secondary Verification (SMS/OTP),2.0.0-week3,2026-09-30T14:43:51.571607+00:00
FT-T005566,FT-C00903,2026-02-11 17:47:00,Cash Withdrawal,8148.55,ATM,POS Terminal,Benin City,No,Successful,No,62,Male,Kaduna,Everyday,Savings,89,70.6,100k-249k,Web,Active,Yes,0.4842,Medium,Secondary Verification (SMS/OTP),2.0.0-week3,2026-09-30T14:43:51.571607+00:00
FT-T011151,FT-C01132,2026-03-25 15:10:00,Transfer,1809.15,USSD,Android,Kano,No,Successful,No,29,Female,Lagos,Premium,Savings,57,73.0,500k-999k,Web,Active,Yes,0.5096,Medium,Secondary Verification (SMS/OTP),2.0.0-week3,2026-09-30T14:43:51.571607+00:00
FT-T009799,FT-C01318,2026-03-15 11:47:00,Cash Withdrawal,3651.47,Mobile App,Web Browser,Ibadan,No,Successful,No,35,Female,Kaduna,Student,Current,9,58.9,500k-999k,Mobile App,Active,Yes,0.4653,Medium,Secondary Verification (SMS/OTP),2.0.0-week3,2026-09-30T14:43:51.571607+00:00
FT-T002589,FT-C00946,2026-01-20 09:52:00,Transfer,298652.32,ATM,ATM Terminal,Port Harcourt,No,Successful,No,57,Male,Lagos,Student,Current,73,64.0,500k-999k,Mobile App,Active,Yes,0.6669,Medium,Secondary Verification (SMS/OTP),2.0.0-week3,2026-09-30T14:43:51.571607+00:00
FT-T006354,FT-C00846,2026-02-17 15:38:00,Transfer,413629.15,Mobile App,Android,Kaduna,No,Successful,Yes,28,Female,Lagos,Premium,Premium,73,97.2,1m+,Mobile App,Active,Yes,0.6593,Medium,Secondary Verification (SMS/OTP),2.0.0-week3,2026-09-30T14:43:51.571607+00:00
FT-T007804,FT-C00255,2026-02-28 12:39:00,Card Purchase,664.95,Mobile App,Android,Port Harcourt,No,Successful,No,57,Female,Abuja,Everyday,Premium,15,94.2,250k-499k,Mobile App,Active,No,0.2714,Low,Auto-Approve,2.0.0-week3,2026-09-30T14:43:51.571607+00:00
FT-T009908,FT-C00145,2026-03-16 07:24:00,Bill Payment,16842.04,Mobile App,Android,Kaduna,No,Successful,No,32,Female,Kano,Everyday,Current,86,93.4,250k-499k,Mobile App,Active,No,0.2602,Low,Auto-Approve,2.0.0-week3,2026-09-30T14:43:51.571607+00:00
FT-T007673,FT-C00740,2026-02-27 13:04:00,Card Purchase,1321.03,POS,iOS,Benin City,No,Successful,No,35,Female,Ibadan,Student,Savings,21,100.0,Below 100k,Web,Active,No,0.2562,Low,Auto-Approve,2.0.0-week3,2026-09-30T14:43:51.571607+00:00
FT-T010195,FT-C00464,2026-03-18 11:04:00,Card Purchase,105867.49,POS,Android,Enugu,No,Successful,No,20,Female,Lagos,Premium,Savings,12,68.2,100k-249k,Web,Active,No,0.2831,Low,Auto-Approve,2.0.0-week3,2026-09-30T14:43:51.571607+00:00
FT-T008736,FT-C00600,2026-03-07 12:25:00,Bill Payment,525.96,Web,Android,Kano,No,Pending,No,33,Male,Abuja,Everyday,Current,64,69.4,250k-499k,Mobile App,Active,No,0.3096,Medium,Secondary Verification (SMS/OTP),2.0.0-week3,2026-09-30T14:43:51.571607+00:00
FT-T001185,FT-C01178,2026-01-09 21:08:00,Transfer,623.11,Web,Android,Kano,No,Successful,Yes,31,Female,Lagos,SME,Savings,60,64.6,100k-249k,Mobile App,Active,Yes,0.5165,Medium,Secondary Verification (SMS/OTP),2.0.0-week3,2026-09-30T14:43:51.571607+00:00
FT-T007043,FT-C00451,2026-02-22 19:39:00,Airtime/Data,3089.98,ATM,Android,Kaduna,No,Successful,No,64,Male,Lagos,Student,Premium,89,87.0,Below 100k,Mobile App,Active,No,0.3087,Medium,Secondary Verification (SMS/OTP),2.0.0-week3,2026-09-30T14:43:51.571607+00:00
FT-T011558,FT-C00539,2026-03-28 16:25:00,Airtime/Data,23562.53,Mobile App,Android,Benin City,No,Successful,No,43,Female,Abuja,Premium,Current,54,53.6,250k-499k,USSD,Active,No,0.3183,Medium,Secondary Verification (SMS/OTP),2.0.0-week3,2026-09-30T14:43:51.571607+00:00
FT-T009015,FT-C00346,2026-03-09 14:39:00,Airtime/Data,1489.37,POS,iOS,Kano,No,Successful,No,47,Female,Abuja,Student,Savings,13,23.7,100k-249k,Web,Active,Yes,0.3622,Medium,Secondary Verification (SMS/OTP),2.0.0-week3,2026-09-30T14:43:51.571607+00:00
FT-T000164,FT-C01268,2026-01-02 05:20:00,Deposit,1348.04,Web,Android,Kaduna,No,Successful,No,27,Female,Enugu,Student,Savings,37,72.4,100k-249k,Mobile App,Active,Yes,0.5095,Medium,Secondary Verification (SMS/OTP),2.0.0-week3,2026-09-30T14:43:51.571607+00:00
FT-T008015,FT-C01382,2026-03-02 02:38:00,Deposit,1546.26,Mobile App,Web Browser,Lagos,No,Successful,No,40,Male,Port Harcourt,Student,Savings,24,55.1,500k-999k,Mobile App,Active,Yes,0.4504,Medium,Secondary Verification (SMS/OTP),2.0.0-week3,2026-09-30T14:43:51.571607+00:00
FT-T009200,FT-C00584,2026-03-10 23:57:00,Transfer,8203.15,ATM,POS Terminal,Kano,No,Successful,No,29,Female,Kaduna,Premium,Savings,68,71.0,500k-999k,Web,Active,Yes,0.5161,Medium,Secondary Verification (SMS/OTP),2.0.0-week3,2026-09-30T14:43:51.571607+00:00
FT-T006689,FT-C00982,2026-02-20 03:56:00,Cash Withdrawal,106647.73,Mobile App,POS Terminal,Port Harcourt,No,Successful,Yes,28,Female,Ibadan,Everyday,Savings,77,48.3,250k-499k,Mobile App,Dormant,Yes,0.4936,Medium,Secondary Verification (SMS/OTP),2.0.0-week3,2026-09-30T14:43:51.571607+00:00
FT-T004671,FT-C00367,2026-02-05 00:40:00,Transfer,42178.88,Mobile App,Android,,No,Successful,Yes,48,Male,Kano,SME,Savings,64,88.4,500k-999k,Mobile App,Active,Yes,0.6031,Medium,Secondary Verification (SMS/OTP),2.0.0-week3,2026-09-30T14:43:51.571607+00:00
FT-T007772,FT-C00601,2026-02-28 06:53:00,Card Purchase,6096.02,POS,Android,Ibadan,No,Successful,No,56,Male,Lagos,SME,Premium,79,86.6,Below 100k,Mobile App,Active,No,0.2842,Low,Auto-Approve,2.0.0-week3,2026-09-30T14:43:51.571607+00:00
FT-T004001,FT-C01324,2026-01-31 00:03:00,Transfer,1198.21,Mobile App,Web Browser,Ibadan,No,Successful,No,28,Male,Enugu,Premium,Savings,51,62.4,Below 100k,Mobile App,Dormant,Yes,0.564,Medium,Secondary Verification (SMS/OTP),2.0.0-week3,2026-09-30T14:43:51.571607+00:00
FT-T002219,FT-C00977,2026-01-17 15:16:00,Transfer,1596.57,ATM,iOS,Port Harcourt,No,Successful,No,48,Female,Enugu,Everyday,Current,10,90.0,100k-249k,Mobile App,Active,Yes,0.5035,Medium,Secondary Verification (SMS/OTP),2.0.0-week3,2026-09-30T14:43:51.571607+00:00
FT-T008116,FT-C01205,2026-03-02 20:49:00,Card Purchase,36679.16,USSD,Android,Kaduna,No,Successful,No,28,Female,Kano,Everyday,Premium,26,66.0,500k-999k,USSD,Active,No,0.2629,Low,Auto-Approve,2.0.0-week3,2026-09-30T14:43:51.571607+00:00
FT-T001998,FT-C01236,2026-01-15 23:29:00,Cash Withdrawal,1140.59,Web,Android,Abuja,No,Successful,No,24,Female,Benin City,SME,Savings,63,66.9,Below 100k,Mobile App,Active,Yes,0.495,Medium,Secondary Verification (SMS/OTP),2.0.0-week3,2026-09-30T14:43:51.571607+00:00
FT-T006045,FT-C00840,2026-02-15 08:00:00,Airtime/Data,438.71,ATM,Android,Port Harcourt,No,Successful,No,65,Male,Ibadan,Premium,Current,52,100.0,100k-249k,Mobile App,Active,No,0.2817,Low,Auto-Approve,2.0.0-week3,2026-09-30T14:43:51.571607+00:00
FT-T008282,FT-C01242,2026-03-04 02:42:00,Deposit,6433.48,USSD,iOS,Abuja,No,Successful,No,36,Female,Lagos,Everyday,Savings,64,86.6,100k-249k,Mobile App,Active,Yes,0.5046,Medium,Secondary Verification (SMS/OTP),2.0.0-week3,2026-09-30T14:43:51.571607+00:00
FT-T002714,FT-C00760,2026-01-21 08:22:00,Bill Payment,64316.62,ATM,Web Browser,Ibadan,No,Failed,No,22,Male,Abuja,Everyday,Savings,73,81.6,1m+,Mobile App,Active,Yes,0.4727,Medium,Secondary Verification (SMS/OTP),2.0.0-week3,2026-09-30T14:43:51.571607+00:00
FT-T004440,FT-C00385,2026-02-03 07:05:00,Cash Withdrawal,60274.77,Web,Android,Lagos,No,Successful,Yes,60,Male,Lagos,Everyday,Savings,92,47.5,1m+,Mobile App,Active,Yes,0.4817,Medium,Secondary Verification (SMS/OTP),2.0.0-week3,2026-09-30T14:43:51.571607+00:00
FT-T005228,FT-C00066,2026-02-09 04:56:00,Card Purchase,2206.0,Mobile App,Android,Lagos,No,Successful,No,21,Female,Lagos,Everyday,Savings,27,53.4,250k-499k,Web,Active,Yes,0.4227,Medium,Secondary Verification (SMS/OTP),2.0.0-week3,2026-09-30T14:43:51.571607+00:00
FT-T003958,FT-C00910,2026-01-30 16:19:00,Card Purchase,84384.28,Mobile App,POS Terminal,Benin City,No,Failed,No,63,Male,Ibadan,Student,Savings,3,73.8,100k-249k,Web,Active,Yes,0.4346,Medium,Secondary Verification (SMS/OTP),2.0.0-week3,2026-09-30T14:43:51.571607+00:00
FT-T006000,FT-C00749,2026-02-14 23:54:00,Card Purchase,18958.08,Mobile App,iOS,Ibadan,No,Reversed,No,30,Female,Ibadan,Everyday,Savings,65,82.9,500k-999k,USSD,Active,Yes,0.3805,Medium,Secondary Verification (SMS/OTP),2.0.0-week3,2026-09-30T14:43:51.571607+00:00
FT-T009683,FT-C00320,2026-03-14 14:54:00,Airtime/Data,799.36,USSD,Android,Ibadan,No,Successful,No,29,Female,Abuja,Everyday,Current,64,53.8,Below 100k,Mobile App,Active,No,0.3396,Medium,Secondary Verification (SMS/OTP),2.0.0-week3,2026-09-30T14:43:51.571607+00:00
FT-T006975,FT-C01297,2026-02-22 07:25:00,Transfer,17412.45,Web,iOS,Port Harcourt,No,Successful,No,63,Male,Benin City,SME,Current,4,57.2,Below 100k,Web,Dormant,Yes,0.4436,Medium,Secondary Verification (SMS/OTP),2.0.0-week3,2026-09-30T14:43:51.571607+00:00
FT-T009105,FT-C00475,2026-03-10 06:51:00,Card Purchase,315.8,Web,iOS,Lagos,No,Successful,No,47,Male,Lagos,SME,Savings,7,89.8,1m+,Web,Active,No,0.2576,Low,Auto-Approve,2.0.0-week3,2026-09-30T14:43:51.571607+00:00
FT-T011888,FT-C01064,2026-03-31 03:50:00,Card Purchase,27576.54,USSD,Web Browser,Abuja,No,Successful,Yes,43,Female,Port Harcourt,SME,Savings,22,72.9,Below 100k,Mobile App,Active,Yes,0.4695,Medium,Secondary Verification (SMS/OTP),2.0.0-week3,2026-09-30T14:43:51.571607+00:00
FT-T009403,FT-C00120,2026-03-12 12:30:00,Card Purchase,172440.59,ATM,Android,Enugu,No,Successful,No,50,Male,Kaduna,Premium,Savings,79,53.9,250k-499k,USSD,Active,Yes,0.5065,Medium,Secondary Verification (SMS/OTP),2.0.0-week3,2026-09-30T14:43:51.571607+00:00
FT-T006980,FT-C01330,2026-02-22 08:19:00,Transfer,202207.78,Web,POS Terminal,Abuja,No,Successful,Yes,37,Female,Lagos,Everyday,Current,65,100.0,250k-499k,Web,Active,Yes,0.6756,Medium,Secondary Verification (SMS/OTP),2.0.0-week3,2026-09-30T14:43:51.571607+00:00
FT-T010690,FT-C00563,2026-03-22 04:10:00,Transfer,2561.02,USSD,Android,Ibadan,No,Successful,No,40,Male,Ibadan,Everyday,Current,90,72.8,1m+,Mobile App,Active,Yes,0.6722,Medium,Secondary Verification (SMS/OTP),2.0.0-week3,2026-09-30T14:43:51.571607+00:00
FT-T006098,FT-C01354,2026-02-15 17:33:00,Transfer,65100.08,POS,POS Terminal,Benin City,No,Successful,No,62,Male,Kano,Everyday,Savings,93,90.8,500k-999k,Mobile App,Active,Yes,0.4165,Medium,Secondary Verification (SMS/OTP),2.0.0-week3,2026-09-30T14:43:51.571607+00:00
FT-T006675,FT-C01078,2026-02-20 01:25:00,Deposit,347965.36,POS,Android,Enugu,No,Successful,Yes,50,Male,Benin City,Everyday,Premium,68,58.6,Below 100k,Mobile App,Active,Yes,0.5029,Medium,Secondary Verification (SMS/OTP),2.0.0-week3,2026-09-30T14:43:51.571607+00:00
FT-T005246,FT-C00882,2026-02-09 08:10:00,Card Purchase,1822.04,Mobile App,Android,Ibadan,No,Successful,No,39,Male,Ibadan,Premium,Savings,57,40.7,500k-999k,Mobile App,Active,No,0.2761,Low,Auto-Approve,2.0.0-week3,2026-09-30T14:43:51.571607+00:00
FT-T010499,FT-C01217,2026-03-20 17:47:00,Bill Payment,10451.65,POS,POS Terminal,Kaduna,No,Successful,No,42,Female,Lagos,Everyday,Current,18,53.8,250k-499k,USSD,Dormant,No,0.3003,Medium,Secondary Verification (SMS/OTP),2.0.0-week3,2026-09-30T14:43:51.571607+00:00
FT-T005699,FT-C01171,2026-02-12 17:43:00,Transfer,56765.03,Mobile App,iOS,Enugu,No,Successful,No,54,Female,Lagos,Everyday,Savings,83,55.6,500k-999k,Mobile App,Active,Yes,0.4172,Medium,Secondary Verification (SMS/OTP),2.0.0-week3,2026-09-30T14:43:51.571607+00:00
FT-T002925,FT-C00659,2026-01-22 22:21:00,Transfer,104294.98,Mobile App,POS Terminal,Kano,No,Successful,Yes,37,Male,Enugu,SME,Savings,19,33.2,100k-249k,Mobile App,Active,Yes,0.478,Medium,Secondary Verification (SMS/OTP),2.0.0-week3,2026-09-30T14:43:51.571607+00:00
FT-T009961,FT-C00738,2026-03-16 16:56:00,Cash Withdrawal,4105.78,USSD,Web Browser,Kaduna,No,Successful,No,50,Female,Kaduna,Premium,Savings,20,77.2,500k-999k,USSD,Active,Yes,0.4239,Medium,Secondary Verification (SMS/OTP),2.0.0-week3,2026-09-30T14:43:51.571607+00:00
FT-T000796,FT-C00432,2026-01-06 23:06:00,Cash Withdrawal,164988.14,POS,iOS,Port Harcourt,No,Successful,No,64,Male,Lagos,SME,Current,37,66.1,250k-499k,Web,Active,Yes,0.3707,Medium,Secondary Verification (SMS/OTP),2.0.0-week3,2026-09-30T14:43:51.571607+00:00
FT-T004920,FT-C00774,2026-02-06 21:29:00,Transfer,209368.49,POS,iOS,Kano,No,Reversed,No,26,Male,Abuja,SME,Current,39,34.3,Below 100k,Mobile App,Dormant,Yes,0.5642,Medium,Secondary Verification (SMS/OTP),2.0.0-week3,2026-09-30T14:43:51.571607+00:00
FT-T007470,FT-C00390,2026-02-26 00:31:00,Bill Payment,1073.26,Mobile App,iOS,Ibadan,No,Pending,No,43,Female,Lagos,Everyday,Savings,49,77.5,100k-249k,Mobile App,Active,Yes,0.4268,Medium,Secondary Verification (SMS/OTP),2.0.0-week3,2026-09-30T14:43:51.571607+00:00
FT-T009271,FT-C00480,2026-03-11 12:44:00,Cash Withdrawal,10426.99,POS,Android,Abuja,No,Successful,No,43,Female,Kaduna,Everyday,Current,31,50.5,100k-249k,Mobile App,Active,Yes,0.474,Medium,Secondary Verification (SMS/OTP),2.0.0-week3,2026-09-30T14:43:51.571607+00:00
FT-T002372,FT-C00056,2026-01-18 18:48:00,Card Purchase,62418.94,POS,Android,Abuja,No,Successful,No,64,Male,Kano,Premium,Savings,80,85.2,250k-499k,Mobile App,Active,No,0.3163,Medium,Secondary Verification (SMS/OTP),2.0.0-week3,2026-09-30T14:43:51.571607+00:00
FT-T007347,FT-C00317,2026-02-25 02:23:00,Transfer,66481.24,Web,Android,Abuja,No,Successful,Yes,34,Male,Lagos,Student,Savings,2,78.1,250k-499k,Mobile App,Active,Yes,0.5852,Medium,Secondary Verification (SMS/OTP),2.0.0-week3,2026-09-30T14:43:51.571607+00:00
FT-T005313,FT-C01361,2026-02-09 20:14:00,Transfer,124125.08,Web,Android,Abuja,No,Successful,No,21,Male,Lagos,Everyday,Savings,81,53.4,Below 100k,Mobile App,Active,Yes,0.4202,Medium,Secondary Verification (SMS/OTP),2.0.0-week3,2026-09-30T14:43:51.571607+00:00
FT-T001406,FT-C01092,2026-01-11 12:55:00,Deposit,342682.76,Mobile App,ATM Terminal,Kano,Yes,Successful,Yes,23,Female,Lagos,Student,Current,72,46.0,Below 100k,Mobile App,Active,Yes,0.4525,Medium,Secondary Verification (SMS/OTP),2.0.0-week3,2026-09-30T14:43:51.571607+00:00
FT-T000568,FT-C00274,2026-01-05 06:04:00,Deposit,26191.58,Mobile App,POS Terminal,Kaduna,No,Successful,No,54,Male,Lagos,SME,Savings,88,70.5,100k-249k,Mobile App,Active,No,0.3294,Medium,Secondary Verification (SMS/OTP),2.0.0-week3,2026-09-30T14:43:51.571607+00:00
FT-T007997,FT-C00876,2026-03-01 23:23:00,Card Purchase,980.05,Mobile App,iOS,Benin City,No,Successful,No,43,Male,Kano,SME,Savings,83,54.1,1m+,Mobile App,Active,No,0.3074,Medium,Secondary Verification (SMS/OTP),2.0.0-week3,2026-09-30T14:43:51.571607+00:00
FT-T010946,FT-C01275,2026-03-24 02:15:00,Airtime/Data,149.49,ATM,Android,Ibadan,No,Successful,No,49,Female,Kano,Everyday,Savings,44,87.4,250k-499k,Mobile App,Active,Yes,0.5599,Medium,Secondary Verification (SMS/OTP),2.0.0-week3,2026-09-30T14:43:51.571607+00:00
FT-T010124,FT-C00920,2026-03-17 22:17:00,Airtime/Data,7951.62,Mobile App,Web Browser,Ibadan,No,Successful,No,45,Female,Abuja,SME,Savings,91,33.6,500k-999k,USSD,Active,No,0.2588,Low,Auto-Approve,2.0.0-week3,2026-09-30T14:43:51.571607+00:00
FT-T005474,FT-C01302,2026-02-11 01:13:00,Bill Payment,10419.28,Web,Android,Benin City,No,Successful,No,38,Male,Benin City,Everyday,Savings,90,83.9,100k-249k,Mobile App,Active,Yes,0.5085,Medium,Secondary Verification (SMS/OTP),2.0.0-week3,2026-09-30T14:43:51.571607+00:00
FT-T010309,FT-C00934,2026-03-19 07:35:00,Card Purchase,11318.76,POS,ATM Terminal,Port Harcourt,No,Successful,No,27,Male,Ibadan,Premium,Savings,54,81.0,Below 100k,USSD,Active,No,0.2877,Low,Auto-Approve,2.0.0-week3,2026-09-30T14:43:51.571607+00:00
FT-T010609,FT-C01112,2026-03-21 13:35:00,Bill Payment,737.2,Mobile App,Android,Ibadan,No,Successful,No,39,Female,Lagos,SME,Savings,36,57.5,100k-249k,Mobile App,Active,No,0.3346,Medium,Secondary Verification (SMS/OTP),2.0.0-week3,2026-09-30T14:43:51.571607+00:00
FT-T005162,FT-C00775,2026-02-08 17:03:00,Transfer,83695.69,ATM,Android,Abuja,No,Successful,No,63,Female,Port Harcourt,Student,Savings,84,84.9,250k-499k,Mobile App,Active,Yes,0.4157,Medium,Secondary Verification (SMS/OTP),2.0.0-week3,2026-09-30T14:43:51.571607+00:00
FT-T004255,FT-C00027,2026-02-01 21:47:00,Cash Withdrawal,5725.42,ATM,Android,Abuja,No,Failed,Yes,39,Female,Port Harcourt,Everyday,Savings,89,50.5,1m+,Mobile App,Active,Yes,0.5115,Medium,Secondary Verification (SMS/OTP),2.0.0-week3,2026-09-30T14:43:51.571607+00:00
FT-T000141,FT-C01421,2026-01-02 01:12:00,Bill Payment,32448.36,Mobile App,iOS,Lagos,No,Successful,Yes,50,Female,Benin City,Everyday,Savings,55,37.8,250k-499k,Web,Active,Yes,0.4789,Medium,Secondary Verification (SMS/OTP),2.0.0-week3,2026-09-30T14:43:51.571607+00:00
FT-T005328,FT-C00066,2026-02-09 22:56:00,Cash Withdrawal,21483.43,Mobile App,iOS,Enugu,No,Successful,No,21,Female,Lagos,Everyday,Savings,27,53.4,250k-499k,Web,Active,Yes,0.4296,Medium,Secondary Verification (SMS/OTP),2.0.0-week3,2026-09-30T14:43:51.571607+00:00
FT-T008917,FT-C00389,2026-03-08 21:00:00,Deposit,8242.12,Mobile App,Android,Port Harcourt,No,Successful,No,59,Prefer not to say,Lagos,Everyday,Premium,57,86.7,500k-999k,Web,Active,No,0.3062,Medium,Secondary Verification (SMS/OTP),2.0.0-week3,2026-09-30T14:43:51.571607+00:00
FT-T007370,FT-C00634,2026-02-25 06:31:00,Transfer,800.71,Mobile App,ATM Terminal,Ibadan,No,Successful,No,25,Male,Abuja,Premium,Premium,4,67.8,250k-499k,Web,Active,Yes,0.5445,Medium,Secondary Verification (SMS/OTP),2.0.0-week3,2026-09-30T14:43:51.571607+00:00
FT-T010142,FT-C00738,2026-03-18 01:31:00,Card Purchase,2705.94,Web,ATM Terminal,Lagos,No,Successful,No,50,Female,Kaduna,Premium,Savings,20,77.2,500k-999k,USSD,Active,Yes,0.3999,Medium,Secondary Verification (SMS/OTP),2.0.0-week3,2026-09-30T14:43:51.571607+00:00
FT-T009962,FT-C00131,2026-03-16 17:07:00,Transfer,1025.8,POS,ATM Terminal,Kano,No,Successful,No,18,Male,Lagos,Everyday,Current,43,60.8,Below 100k,USSD,Active,Yes,0.4837,Medium,Secondary Verification (SMS/OTP),2.0.0-week3,2026-09-30T14:43:51.571607+00:00
FT-T003136,FT-C00315,2026-01-24 12:20:00,Transfer,2506.68,POS,Android,Ibadan,No,Successful,No,24,Female,Abuja,Student,Savings,89,69.1,500k-999k,USSD,Dormant,Yes,0.5238,Medium,Secondary Verification (SMS/OTP),2.0.0-week3,2026-09-30T14:43:51.571607+00:00
FT-T006425,FT-C00854,2026-02-18 04:24:00,Cash Withdrawal,7996.77,POS,POS Terminal,Port Harcourt,No,Successful,No,49,Male,Kano,Premium,Premium,33,40.7,100k-249k,Web,Active,Yes,0.5365,Medium,Secondary Verification (SMS/OTP),2.0.0-week3,2026-09-30T14:43:51.571607+00:00
FT-T010050,FT-C00885,2026-03-17 08:58:00,Transfer,8387.6,USSD,Android,Ibadan,No,Successful,No,60,Male,Port Harcourt,Everyday,Savings,38,52.1,500k-999k,Web,Restricted,Yes,0.3997,Medium,Secondary Verification (SMS/OTP),2.0.0-week3,2026-09-30T14:43:51.571607+00:00
FT-T003047,FT-C01163,2026-01-23 20:19:00,Transfer,855.05,Mobile App,ATM Terminal,Kano,No,Successful,No,57,Female,Enugu,Student,Savings,25,75.2,Below 100k,Web,Active,Yes,0.5153,Medium,Secondary Verification (SMS/OTP),2.0.0-week3,2026-09-30T14:43:51.571607+00:00
FT-T006733,FT-C00459,2026-02-20 11:51:00,Transfer,15922.47,POS,iOS,Enugu,No,Successful,No,33,Male,Port Harcourt,Everyday,Savings,74,69.9,250k-499k,Mobile App,Active,Yes,0.4202,Medium,Secondary Verification (SMS/OTP),2.0.0-week3,2026-09-30T14:43:51.571607+00:00
FT-T011251,FT-C00948,2026-03-26 09:10:00,Bill Payment,12268.7,POS,Web Browser,Ibadan,No,Successful,No,36,Male,Lagos,SME,Savings,2,37.0,100k-249k,Mobile App,Active,Yes,0.3653,Medium,Secondary Verification (SMS/OTP),2.0.0-week3,2026-09-30T14:43:51.571607+00:00
FT-T008648,FT-C00421,2026-03-06 20:35:00,Deposit,14938.98,POS,Android,Kano,No,Successful,No,50,Male,Port Harcourt,Student,Current,76,74.7,100k-249k,Mobile App,Active,Yes,0.3571,Medium,Secondary Verification (SMS/OTP),2.0.0-week3,2026-09-30T14:43:51.571607+00:00
FT-T003898,FT-C00486,2026-01-30 05:31:00,Airtime/Data,954.18,ATM,Android,Kaduna,No,Failed,No,50,Male,Lagos,Everyday,Savings,17,67.7,100k-249k,Mobile App,Active,Yes,0.5288,Medium,Secondary Verification (SMS/OTP),2.0.0-week3,2026-09-30T14:43:51.571607+00:00
FT-T001503,FT-C01000,2026-01-12 06:22:00,Bill Payment,914.78,Mobile App,POS Terminal,Enugu,No,Successful,No,37,Male,Lagos,Student,Current,35,82.9,Below 100k,Mobile App,Active,No,0.2081,Low,Auto-Approve,2.0.0-week3,2026-09-30T14:43:51.571607+00:00
FT-T002094,FT-C00270,2026-01-16 16:46:00,Card Purchase,49035.36,ATM,Web Browser,Lagos,No,Successful,No,18,Male,Abuja,Everyday,Savings,71,68.0,250k-499k,Web,Active,Yes,0.3775,Medium,Secondary Verification (SMS/OTP),2.0.0-week3,2026-09-30T14:43:51.571607+00:00
FT-T002024,FT-C00308,2026-01-16 04:10:00,Deposit,16364.43,ATM,Android,Kaduna,No,Successful,No,21,Male,Lagos,Everyday,Current,31,66.3,Below 100k,Mobile App,Active,Yes,0.4435,Medium,Secondary Verification (SMS/OTP),2.0.0-week3,2026-09-30T14:43:51.571607+00:00
FT-T011824,FT-C00579,2026-03-30 16:19:00,Transfer,8308.27,Mobile App,Android,Port Harcourt,No,Successful,No,36,Female,Benin City,Student,Savings,55,66.5,100k-249k,Mobile App,Active,Yes,0.5295,Medium,Secondary Verification (SMS/OTP),2.0.0-week3,2026-09-30T14:43:51.571607+00:00
FT-T002763,FT-C01117,2026-01-21 17:12:00,Deposit,1890.4,Web,Android,Ibadan,No,Successful,No,50,Male,Kano,Everyday,Savings,61,85.9,100k-249k,Mobile App,Active,Yes,0.3839,Medium,Secondary Verification (SMS/OTP),2.0.0-week3,2026-09-30T14:43:51.571607+00:00
FT-T002687,FT-C00328,2026-01-21 03:31:00,Airtime/Data,197.23,Mobile App,iOS,Benin City,Yes,Successful,No,25,Male,Enugu,Everyday,Savings,63,76.5,1m+,Mobile App,Active,Yes,0.4356,Medium,Secondary Verification (SMS/OTP),2.0.0-week3,2026-09-30T14:43:51.571607+00:00
FT-T001428,FT-C00560,2026-01-11 16:52:00,Transfer,8741.12,ATM,Web Browser,Abuja,No,Successful,No,56,Female,Ibadan,Everyday,Savings,80,81.7,250k-499k,Mobile App,Dormant,Yes,0.4391,Medium,Secondary Verification (SMS/OTP),2.0.0-week3,2026-09-30T14:43:51.571607+00:00
FT-T000178,FT-C00698,2026-01-02 07:51:00,Airtime/Data,1017.53,Web,POS Terminal,Abuja,No,Successful,No,27,Male,Port Harcourt,Premium,Savings,87,82.4,250k-499k,Mobile App,Active,No,0.273,Low,Auto-Approve,2.0.0-week3,2026-09-30T14:43:51.571607+00:00
FT-T005878,FT-C00108,2026-02-14 01:56:00,Transfer,5238.29,POS,POS Terminal,Enugu,No,Successful,No,52,Male,Ibadan,SME,Current,93,55.7,100k-249k,Mobile App,Active,Yes,0.4949,Medium,Secondary Verification (SMS/OTP),2.0.0-week3,2026-09-30T14:43:51.571607+00:00
FT-T008319,FT-C00705,2026-03-04 09:21:00,Airtime/Data,107.11,POS,iOS,Abuja,No,Successful,Yes,45,Female,Port Harcourt,Student,Savings,71,77.3,500k-999k,USSD,Active,No,0.243,Low,Auto-Approve,2.0.0-week3,2026-09-30T14:43:51.571607+00:00
FT-T006548,FT-C01136,2026-02-19 02:33:00,Transfer,24364.16,USSD,ATM Terminal,Enugu,No,Successful,No,48,Male,Abuja,Student,Savings,32,85.0,250k-499k,Mobile App,Active,Yes,0.6234,Medium,Secondary Verification (SMS/OTP),2.0.0-week3,2026-09-30T14:43:51.571607+00:00
FT-T007586,FT-C00126,2026-02-26 21:24:00,Deposit,196979.47,ATM,Android,Ibadan,No,Failed,No,61,Female,Lagos,Everyday,Current,39,89.8,250k-499k,Mobile App,Active,Yes,0.5126,Medium,Secondary Verification (SMS/OTP),2.0.0-week3,2026-09-30T14:43:51.571607+00:00
FT-T008833,FT-C00534,2026-03-08 05:53:00,Transfer,17613.99,POS,Android,Abuja,No,Successful,No,43,Female,Lagos,Student,Savings,13,93.2,Below 100k,Web,Active,Yes,0.5761,Medium,Secondary Verification (SMS/OTP),2.0.0-week3,2026-09-30T14:43:51.571607+00:00
FT-T003282,FT-C00142,2026-01-25 14:37:00,Airtime/Data,197.31,POS,ATM Terminal,Kaduna,No,Successful,No,44,Male,Abuja,Everyday,Savings,61,94.9,100k-249k,Mobile App,Active,No,0.3332,Medium,Secondary Verification (SMS/OTP),2.0.0-week3,2026-09-30T14:43:51.571607+00:00
FT-T006894,FT-C00839,2026-02-21 16:50:00,Airtime/Data,112.76,POS,Android,Kaduna,No,Successful,No,60,Female,Port Harcourt,Student,Savings,59,81.0,250k-499k,Web,Active,No,0.3232,Medium,Secondary Verification (SMS/OTP),2.0.0-week3,2026-09-30T14:43:51.571607+00:00
FT-T007643,FT-C01228,2026-02-27 07:40:00,Transfer,710.43,Mobile App,Android,Enugu,No,Successful,Yes,24,Female,Lagos,Student,Savings,68,88.5,100k-249k,Mobile App,Active,Yes,0.4708,Medium,Secondary Verification (SMS/OTP),2.0.0-week3,2026-09-30T14:43:51.571607+00:00
FT-T003003,FT-C00406,2026-01-23 12:24:00,Card Purchase,372.67,Mobile App,iOS,Port Harcourt,No,Successful,No,32,Male,Port Harcourt,Everyday,Savings,3,53.1,500k-999k,Mobile App,Active,No,0.2471,Low,Auto-Approve,2.0.0-week3,2026-09-30T14:43:51.571607+00:00
FT-T002327,FT-C01240,2026-01-18 10:42:00,Card Purchase,173582.09,Mobile App,POS Terminal,Kaduna,No,Successful,No,47,Female,Ibadan,Student,Premium,86,92.1,500k-999k,Mobile App,Active,Yes,0.4699,Medium,Secondary Verification (SMS/OTP),2.0.0-week3,2026-09-30T14:43:51.571607+00:00
FT-T002863,FT-C00167,2026-01-22 11:12:00,Bill Payment,9581.07,ATM,Android,Port Harcourt,No,Successful,No,19,Male,Enugu,Student,Premium,31,74.6,Below 100k,Mobile App,Active,No,0.2946,Low,Auto-Approve,2.0.0-week3,2026-09-30T14:43:51.571607+00:00
FT-T009417,FT-C00093,2026-03-12 15:01:00,Cash Withdrawal,5192.82,POS,Android,Kaduna,No,Successful,No,32,Female,Lagos,SME,Savings,86,48.8,500k-999k,Mobile App,Active,Yes,0.4418,Medium,Secondary Verification (SMS/OTP),2.0.0-week3,2026-09-30T14:43:51.571607+00:00
FT-T006074,FT-C00861,2026-02-15 13:13:00,Card Purchase,1060.81,Mobile App,Android,Enugu,No,Reversed,No,22,Female,Abuja,Premium,Current,59,60.6,250k-499k,Mobile App,Active,No,0.2694,Low,Auto-Approve,2.0.0-week3,2026-09-30T14:43:51.571607+00:00
FT-T001079,FT-C01056,2026-01-09 02:03:00,Cash Withdrawal,48034.06,Mobile App,iOS,Kano,No,Successful,No,31,Male,Port Harcourt,Student,Savings,61,70.3,100k-249k,Mobile App,Active,Yes,0.5508,Medium,Secondary Verification (SMS/OTP),2.0.0-week3,2026-09-30T14:43:51.571607+00:00
FT-T001028,FT-C00802,2026-01-08 16:52:00,Deposit,25862.92,POS,iOS,Lagos,No,Successful,No,54,Female,Abuja,Premium,Current,27,79.9,Below 100k,Mobile App,Active,No,0.2265,Low,Auto-Approve,2.0.0-week3,2026-09-30T14:43:51.571607+00:00
FT-T011449,FT-C01221,2026-03-27 20:48:00,Cash Withdrawal,67500.75,Mobile App,iOS,Abuja,No,Successful,No,50,Male,Abuja,Everyday,Current,54,56.1,100k-249k,USSD,Active,Yes,0.4957,Medium,Secondary Verification (SMS/OTP),2.0.0-week3,2026-09-30T14:43:51.571607+00:00
FT-T008016,FT-C00675,2026-03-02 02:49:00,Card Purchase,772.15,Web,iOS,Port Harcourt,No,Successful,No,62,Female,Enugu,Everyday,Premium,29,74.9,100k-249k,Mobile App,Active,Yes,0.4503,Medium,Secondary Verification (SMS/OTP),2.0.0-week3,2026-09-30T14:43:51.571607+00:00
FT-T003296,FT-C00904,2026-01-25 17:08:00,Transfer,2422.41,Mobile App,Android,Benin City,No,Successful,No,43,Male,Abuja,SME,Current,13,91.0,250k-499k,Mobile App,Active,Yes,0.5017,Medium,Secondary Verification (SMS/OTP),2.0.0-week3,2026-09-30T14:43:51.571607+00:00
FT-T000113,FT-C00524,2026-01-01 20:09:00,Card Purchase,5336.3,Mobile App,iOS,Kano,No,Successful,No,61,Female,Port Harcourt,SME,Savings,2,85.1,500k-999k,Mobile App,Active,No,0.3486,Medium,Secondary Verification (SMS/OTP),2.0.0-week3,2026-09-30T14:43:51.571607+00:00
FT-T000991,FT-C01360,2026-01-08 10:12:00,Transfer,121445.87,Web,Android,Lagos,No,Successful,No,63,Female,Benin City,Everyday,Premium,51,66.3,250k-499k,USSD,Dormant,Yes,0.4911,Medium,Secondary Verification (SMS/OTP),2.0.0-week3,2026-09-30T14:43:51.571607+00:00
FT-T011136,FT-C00334,2026-03-25 12:28:00,Transfer,49901.72,Mobile App,Android,Kaduna,No,Successful,No,50,Male,Lagos,Premium,Premium,1,70.4,250k-499k,Web,Dormant,Yes,0.5717,Medium,Secondary Verification (SMS/OTP),2.0.0-week3,2026-09-30T14:43:51.571607+00:00
FT-T007382,FT-C01184,2026-02-25 08:41:00,Card Purchase,547.3,Mobile App,Android,Kaduna,No,Successful,Yes,18,Male,Enugu,Premium,Savings,28,83.3,Below 100k,USSD,Active,No,0.3274,Medium,Secondary Verification (SMS/OTP),2.0.0-week3,2026-09-30T14:43:51.571607+00:00
FT-T000169,FT-C00104,2026-01-02 06:14:00,Deposit,607343.33,ATM,iOS,Benin City,No,Successful,No,28,Female,Lagos,Premium,Savings,95,66.3,250k-499k,Mobile App,Active,Yes,0.4935,Medium,Secondary Verification (SMS/OTP),2.0.0-week3,2026-09-30T14:43:51.571607+00:00
FT-T000047,FT-C00062,2026-01-01 08:16:00,Transfer,717.74,Web,Android,Ibadan,No,Successful,No,21,Male,Port Harcourt,Premium,Premium,83,44.1,1m+,USSD,Active,Yes,0.5141,Medium,Secondary Verification (SMS/OTP),2.0.0-week3,2026-09-30T14:43:51.571607+00:00
FT-T005172,FT-C01471,2026-02-08 18:51:00,Card Purchase,5130.19,Web,ATM Terminal,Abuja,No,Successful,No,33,Male,Kano,Everyday,Premium,80,75.4,250k-499k,Mobile App,Active,No,0.3067,Medium,Secondary Verification (SMS/OTP),2.0.0-week3,2026-09-30T14:43:51.571607+00:00
FT-T000717,FT-C00619,2026-01-06 08:53:00,Cash Withdrawal,230503.37,Web,Android,Kaduna,No,Successful,No,34,Female,Benin City,Student,Current,64,80.1,100k-249k,Web,Active,Yes,0.6499,Medium,Secondary Verification (SMS/OTP),2.0.0-week3,2026-09-30T14:43:51.571607+00:00
FT-T000156,FT-C01499,2026-01-02 03:54:00,Cash Withdrawal,17920.72,Web,Android,Ibadan,No,Successful,No,25,Male,Benin City,Everyday,Premium,6,88.8,100k-249k,Mobile App,Active,Yes,0.5407,Medium,Secondary Verification (SMS/OTP),2.0.0-week3,2026-09-30T14:43:51.571607+00:00
FT-T007431,FT-C00739,2026-02-25 17:30:00,Cash Withdrawal,2461.71,Web,iOS,Ibadan,No,Successful,No,18,Female,Kano,Everyday,Savings,16,70.4,Below 100k,USSD,Active,Yes,0.4973,Medium,Secondary Verification (SMS/OTP),2.0.0-week3,2026-09-30T14:43:51.571607+00:00
FT-T006770,FT-C00771,2026-02-20 18:31:00,Bill Payment,8185.29,ATM,Android,Lagos,No,Successful,No,34,Female,Benin City,Everyday,Current,32,68.3,250k-499k,Mobile App,Active,No,0.3009,Medium,Secondary Verification (SMS/OTP),2.0.0-week3,2026-09-30T14:43:51.571607+00:00
FT-T009344,FT-C00416,2026-03-12 01:52:00,Cash Withdrawal,249560.79,POS,Web Browser,Abuja,No,Successful,No,59,Female,Abuja,Student,Savings,60,85.8,100k-249k,Mobile App,Active,Yes,0.7494,High,Immediate Review / Payment Hold,2.0.0-week3,2026-09-30T14:43:51.571607+00:00
FT-T007900,FT-C01380,2026-03-01 05:56:00,Card Purchase,1100.18,Web,Web Browser,Enugu,No,Successful,No,55,Female,Abuja,Premium,Current,79,60.8,Below 100k,Web,Active,No,0.3404,Medium,Secondary Verification (SMS/OTP),2.0.0-week3,2026-09-30T14:43:51.571607+00:00
FT-T002123,FT-C00181,2026-01-16 21:59:00,Transfer,5097.71,Mobile App,iOS,Ibadan,No,Successful,Yes,50,Male,Abuja,Everyday,Savings,15,61.2,250k-499k,Web,Active,Yes,0.4849,Medium,Secondary Verification (SMS/OTP),2.0.0-week3,2026-09-30T14:43:51.571607+00:00
FT-T003954,FT-C00037,2026-01-30 15:35:00,Bill Payment,1913.71,POS,Android,Lagos,No,Successful,No,20,Female,Lagos,Premium,Savings,5,32.1,500k-999k,Mobile App,Dormant,No,0.3323,Medium,Secondary Verification (SMS/OTP),2.0.0-week3,2026-09-30T14:43:51.571607+00:00
FT-T000017,FT-C00111,2026-01-01 02:52:00,Cash Withdrawal,5426.18,Mobile App,Android,Abuja,No,Successful,No,59,Male,Enugu,Everyday,Savings,38,81.8,500k-999k,Mobile App,Active,Yes,0.5849,Medium,Secondary Verification (SMS/OTP),2.0.0-week3,2026-09-30T14:43:51.571607+00:00
FT-T004041,FT-C00066,2026-01-31 07:15:00,Cash Withdrawal,203670.37,ATM,Android,Kano,No,Successful,Yes,21,Female,Lagos,Everyday,Savings,27,53.4,250k-499k,Web,Active,Yes,0.6112,Medium,Secondary Verification (SMS/OTP),2.0.0-week3,2026-09-30T14:43:51.571607+00:00
FT-T001696,FT-C00074,2026-01-13 17:07:00,Deposit,302205.08,Web,POS Terminal,Port Harcourt,No,Successful,Yes,31,Male,Lagos,Student,Current,63,92.6,250k-499k,Mobile App,Active,Yes,0.5694,Medium,Secondary Verification (SMS/OTP),2.0.0-week3,2026-09-30T14:43:51.571607+00:00
FT-T008304,FT-C00458,2026-03-04 06:39:00,Card Purchase,3500.41,POS,Android,,No,Successful,No,18,Female,Port Harcourt,Everyday,Premium,86,64.4,100k-249k,Mobile App,Active,No,0.2391,Low,Auto-Approve,2.0.0-week3,2026-09-30T14:43:51.571607+00:00
FT-T001115,FT-C00814,2026-01-09 08:32:00,Bill Payment,16497.74,Mobile App,POS Terminal,Ibadan,No,Reversed,No,32,Female,Ibadan,Everyday,Current,55,60.5,250k-499k,Mobile App,Active,No,0.2585,Low,Auto-Approve,2.0.0-week3,2026-09-30T14:43:51.571607+00:00
FT-T001482,FT-C00198,2026-01-12 02:36:00,Bill Payment,21822.98,USSD,iOS,Lagos,No,Successful,Yes,49,Female,Ibadan,Everyday,Savings,84,49.5,250k-499k,Mobile App,Active,Yes,0.4566,Medium,Secondary Verification (SMS/OTP),2.0.0-week3,2026-09-30T14:43:51.571607+00:00
FT-T004036,FT-C00380,2026-01-31 06:21:00,Card Purchase,12659.84,Mobile App,Web Browser,Kaduna,No,Successful,No,43,Female,Lagos,Everyday,Savings,38,100.0,1m+,Web,Active,No,0.3498,Medium,Secondary Verification (SMS/OTP),2.0.0-week3,2026-09-30T14:43:51.571607+00:00
FT-T001626,FT-C01087,2026-01-13 04:31:00,Transfer,895.53,ATM,Android,Benin City,No,Successful,Yes,31,Male,Abuja,Premium,Savings,85,55.7,1m+,Mobile App,Active,Yes,0.5782,Medium,Secondary Verification (SMS/OTP),2.0.0-week3,2026-09-30T14:43:51.571607+00:00
FT-T002162,FT-C01147,2026-01-17 05:00:00,Transfer,5978.31,Web,Android,Lagos,No,Successful,No,55,Female,Lagos,Student,Current,65,79.3,1m+,Mobile App,Active,Yes,0.6856,Medium,Secondary Verification (SMS/OTP),2.0.0-week3,2026-09-30T14:43:51.571607+00:00
FT-T006344,FT-C00243,2026-02-17 13:50:00,Airtime/Data,8456.78,POS,Web Browser,Abuja,No,Successful,No,36,Female,Kano,Everyday,Savings,72,46.6,250k-499k,Mobile App,Active,No,0.3201,Medium,Secondary Verification (SMS/OTP),2.0.0-week3,2026-09-30T14:43:51.571607+00:00
FT-T001958,FT-C00722,2026-01-15 16:17:00,Card Purchase,5156.62,USSD,Android,Abuja,No,Successful,No,45,Female,Lagos,Student,Savings,52,77.6,1m+,Web,Active,No,0.2569,Low,Auto-Approve,2.0.0-week3,2026-09-30T14:43:51.571607+00:00
FT-T008669,FT-C00431,2026-03-07 00:22:00,Cash Withdrawal,4732.75,POS,POS Terminal,Ibadan,No,Successful,No,47,Female,Lagos,Everyday,Savings,50,68.0,100k-249k,Mobile App,Active,Yes,0.5235,Medium,Secondary Verification (SMS/OTP),2.0.0-week3,2026-09-30T14:43:51.571607+00:00
FT-T007805,FT-C01080,2026-02-28 12:50:00,Card Purchase,3309.76,Mobile App,POS Terminal,Kano,Yes,Successful,No,32,Male,Benin City,Everyday,Savings,72,62.4,250k-499k,Mobile App,Active,Yes,0.4419,Medium,Secondary Verification (SMS/OTP),2.0.0-week3,2026-09-30T14:43:51.571607+00:00
FT-T006235,FT-C00632,2026-02-16 18:12:00,Deposit,82482.61,ATM,POS Terminal,Kano,No,Successful,No,55,Female,Lagos,Student,Savings,93,55.1,500k-999k,Mobile App,Active,No,0.2952,Low,Auto-Approve,2.0.0-week3,2026-09-30T14:43:51.571607+00:00
FT-T009435,FT-C01080,2026-03-12 18:15:00,Airtime/Data,1515.52,USSD,Android,Kaduna,No,Successful,No,32,Male,Benin City,Everyday,Savings,72,62.4,250k-499k,Mobile App,Active,Yes,0.3518,Medium,Secondary Verification (SMS/OTP),2.0.0-week3,2026-09-30T14:43:51.571607+00:00
FT-T007786,FT-C00730,2026-02-28 09:24:00,Cash Withdrawal,48847.01,POS,iOS,Lagos,No,Successful,No,22,Male,Kaduna,SME,Savings,1,94.5,100k-249k,Web,Active,Yes,0.39,Medium,Secondary Verification (SMS/OTP),2.0.0-week3,2026-09-30T14:43:51.571607+00:00
FT-T002641,FT-C00367,2026-01-20 19:14:00,Transfer,4108.4,Web,Android,Kaduna,No,Pending,No,48,Male,Kano,SME,Savings,64,88.4,500k-999k,Mobile App,Active,Yes,0.5263,Medium,Secondary Verification (SMS/OTP),2.0.0-week3,2026-09-30T14:43:51.571607+00:00
FT-T009061,FT-C00172,2026-03-09 22:56:00,Cash Withdrawal,46419.08,POS,iOS,Kaduna,No,Failed,Yes,45,Prefer not to say,Abuja,Student,Premium,3,59.3,250k-499k,Mobile App,Dormant,Yes,0.4388,Medium,Secondary Verification (SMS/OTP),2.0.0-week3,2026-09-30T14:43:51.571607+00:00
FT-T006926,FT-C00694,2026-02-21 22:36:00,Airtime/Data,11805.41,Web,Android,Abuja,No,Successful,No,33,Female,Enugu,SME,Savings,34,93.8,100k-249k,Mobile App,Active,No,0.343,Medium,Secondary Verification (SMS/OTP),2.0.0-week3,2026-09-30T14:43:51.571607+00:00
FT-T011212,FT-C01110,2026-03-26 02:08:00,Cash Withdrawal,5851.53,Mobile App,Web Browser,Abuja,No,Successful,No,50,Female,Lagos,Student,Premium,76,77.4,Below 100k,Mobile App,Active,Yes,0.5349,Medium,Secondary Verification (SMS/OTP),2.0.0-week3,2026-09-30T14:43:51.571607+00:00
FT-T000143,FT-C01498,2026-01-02 01:33:00,Transfer,8547.68,Web,Android,Ibadan,No,Reversed,No,65,Male,Enugu,Student,Savings,66,93.1,250k-499k,Mobile App,Active,Yes,0.6389,Medium,Secondary Verification (SMS/OTP),2.0.0-week3,2026-09-30T14:43:51.571607+00:00
FT-T004483,FT-C01441,2026-02-03 14:49:00,Card Purchase,6225.01,Mobile App,iOS,Benin City,No,Successful,No,60,Female,Kano,Everyday,Savings,54,80.7,100k-249k,Mobile App,Restricted,No,0.347,Medium,Secondary Verification (SMS/OTP),2.0.0-week3,2026-09-30T14:43:51.571607+00:00
FT-T008726,FT-C00781,2026-03-07 10:37:00,Deposit,149807.25,USSD,Android,Lagos,No,Successful,No,57,Prefer not to say,Lagos,SME,Savings,2,100.0,Below 100k,Mobile App,Active,Yes,0.3729,Medium,Secondary Verification (SMS/OTP),2.0.0-week3,2026-09-30T14:43:51.571607+00:00
FT-T007456,FT-C00157,2026-02-25 22:00:00,Transfer,41814.75,ATM,Android,Enugu,No,Successful,Yes,62,Male,Lagos,Premium,Current,71,50.0,250k-499k,Mobile App,Active,Yes,0.5029,Medium,Secondary Verification (SMS/OTP),2.0.0-week3,2026-09-30T14:43:51.571607+00:00
FT-T003209,FT-C00920,2026-01-25 01:29:00,Deposit,209574.09,USSD,iOS,Port Harcourt,No,Successful,No,45,Female,Abuja,SME,Savings,91,33.6,500k-999k,USSD,Active,Yes,0.5942,Medium,Secondary Verification (SMS/OTP),2.0.0-week3,2026-09-30T14:43:51.571607+00:00
FT-T008213,FT-C00529,2026-03-03 14:16:00,Card Purchase,15701.01,Web,iOS,Port Harcourt,No,Failed,No,63,Male,Ibadan,Premium,Savings,57,79.3,Below 100k,USSD,Active,No,0.3414,Medium,Secondary Verification (SMS/OTP),2.0.0-week3,2026-09-30T14:43:51.571607+00:00
FT-T001387,FT-C00089,2026-01-11 09:30:00,Card Purchase,169801.38,Mobile App,Android,Abuja,No,Successful,Yes,42,Male,Kaduna,Premium,Savings,24,62.5,Below 100k,Mobile App,Active,Yes,0.5092,Medium,Secondary Verification (SMS/OTP),2.0.0-week3,2026-09-30T14:43:51.571607+00:00
FT-T004199,FT-C01485,2026-02-01 11:42:00,Airtime/Data,3314.03,POS,,Kano,No,Successful,No,27,Female,Lagos,Everyday,Current,52,77.6,100k-249k,Web,Active,Yes,0.3892,Medium,Secondary Verification (SMS/OTP),2.0.0-week3,2026-09-30T14:43:51.571607+00:00
FT-T008949,FT-C00009,2026-03-09 02:46:00,Card Purchase,20093.92,Mobile App,Android,Abuja,No,Successful,No,40,Male,Lagos,Everyday,Premium,10,79.1,500k-999k,Web,Active,Yes,0.3704,Medium,Secondary Verification (SMS/OTP),2.0.0-week3,2026-09-30T14:43:51.571607+00:00
FT-T003885,FT-C00929,2026-01-30 03:10:00,Transfer,5689.5,Web,Android,Kano,No,Successful,Yes,34,Male,Enugu,Everyday,Savings,23,100.0,500k-999k,Mobile App,Active,Yes,0.6818,Medium,Secondary Verification (SMS/OTP),2.0.0-week3,2026-09-30T14:43:51.571607+00:00
FT-T009222,FT-C01153,2026-03-11 03:55:00,Transfer,121526.0,Mobile App,Android,Ibadan,No,Successful,No,63,Female,Ibadan,Everyday,Savings,83,58.7,250k-499k,Mobile App,Active,Yes,0.5981,Medium,Secondary Verification (SMS/OTP),2.0.0-week3,2026-09-30T14:43:51.571607+00:00
FT-T004080,FT-C00592,2026-01-31 14:16:00,Cash Withdrawal,144798.96,POS,Android,Lagos,No,Successful,No,33,Female,Lagos,Premium,Savings,52,96.7,100k-249k,Mobile App,Active,Yes,0.465,Medium,Secondary Verification (SMS/OTP),2.0.0-week3,2026-09-30T14:43:51.571607+00:00
FT-T008587,FT-C01411,2026-03-06 09:36:00,Card Purchase,29772.06,POS,Web Browser,Ibadan,No,Successful,No,28,Female,Port Harcourt,SME,Savings,43,89.8,100k-249k,Mobile App,Active,Yes,0.3683,Medium,Secondary Verification (SMS/OTP),2.0.0-week3,2026-09-30T14:43:51.571607+00:00
FT-T005292,FT-C00756,2026-02-09 16:27:00,Deposit,131504.37,Web,POS Terminal,Kano,No,Reversed,No,65,Male,Port Harcourt,Premium,Savings,88,58.4,Below 100k,Mobile App,Active,Yes,0.366,Medium,Secondary Verification (SMS/OTP),2.0.0-week3,2026-09-30T14:43:51.571607+00:00
FT-T007693,FT-C01151,2026-02-27 16:40:00,Card Purchase,2242.65,Mobile App,Android,Port Harcourt,No,Successful,No,64,Prefer not to say,Lagos,Everyday,Savings,35,60.2,Below 100k,USSD,Active,No,0.2188,Low,Auto-Approve,2.0.0-week3,2026-09-30T14:43:51.571607+00:00
FT-T001809,FT-C01495,2026-01-14 13:28:00,Card Purchase,4260.65,Web,Android,Abuja,No,Successful,No,32,Female,Lagos,Everyday,Premium,13,29.3,100k-249k,Mobile App,Active,No,0.2377,Low,Auto-Approve,2.0.0-week3,2026-09-30T14:43:51.571607+00:00
FT-T010121,FT-C01045,2026-03-17 21:45:00,Transfer,127684.54,ATM,Android,Kano,No,Successful,No,29,Male,Ibadan,Everyday,Savings,60,77.8,250k-499k,Mobile App,Active,Yes,0.4909,Medium,Secondary Verification (SMS/OTP),2.0.0-week3,2026-09-30T14:43:51.571607+00:00
FT-T009565,FT-C00256,2026-03-13 17:39:00,Transfer,596.27,ATM,Web Browser,Port Harcourt,No,Successful,No,18,Male,Enugu,Student,Premium,8,84.2,500k-999k,Mobile App,Active,Yes,0.5671,Medium,Secondary Verification (SMS/OTP),2.0.0-week3,2026-09-30T14:43:51.571607+00:00
FT-T009156,FT-C00881,2026-03-10 16:02:00,Card Purchase,97380.7,Mobile App,Android,Enugu,No,Successful,No,64,Female,Benin City,Everyday,Current,18,67.7,100k-249k,Web,Active,No,0.1922,Low,Auto-Approve,2.0.0-week3,2026-09-30T14:43:51.571607+00:00
FT-T006530,FT-C00420,2026-02-18 23:19:00,Card Purchase,4520.13,Mobile App,Android,Kaduna,No,Successful,No,54,Female,Lagos,Premium,Savings,49,62.3,Below 100k,USSD,Active,No,0.2647,Low,Auto-Approve,2.0.0-week3,2026-09-30T14:43:51.571607+00:00
FT-T003513,FT-C00182,2026-01-27 08:12:00,Deposit,40192.42,Mobile App,Android,Lagos,No,Reversed,No,18,Female,Abuja,Everyday,Premium,96,53.3,Below 100k,Web,Active,No,0.2469,Low,Auto-Approve,2.0.0-week3,2026-09-30T14:43:51.571607+00:00
FT-T008266,FT-C00205,2026-03-03 23:49:00,Card Purchase,102469.85,Mobile App,Android,Lagos,No,Successful,No,20,Female,Ibadan,SME,Savings,96,30.9,500k-999k,USSD,Active,No,0.282,Low,Auto-Approve,2.0.0-week3,2026-09-30T14:43:51.571607+00:00
FT-T000898,FT-C01467,2026-01-07 17:28:00,Transfer,1934.87,Mobile App,iOS,Port Harcourt,No,Failed,No,38,Male,Lagos,Everyday,Current,50,46.7,250k-499k,Mobile App,Active,Yes,0.503,Medium,Secondary Verification (SMS/OTP),2.0.0-week3,2026-09-30T14:43:51.571607+00:00
FT-T011044,FT-C00307,2026-03-24 19:54:00,Airtime/Data,4272.22,Mobile App,POS Terminal,Abuja,No,Successful,No,50,Female,Enugu,Premium,Savings,59,19.3,1m+,Web,Active,Yes,0.3834,Medium,Secondary Verification (SMS/OTP),2.0.0-week3,2026-09-30T14:43:51.571607+00:00
FT-T009178,FT-C01296,2026-03-10 19:59:00,Card Purchase,6130.51,ATM,iOS,Enugu,Yes,Successful,No,49,Male,Enugu,Everyday,Current,22,51.4,250k-499k,Web,Active,Yes,0.4022,Medium,Secondary Verification (SMS/OTP),2.0.0-week3,2026-09-30T14:43:51.571607+00:00
FT-T001857,FT-C00687,2026-01-14 22:06:00,Deposit,14195.59,POS,iOS,Port Harcourt,No,Successful,No,64,Female,Abuja,Everyday,Premium,74,64.6,250k-499k,Mobile App,Active,No,0.2457,Low,Auto-Approve,2.0.0-week3,2026-09-30T14:43:51.571607+00:00
FT-T000306,FT-C00223,2026-01-03 06:54:00,Transfer,173678.09,Mobile App,POS Terminal,Ibadan,No,Successful,Yes,21,Female,Lagos,Student,Savings,26,85.0,100k-249k,Mobile App,Active,Yes,0.623,Medium,Secondary Verification (SMS/OTP),2.0.0-week3,2026-09-30T14:43:51.571607+00:00
FT-T011559,FT-C00737,2026-03-28 16:36:00,Card Purchase,110080.23,Web,Android,Ibadan,No,Successful,No,22,Male,Kano,Everyday,Savings,72,83.2,500k-999k,USSD,Active,No,0.294,Low,Auto-Approve,2.0.0-week3,2026-09-30T14:43:51.571607+00:00
FT-T006495,FT-C00881,2026-02-18 17:01:00,Card Purchase,6666.43,Mobile App,iOS,Kano,No,Successful,Yes,64,Female,Benin City,Everyday,Current,18,67.7,100k-249k,Web,Active,No,0.2445,Low,Auto-Approve,2.0.0-week3,2026-09-30T14:43:51.571607+00:00
FT-T000409,FT-C01318,2026-01-04 01:26:00,Card Purchase,2752.63,Mobile App,Android,Enugu,No,Successful,No,35,Female,Kaduna,Student,Current,9,58.9,500k-999k,Mobile App,Active,Yes,0.4692,Medium,Secondary Verification (SMS/OTP),2.0.0-week3,2026-09-30T14:43:51.571607+00:00
FT-T003723,FT-C00455,2026-01-28 22:00:00,Transfer,500.44,Mobile App,Android,Ibadan,No,Successful,No,42,Female,Ibadan,Everyday,Premium,94,59.7,1m+,Web,Active,Yes,0.4757,Medium,Secondary Verification (SMS/OTP),2.0.0-week3,2026-09-30T14:43:51.571607+00:00
FT-T010602,FT-C00869,2026-03-21 12:20:00,Transfer,31078.59,Mobile App,iOS,Benin City,No,Pending,No,22,Male,Port Harcourt,Everyday,Current,61,88.2,250k-499k,Mobile App,Active,Yes,0.4847,Medium,Secondary Verification (SMS/OTP),2.0.0-week3,2026-09-30T14:43:51.571607+00:00
FT-T000772,FT-C00304,2026-01-06 18:47:00,Card Purchase,4628.09,POS,iOS,Enugu,No,Successful,No,33,Female,Lagos,SME,Savings,93,60.8,100k-249k,Mobile App,Active,No,0.2606,Low,Auto-Approve,2.0.0-week3,2026-09-30T14:43:51.571607+00:00
FT-T001976,FT-C00711,2026-01-15 19:31:00,Transfer,86549.48,Mobile App,iOS,Abuja,No,Successful,No,45,Male,Lagos,Student,Premium,30,56.6,Below 100k,Mobile App,Active,Yes,0.4951,Medium,Secondary Verification (SMS/OTP),2.0.0-week3,2026-09-30T14:43:51.571607+00:00
FT-T003245,FT-C00203,2026-01-25 07:58:00,Card Purchase,2097.17,Mobile App,iOS,Kaduna,No,Successful,No,56,Male,Kano,Everyday,Current,51,80.5,100k-249k,Mobile App,Active,No,0.2825,Low,Auto-Approve,2.0.0-week3,2026-09-30T14:43:51.571607+00:00
FT-T002497,FT-C00392,2026-01-19 17:19:00,Bill Payment,2079.14,ATM,iOS,Kaduna,No,Successful,No,42,Female,Ibadan,Everyday,Savings,72,85.7,250k-499k,USSD,Active,Yes,0.3532,Medium,Secondary Verification (SMS/OTP),2.0.0-week3,2026-09-30T14:43:51.571607+00:00
FT-T003453,FT-C00130,2026-01-26 21:24:00,Transfer,209624.37,Mobile App,iOS,Enugu,No,Successful,No,52,Female,Benin City,Premium,Savings,67,72.7,250k-499k,Mobile App,Active,Yes,0.6197,Medium,Secondary Verification (SMS/OTP),2.0.0-week3,2026-09-30T14:43:51.571607+00:00
FT-T005559,FT-C01346,2026-02-11 16:31:00,Transfer,670.86,Web,iOS,Kano,No,Successful,No,40,Male,Lagos,Everyday,Savings,1,56.2,250k-499k,Web,Active,Yes,0.4998,Medium,Secondary Verification (SMS/OTP),2.0.0-week3,2026-09-30T14:43:51.571607+00:00
FT-T007791,FT-C00280,2026-02-28 10:19:00,Airtime/Data,7435.15,ATM,iOS,Abuja,No,Successful,No,65,Female,Abuja,Premium,Savings,41,34.9,100k-249k,USSD,Active,No,0.3312,Medium,Secondary Verification (SMS/OTP),2.0.0-week3,2026-09-30T14:43:51.571607+00:00
FT-T002521,FT-C00267,2026-01-19 21:38:00,Card Purchase,1163.95,Mobile App,ATM Terminal,Abuja,No,Successful,No,43,Female,Kaduna,Premium,Savings,30,49.3,500k-999k,Mobile App,Active,No,0.278,Low,Auto-Approve,2.0.0-week3,2026-09-30T14:43:51.571607+00:00
FT-T010035,FT-C01116,2026-03-17 06:16:00,Card Purchase,535.83,Mobile App,Android,Lagos,Yes,Successful,No,27,Female,Enugu,SME,Current,42,62.7,1m+,Mobile App,Active,Yes,0.3891,Medium,Secondary Verification (SMS/OTP),2.0.0-week3,2026-09-30T14:43:51.571607+00:00
FT-T011368,FT-C00997,2026-03-27 06:13:00,Transfer,95256.09,Mobile App,Web Browser,Kano,No,Successful,No,43,Female,Abuja,Student,Current,3,76.2,Below 100k,Web,Active,Yes,0.5605,Medium,Secondary Verification (SMS/OTP),2.0.0-week3,2026-09-30T14:43:51.571607+00:00
FT-T006822,FT-C00886,2026-02-21 03:52:00,Transfer,318734.96,ATM,iOS,Kaduna,No,Reversed,Yes,65,Male,Lagos,Everyday,Current,41,61.4,250k-499k,USSD,Active,Yes,0.6431,Medium,Secondary Verification (SMS/OTP),2.0.0-week3,2026-09-30T14:43:51.571607+00:00
FT-T004411,FT-C00640,2026-02-03 01:51:00,Deposit,58184.91,Mobile App,Android,Abuja,No,Successful,No,24,Male,Abuja,SME,Premium,3,63.1,100k-249k,Mobile App,Active,Yes,0.4367,Medium,Secondary Verification (SMS/OTP),2.0.0-week3,2026-09-30T14:43:51.571607+00:00
FT-T006292,FT-C00357,2026-02-17 04:28:00,Transfer,250087.0,Mobile App,iOS,Kaduna,No,Successful,Yes,52,Male,Port Harcourt,Everyday,Savings,86,70.8,100k-249k,Mobile App,Active,Yes,0.7606,High,Immediate Review / Payment Hold,2.0.0-week3,2026-09-30T14:43:51.571607+00:00
FT-T000007,FT-C00680,2026-01-01 01:04:00,Airtime/Data,18733.61,Mobile App,Android,Lagos,No,Successful,No,28,Male,Benin City,Premium,Savings,31,79.9,1m+,Mobile App,Active,Yes,0.5286,Medium,Secondary Verification (SMS/OTP),2.0.0-week3,2026-09-30T14:43:51.571607+00:00
FT-T009699,FT-C00194,2026-03-14 17:47:00,Transfer,185468.57,POS,Web Browser,Ibadan,No,Successful,Yes,59,Female,Enugu,Everyday,Current,19,67.7,Below 100k,Mobile App,Active,Yes,0.5371,Medium,Secondary Verification (SMS/OTP),2.0.0-week3,2026-09-30T14:43:51.571607+00:00
FT-T010301,FT-C01163,2026-03-19 06:09:00,Transfer,783.11,Web,ATM Terminal,Enugu,No,Successful,Yes,57,Female,Enugu,Student,Savings,25,75.2,Below 100k,Web,Active,Yes,0.4735,Medium,Secondary Verification (SMS/OTP),2.0.0-week3,2026-09-30T14:43:51.571607+00:00
FT-T003522,FT-C00403,2026-01-27 09:49:00,Bill Payment,6636.55,USSD,Android,Abuja,No,Successful,No,31,Female,Abuja,Everyday,Premium,25,56.0,500k-999k,Web,Active,No,0.277,Low,Auto-Approve,2.0.0-week3,2026-09-30T14:43:51.571607+00:00
FT-T003340,FT-C00361,2026-01-26 01:04:00,Airtime/Data,31114.01,Web,iOS,Kaduna,No,Successful,No,40,Female,Lagos,Everyday,Savings,78,90.5,Below 100k,Web,Active,Yes,0.4497,Medium,Secondary Verification (SMS/OTP),2.0.0-week3,2026-09-30T14:43:51.571607+00:00
FT-T007329,FT-C00791,2026-02-24 23:08:00,Card Purchase,48438.27,USSD,POS Terminal,Lagos,No,Successful,No,29,Male,Benin City,Student,Savings,3,79.3,Below 100k,Mobile App,Active,Yes,0.3842,Medium,Secondary Verification (SMS/OTP),2.0.0-week3,2026-09-30T14:43:51.571607+00:00
FT-T008546,FT-C00483,2026-03-06 02:13:00,Card Purchase,1270.03,POS,Android,Lagos,No,Successful,No,38,Female,Ibadan,Everyday,Current,36,77.4,500k-999k,USSD,Active,No,0.3309,Medium,Secondary Verification (SMS/OTP),2.0.0-week3,2026-09-30T14:43:51.571607+00:00
FT-T009608,FT-C00713,2026-03-14 01:24:00,Card Purchase,150535.03,Mobile App,Web Browser,Enugu,No,Successful,No,54,Male,Kano,Everyday,Savings,18,56.9,250k-499k,Mobile App,Active,Yes,0.5129,Medium,Secondary Verification (SMS/OTP),2.0.0-week3,2026-09-30T14:43:51.571607+00:00
FT-T004211,FT-C00712,2026-02-01 13:51:00,Transfer,609.22,Mobile App,Android,Port Harcourt,No,Successful,No,45,Female,Lagos,Everyday,Savings,60,47.5,100k-249k,Mobile App,Active,Yes,0.4681,Medium,Secondary Verification (SMS/OTP),2.0.0-week3,2026-09-30T14:43:51.571607+00:00
FT-T009990,FT-C00989,2026-03-16 22:10:00,Cash Withdrawal,3632.05,Web,Android,Kano,No,Successful,No,32,Male,Abuja,Everyday,Savings,26,53.3,500k-999k,Mobile App,Active,Yes,0.4634,Medium,Secondary Verification (SMS/OTP),2.0.0-week3,2026-09-30T14:43:51.571607+00:00
FT-T002247,FT-C00717,2026-01-17 20:18:00,Cash Withdrawal,49705.72,Web,Web Browser,Lagos,No,Successful,No,34,Female,Kano,Everyday,Savings,7,70.6,100k-249k,Web,Active,Yes,0.4232,Medium,Secondary Verification (SMS/OTP),2.0.0-week3,2026-09-30T14:43:51.571607+00:00
FT-T006662,FT-C00388,2026-02-19 23:04:00,Transfer,819.99,Mobile App,ATM Terminal,Port Harcourt,No,Successful,No,46,Female,Lagos,Everyday,Premium,30,52.9,1m+,Mobile App,Active,Yes,0.5009,Medium,Secondary Verification (SMS/OTP),2.0.0-week3,2026-09-30T14:43:51.571607+00:00
FT-T002435,FT-C00004,2026-01-19 06:09:00,Bill Payment,3837.21,Web,Android,Kano,No,Failed,No,60,Female,Benin City,Premium,Premium,44,54.0,500k-999k,Mobile App,Dormant,Yes,0.3502,Medium,Secondary Verification (SMS/OTP),2.0.0-week3,2026-09-30T14:43:51.571607+00:00
FT-T007593,FT-C00548,2026-02-26 22:40:00,Transfer,15022.97,Web,Android,Lagos,No,Successful,No,42,Female,Port Harcourt,Everyday,Current,33,83.3,500k-999k,Mobile App,Active,Yes,0.4768,Medium,Secondary Verification (SMS/OTP),2.0.0-week3,2026-09-30T14:43:51.571607+00:00
FT-T002228,FT-C00630,2026-01-17 16:53:00,Transfer,358246.78,Mobile App,Android,Port Harcourt,Yes,Successful,No,46,Female,Port Harcourt,Everyday,Savings,33,43.5,100k-249k,Mobile App,Active,Yes,0.6067,Medium,Secondary Verification (SMS/OTP),2.0.0-week3,2026-09-30T14:43:51.571607+00:00
FT-T011382,FT-C01014,2026-03-27 08:45:00,Transfer,18616.8,Web,iOS,Enugu,No,Successful,No,20,Male,Abuja,Premium,Savings,95,84.2,100k-249k,Mobile App,Active,Yes,0.4664,Medium,Secondary Verification (SMS/OTP),2.0.0-week3,2026-09-30T14:43:51.571607+00:00
FT-T002704,FT-C00541,2026-01-21 06:34:00,Transfer,862.8,Mobile App,iOS,Lagos,Yes,Successful,No,58,Male,Port Harcourt,Everyday,Premium,82,51.0,250k-499k,Mobile App,Active,Yes,0.5247,Medium,Secondary Verification (SMS/OTP),2.0.0-week3,2026-09-30T14:43:51.571607+00:00
FT-T011988,FT-C00579,2026-03-31 21:50:00,Card Purchase,17677.01,Mobile App,iOS,Abuja,No,Successful,Yes,36,Female,Benin City,Student,Savings,55,66.5,100k-249k,Mobile App,Active,No,0.3014,Medium,Secondary Verification (SMS/OTP),2.0.0-week3,2026-09-30T14:43:51.571607+00:00
FT-T007957,FT-C01103,2026-03-01 16:11:00,Cash Withdrawal,126470.59,Web,iOS,Enugu,No,Successful,Yes,44,Female,Ibadan,Everyday,Savings,66,72.9,Below 100k,Web,Active,Yes,0.5088,Medium,Secondary Verification (SMS/OTP),2.0.0-week3,2026-09-30T14:43:51.571607+00:00
FT-T010731,FT-C00717,2026-03-22 11:33:00,Airtime/Data,9818.79,Web,iOS,Benin City,No,Successful,Yes,34,Female,Kano,Everyday,Savings,7,70.6,100k-249k,Web,Active,No,0.3064,Medium,Secondary Verification (SMS/OTP),2.0.0-week3,2026-09-30T14:43:51.571607+00:00
FT-T005052,FT-C01285,2026-02-07 21:15:00,Transfer,48698.34,Mobile App,Android,Ibadan,No,Successful,No,54,Male,Lagos,SME,Savings,8,25.4,250k-499k,Mobile App,Dormant,Yes,0.4973,Medium,Secondary Verification (SMS/OTP),2.0.0-week3,2026-09-30T14:43:51.571607+00:00
FT-T011784,FT-C00604,2026-03-30 09:06:00,Transfer,614.15,POS,ATM Terminal,Enugu,No,Successful,No,56,Female,Abuja,Student,Savings,28,83.6,Below 100k,Mobile App,Active,Yes,0.4743,Medium,Secondary Verification (SMS/OTP),2.0.0-week3,2026-09-30T14:43:51.571607+00:00
FT-T002705,FT-C00297,2026-01-21 06:45:00,Bill Payment,10306.71,Mobile App,Android,Abuja,No,Successful,No,42,Male,Port Harcourt,SME,Savings,73,77.2,1m+,Mobile App,Active,No,0.282,Low,Auto-Approve,2.0.0-week3,2026-09-30T14:43:51.571607+00:00
FT-T006218,FT-C00736,2026-02-16 15:09:00,Card Purchase,43523.07,Mobile App,POS Terminal,Kaduna,No,Successful,No,62,Male,Ibadan,Student,Premium,33,92.9,100k-249k,Mobile App,Restricted,No,0.2828,Low,Auto-Approve,2.0.0-week3,2026-09-30T14:43:51.571607+00:00
FT-T007728,FT-C01016,2026-02-27 22:58:00,Cash Withdrawal,1588.79,USSD,Web Browser,Abuja,No,Successful,No,23,Female,Kaduna,Everyday,Current,3,50.7,Below 100k,USSD,Active,Yes,0.4132,Medium,Secondary Verification (SMS/OTP),2.0.0-week3,2026-09-30T14:43:51.571607+00:00
FT-T001657,FT-C00521,2026-01-13 10:06:00,Card Purchase,5448.61,USSD,Android,Lagos,No,Successful,No,57,Female,Lagos,Everyday,Savings,61,76.0,250k-499k,Web,Active,No,0.2762,Low,Auto-Approve,2.0.0-week3,2026-09-30T14:43:51.571607+00:00
FT-T008593,FT-C00618,2026-03-06 10:41:00,Deposit,111192.9,POS,Android,Kaduna,No,Successful,Yes,61,Male,Lagos,Student,Premium,35,70.3,100k-249k,USSD,Active,Yes,0.3789,Medium,Secondary Verification (SMS/OTP),2.0.0-week3,2026-09-30T14:43:51.571607+00:00
FT-T008572,FT-C00135,2026-03-06 06:54:00,Airtime/Data,3341.62,Web,Android,Benin City,No,Successful,No,31,Female,Abuja,Student,Savings,56,45.7,100k-249k,Mobile App,Dormant,No,0.3369,Medium,Secondary Verification (SMS/OTP),2.0.0-week3,2026-09-30T14:43:51.571607+00:00
FT-T004532,FT-C00543,2026-02-03 23:38:00,Bill Payment,12309.01,Mobile App,ATM Terminal,Port Harcourt,No,Successful,No,21,Male,Kano,Everyday,Savings,87,92.5,500k-999k,Mobile App,Active,No,0.253,Low,Auto-Approve,2.0.0-week3,2026-09-30T14:43:51.571607+00:00
FT-T010187,FT-C01240,2026-03-18 09:37:00,Cash Withdrawal,50123.89,Web,POS Terminal,Lagos,No,Successful,No,47,Female,Ibadan,Student,Premium,86,92.1,500k-999k,Mobile App,Active,Yes,0.4048,Medium,Secondary Verification (SMS/OTP),2.0.0-week3,2026-09-30T14:43:51.571607+00:00
FT-T002537,FT-C00764,2026-01-20 00:31:00,Deposit,306389.22,Mobile App,Android,Kano,No,Successful,Yes,20,Male,Lagos,Student,Savings,21,50.0,100k-249k,Mobile App,Active,Yes,0.4185,Medium,Secondary Verification (SMS/OTP),2.0.0-week3,2026-09-30T14:43:51.571607+00:00
FT-T009352,FT-C00560,2026-03-12 03:19:00,Transfer,146694.31,Mobile App,Android,Benin City,No,Successful,No,56,Female,Ibadan,Everyday,Savings,80,81.7,250k-499k,Mobile App,Dormant,Yes,0.5623,Medium,Secondary Verification (SMS/OTP),2.0.0-week3,2026-09-30T14:43:51.571607+00:00
FT-T002609,FT-C00685,2026-01-20 13:28:00,Airtime/Data,46519.71,Mobile App,Web Browser,Kaduna,Yes,Successful,No,37,Male,Lagos,SME,Current,10,60.7,250k-499k,Mobile App,Active,Yes,0.4706,Medium,Secondary Verification (SMS/OTP),2.0.0-week3,2026-09-30T14:43:51.571607+00:00
FT-T008173,FT-C00743,2026-03-03 07:04:00,Cash Withdrawal,1420.61,USSD,Web Browser,Benin City,No,Successful,No,28,Male,Abuja,SME,Premium,87,79.0,Below 100k,USSD,Active,Yes,0.473,Medium,Secondary Verification (SMS/OTP),2.0.0-week3,2026-09-30T14:43:51.571607+00:00
FT-T003735,FT-C01247,2026-01-29 00:10:00,Card Purchase,697.36,POS,Android,Kaduna,No,Successful,No,46,Female,Abuja,Everyday,Savings,13,57.4,1m+,Mobile App,Active,Yes,0.4292,Medium,Secondary Verification (SMS/OTP),2.0.0-week3,2026-09-30T14:43:51.571607+00:00
FT-T009783,FT-C00752,2026-03-15 08:54:00,Transfer,753.89,POS,Android,Kaduna,No,Successful,No,58,Male,Enugu,Everyday,Current,90,88.6,Below 100k,Web,Active,Yes,0.4337,Medium,Secondary Verification (SMS/OTP),2.0.0-week3,2026-09-30T14:43:51.571607+00:00
FT-T003953,FT-C00347,2026-01-30 15:25:00,Airtime/Data,43846.06,Mobile App,Android,Port Harcourt,No,Failed,No,46,Male,Enugu,Everyday,Savings,9,64.5,Below 100k,USSD,Active,No,0.3056,Medium,Secondary Verification (SMS/OTP),2.0.0-week3,2026-09-30T14:43:51.571607+00:00
FT-T005185,FT-C00945,2026-02-08 21:11:00,Bill Payment,3137.73,POS,POS Terminal,Kaduna,No,Successful,No,25,Female,Kaduna,Premium,Premium,49,43.9,250k-499k,Web,Active,Yes,0.355,Medium,Secondary Verification (SMS/OTP),2.0.0-week3,2026-09-30T14:43:51.571607+00:00
FT-T003218,FT-C00581,2026-01-25 03:06:00,Card Purchase,355.28,Web,Android,Port Harcourt,No,Successful,No,29,Female,Benin City,Everyday,Savings,17,72.6,1m+,Web,Active,No,0.3138,Medium,Secondary Verification (SMS/OTP),2.0.0-week3,2026-09-30T14:43:51.571607+00:00
FT-T004931,FT-C01189,2026-02-06 23:28:00,Card Purchase,99857.41,ATM,Android,Kano,No,Successful,No,63,Prefer not to say,Abuja,Everyday,Savings,87,90.8,Below 100k,Web,Active,No,0.2853,Low,Auto-Approve,2.0.0-week3,2026-09-30T14:43:51.571607+00:00
FT-T009757,FT-C01367,2026-03-15 04:13:00,Transfer,884.7,POS,Web Browser,Port Harcourt,No,Reversed,No,54,Male,Lagos,SME,Savings,84,66.4,Below 100k,USSD,Active,Yes,0.4684,Medium,Secondary Verification (SMS/OTP),2.0.0-week3,2026-09-30T14:43:51.571607+00:00
FT-T007825,FT-C01246,2026-02-28 16:26:00,Cash Withdrawal,5216.15,Mobile App,Android,Enugu,No,Successful,Yes,62,Female,Abuja,Premium,Savings,35,75.7,500k-999k,Mobile App,Dormant,Yes,0.4415,Medium,Secondary Verification (SMS/OTP),2.0.0-week3,2026-09-30T14:43:51.571607+00:00
FT-T000449,FT-C01261,2026-01-04 08:38:00,Card Purchase,5950.83,ATM,ATM Terminal,Kano,No,Successful,No,18,Female,Kano,Everyday,Savings,94,82.2,100k-249k,Mobile App,Active,No,0.329,Medium,Secondary Verification (SMS/OTP),2.0.0-week3,2026-09-30T14:43:51.571607+00:00
FT-T004490,FT-C00988,2026-02-03 16:05:00,Cash Withdrawal,39039.74,Mobile App,Android,Kano,No,Successful,Yes,19,Male,Abuja,Student,Premium,36,69.6,1m+,Mobile App,Active,Yes,0.5661,Medium,Secondary Verification (SMS/OTP),2.0.0-week3,2026-09-30T14:43:51.571607+00:00
FT-T010620,FT-C00894,2026-03-21 15:34:00,Card Purchase,21799.6,Mobile App,Android,Lagos,No,Successful,No,64,Female,Lagos,SME,Current,22,60.6,250k-499k,USSD,Active,No,0.197,Low,Auto-Approve,2.0.0-week3,2026-09-30T14:43:51.571607+00:00
FT-T006960,FT-C01120,2026-02-22 04:43:00,Card Purchase,14488.63,Mobile App,ATM Terminal,Ibadan,No,Successful,No,48,Prefer not to say,Kano,Student,Savings,89,58.7,250k-499k,Mobile App,Active,Yes,0.4277,Medium,Secondary Verification (SMS/OTP),2.0.0-week3,2026-09-30T14:43:51.571607+00:00
FT-T006317,FT-C00403,2026-02-17 08:58:00,Transfer,383396.42,Mobile App,,Ibadan,No,Successful,No,31,Female,Abuja,Everyday,Premium,25,56.0,500k-999k,Web,Active,Yes,0.5218,Medium,Secondary Verification (SMS/OTP),2.0.0-week3,2026-09-30T14:43:51.571607+00:00
FT-T008026,FT-C01375,2026-03-02 04:37:00,Airtime/Data,32081.76,Web,Android,Port Harcourt,No,Successful,Yes,55,Female,Kaduna,Premium,Savings,19,59.1,250k-499k,Mobile App,Active,Yes,0.5698,Medium,Secondary Verification (SMS/OTP),2.0.0-week3,2026-09-30T14:43:51.571607+00:00
FT-T004248,FT-C00723,2026-02-01 20:31:00,Card Purchase,91049.59,POS,Android,Kano,No,Successful,No,65,Male,Lagos,Everyday,Savings,4,40.4,250k-499k,Mobile App,Active,No,0.254,Low,Auto-Approve,2.0.0-week3,2026-09-30T14:43:51.571607+00:00
FT-T009583,FT-C00651,2026-03-13 20:54:00,Bill Payment,827.18,Mobile App,POS Terminal,Kano,No,Successful,No,27,Female,Kano,Everyday,Premium,38,63.2,Below 100k,Mobile App,Active,No,0.3136,Medium,Secondary Verification (SMS/OTP),2.0.0-week3,2026-09-30T14:43:51.571607+00:00
FT-T001837,FT-C00639,2026-01-14 18:30:00,Deposit,1704.16,ATM,POS Terminal,Ibadan,No,Successful,No,34,Male,Port Harcourt,Student,Current,48,39.8,100k-249k,Mobile App,Active,No,0.2612,Low,Auto-Approve,2.0.0-week3,2026-09-30T14:43:51.571607+00:00
FT-T002034,FT-C01053,2026-01-16 05:58:00,Cash Withdrawal,2252.54,Mobile App,Web Browser,Ibadan,No,Successful,Yes,28,Male,Port Harcourt,Everyday,Savings,70,100.0,Below 100k,Mobile App,Restricted,Yes,0.6196,Medium,Secondary Verification (SMS/OTP),2.0.0-week3,2026-09-30T14:43:51.571607+00:00
FT-T007270,FT-C01036,2026-02-24 12:31:00,Card Purchase,104980.91,USSD,iOS,Kano,No,Successful,No,52,Female,Kaduna,Everyday,Premium,4,49.2,Below 100k,Mobile App,Active,No,0.3273,Medium,Secondary Verification (SMS/OTP),2.0.0-week3,2026-09-30T14:43:51.571607+00:00
FT-T003689,FT-C00432,2026-01-28 15:53:00,Deposit,1500.31,Mobile App,Android,Port Harcourt,No,Successful,No,64,Male,Lagos,SME,Current,37,66.1,250k-499k,Web,Active,No,0.2991,Low,Auto-Approve,2.0.0-week3,2026-09-30T14:43:51.571607+00:00
FT-T005693,FT-C00042,2026-02-12 16:38:00,Bill Payment,17875.96,Web,Android,Ibadan,No,Successful,Yes,56,Male,Lagos,Everyday,Premium,50,61.4,100k-249k,Mobile App,Active,No,0.2752,Low,Auto-Approve,2.0.0-week3,2026-09-30T14:43:51.571607+00:00
FT-T008794,FT-C00757,2026-03-07 22:52:00,Cash Withdrawal,7116.1,POS,iOS,Kaduna,No,Successful,No,23,Female,Port Harcourt,Everyday,Current,78,78.4,500k-999k,USSD,Active,Yes,0.3593,Medium,Secondary Verification (SMS/OTP),2.0.0-week3,2026-09-30T14:43:51.571607+00:00
FT-T002968,FT-C00838,2026-01-23 06:06:00,Cash Withdrawal,123550.6,POS,POS Terminal,Port Harcourt,No,Pending,No,60,Female,Port Harcourt,SME,Premium,80,91.4,100k-249k,USSD,Active,Yes,0.495,Medium,Secondary Verification (SMS/OTP),2.0.0-week3,2026-09-30T14:43:51.571607+00:00
FT-T007136,FT-C01095,2026-02-23 12:24:00,Deposit,2603.81,ATM,ATM Terminal,Lagos,No,Successful,No,25,Male,Lagos,Everyday,Savings,44,63.6,250k-499k,Mobile App,Active,Yes,0.3653,Medium,Secondary Verification (SMS/OTP),2.0.0-week3,2026-09-30T14:43:51.571607+00:00
FT-T011977,FT-C00026,2026-03-31 19:51:00,Card Purchase,44887.09,POS,Android,Ibadan,No,Successful,No,29,Female,Lagos,Everyday,Premium,62,63.6,100k-249k,Mobile App,Active,No,0.2705,Low,Auto-Approve,2.0.0-week3,2026-09-30T14:43:51.571607+00:00
FT-T010648,FT-C01270,2026-03-21 20:37:00,Airtime/Data,21658.92,Mobile App,POS Terminal,Abuja,No,Successful,No,63,Male,Ibadan,Everyday,Current,55,56.8,500k-999k,Mobile App,Active,No,0.2701,Low,Auto-Approve,2.0.0-week3,2026-09-30T14:43:51.571607+00:00
FT-T009925,FT-C01209,2026-03-16 10:28:00,Airtime/Data,203.71,Mobile App,Android,Ibadan,No,Successful,No,35,Male,Enugu,Everyday,Savings,56,68.3,250k-499k,Mobile App,Dormant,No,0.2991,Low,Auto-Approve,2.0.0-week3,2026-09-30T14:43:51.571607+00:00
FT-T001658,FT-C01277,2026-01-13 10:17:00,Transfer,17840.0,POS,POS Terminal,Port Harcourt,Yes,Successful,Yes,46,Female,Port Harcourt,Premium,Savings,6,36.5,250k-499k,USSD,Active,Yes,0.558,Medium,Secondary Verification (SMS/OTP),2.0.0-week3,2026-09-30T14:43:51.571607+00:00
FT-T009126,FT-C00244,2026-03-10 10:38:00,Transfer,2253.68,Mobile App,iOS,Enugu,No,Successful,No,43,Prefer not to say,Abuja,Everyday,Premium,27,72.8,250k-499k,Mobile App,Active,Yes,0.4725,Medium,Secondary Verification (SMS/OTP),2.0.0-week3,2026-09-30T14:43:51.571607+00:00
FT-T008995,FT-C01064,2026-03-09 11:03:00,Airtime/Data,20162.65,POS,iOS,Enugu,No,Reversed,No,43,Female,Port Harcourt,SME,Savings,22,72.9,Below 100k,Mobile App,Active,Yes,0.3937,Medium,Secondary Verification (SMS/OTP),2.0.0-week3,2026-09-30T14:43:51.571607+00:00
FT-T010079,FT-C00553,2026-03-17 14:11:00,Transfer,438318.93,Web,Android,Abuja,No,Successful,No,26,Female,Lagos,SME,Premium,7,58.7,100k-249k,Mobile App,Active,Yes,0.6523,Medium,Secondary Verification (SMS/OTP),2.0.0-week3,2026-09-30T14:43:51.571607+00:00
FT-T001603,FT-C01289,2026-01-13 00:23:00,Bill Payment,53510.81,ATM,iOS,Ibadan,No,Successful,Yes,64,Male,Kaduna,Everyday,Current,40,45.0,100k-249k,Mobile App,Active,Yes,0.4431,Medium,Secondary Verification (SMS/OTP),2.0.0-week3,2026-09-30T14:43:51.571607+00:00
FT-T005884,FT-C00265,2026-02-14 03:01:00,Airtime/Data,236.18,Mobile App,Android,Kano,No,Successful,No,24,Male,Port Harcourt,Everyday,Current,41,33.3,100k-249k,Web,Active,Yes,0.4071,Medium,Secondary Verification (SMS/OTP),2.0.0-week3,2026-09-30T14:43:51.571607+00:00
FT-T005986,FT-C00460,2026-02-14 21:23:00,Airtime/Data,16555.89,USSD,Android,Enugu,No,Reversed,No,56,Female,Kano,Everyday,Savings,61,85.2,100k-249k,Mobile App,Active,Yes,0.3876,Medium,Secondary Verification (SMS/OTP),2.0.0-week3,2026-09-30T14:43:51.571607+00:00
FT-T011795,FT-C00841,2026-03-30 11:05:00,Card Purchase,11857.64,Mobile App,Android,Benin City,No,Successful,No,28,Female,Kano,Student,Savings,19,57.3,Below 100k,Mobile App,Active,No,0.3095,Medium,Secondary Verification (SMS/OTP),2.0.0-week3,2026-09-30T14:43:51.571607+00:00
FT-T006136,FT-C00684,2026-02-16 00:23:00,Transfer,106658.13,Mobile App,POS Terminal,Kaduna,No,Successful,Yes,36,Female,Abuja,SME,Savings,52,68.3,100k-249k,Mobile App,Active,Yes,0.4864,Medium,Secondary Verification (SMS/OTP),2.0.0-week3,2026-09-30T14:43:51.571607+00:00
FT-T004703,FT-C00890,2026-02-05 06:25:00,Card Purchase,2804.32,Mobile App,Android,Benin City,No,Successful,No,18,Female,Benin City,Student,Savings,63,97.7,250k-499k,Mobile App,Active,Yes,0.3517,Medium,Secondary Verification (SMS/OTP),2.0.0-week3,2026-09-30T14:43:51.571607+00:00
FT-T003376,FT-C00663,2026-01-26 07:33:00,Airtime/Data,989.09,Mobile App,iOS,Kano,No,Successful,No,56,Male,Kano,SME,Savings,78,73.7,250k-499k,USSD,Active,No,0.2676,Low,Auto-Approve,2.0.0-week3,2026-09-30T14:43:51.571607+00:00
FT-T008028,FT-C00187,2026-03-02 04:58:00,Transfer,15233.95,Mobile App,iOS,Lagos,Yes,Successful,No,56,Female,Kano,SME,Savings,83,67.4,100k-249k,USSD,Active,Yes,0.5907,Medium,Secondary Verification (SMS/OTP),2.0.0-week3,2026-09-30T14:43:51.571607+00:00
FT-T008222,FT-C00382,2026-03-03 15:54:00,Transfer,25873.42,Mobile App,iOS,Port Harcourt,No,Successful,Yes,57,Male,Kano,Student,Savings,26,42.7,100k-249k,Mobile App,Active,Yes,0.4806,Medium,Secondary Verification (SMS/OTP),2.0.0-week3,2026-09-30T14:43:51.571607+00:00
FT-T008058,FT-C01251,2026-03-02 10:22:00,Airtime/Data,321.79,USSD,Android,Enugu,No,Successful,No,36,Female,Port Harcourt,Everyday,Current,56,45.5,Below 100k,Mobile App,Active,No,0.282,Low,Auto-Approve,2.0.0-week3,2026-09-30T14:43:51.571607+00:00
FT-T006201,FT-C00500,2026-02-16 12:05:00,Card Purchase,32214.97,Web,Android,Ibadan,No,Successful,No,62,Female,Lagos,Premium,Premium,19,39.4,Below 100k,Mobile App,Active,No,0.2256,Low,Auto-Approve,2.0.0-week3,2026-09-30T14:43:51.571607+00:00
FT-T001669,FT-C01500,2026-01-13 12:15:00,Deposit,496331.36,POS,Android,Port Harcourt,No,Successful,No,40,Male,Lagos,Student,Current,31,51.1,100k-249k,Web,Active,Yes,0.4286,Medium,Secondary Verification (SMS/OTP),2.0.0-week3,2026-09-30T14:43:51.571607+00:00
FT-T005660,FT-C00718,2026-02-12 10:42:00,Bill Payment,943.2,USSD,Web Browser,Enugu,No,Successful,No,26,Female,Enugu,Student,Savings,69,93.2,500k-999k,Mobile App,Active,No,0.3037,Medium,Secondary Verification (SMS/OTP),2.0.0-week3,2026-09-30T14:43:51.571607+00:00
FT-T007498,FT-C00079,2026-02-26 05:34:00,Bill Payment,3058.67,Web,Android,Enugu,No,Successful,No,31,Male,Abuja,Student,Current,96,54.3,100k-249k,Mobile App,Active,No,0.326,Medium,Secondary Verification (SMS/OTP),2.0.0-week3,2026-09-30T14:43:51.571607+00:00
FT-T006403,FT-C00164,2026-02-18 00:27:00,Transfer,39125.87,Web,Android,Kano,No,Successful,Yes,24,Male,Lagos,Everyday,Savings,86,73.5,1m+,Web,Active,Yes,0.5864,Medium,Secondary Verification (SMS/OTP),2.0.0-week3,2026-09-30T14:43:51.571607+00:00
FT-T000607,FT-C01250,2026-01-05 13:05:00,Cash Withdrawal,42930.32,POS,Android,Kaduna,No,Successful,No,57,Female,Lagos,SME,Current,2,72.9,100k-249k,Mobile App,Active,Yes,0.4645,Medium,Secondary Verification (SMS/OTP),2.0.0-week3,2026-09-30T14:43:51.571607+00:00
FT-T005434,FT-C00832,2026-02-10 18:01:00,Bill Payment,803.43,Web,Web Browser,Port Harcourt,No,Successful,No,41,Male,Port Harcourt,Premium,Savings,64,49.3,500k-999k,Mobile App,Active,No,0.3239,Medium,Secondary Verification (SMS/OTP),2.0.0-week3,2026-09-30T14:43:51.571607+00:00
FT-T000537,FT-C00762,2026-01-05 00:29:00,Bill Payment,1814.22,Mobile App,Android,Lagos,No,Successful,Yes,22,Female,Abuja,Everyday,Savings,2,79.5,100k-249k,Mobile App,Active,Yes,0.4685,Medium,Secondary Verification (SMS/OTP),2.0.0-week3,2026-09-30T14:43:51.571607+00:00
FT-T003242,FT-C01092,2026-01-25 07:25:00,Bill Payment,80955.62,Mobile App,Android,Enugu,No,Successful,No,23,Female,Lagos,Student,Current,72,46.0,Below 100k,Mobile App,Active,No,0.2457,Low,Auto-Approve,2.0.0-week3,2026-09-30T14:43:51.571607+00:00
FT-T003590,FT-C01379,2026-01-27 22:04:00,Bill Payment,711.17,Mobile App,iOS,Port Harcourt,No,Successful,No,42,Male,Port Harcourt,Premium,Current,70,52.9,250k-499k,Mobile App,Active,No,0.2263,Low,Auto-Approve,2.0.0-week3,2026-09-30T14:43:51.571607+00:00
FT-T011818,FT-C00036,2026-03-30 15:14:00,Deposit,3669.03,Web,iOS,Enugu,No,Successful,No,61,Male,Benin City,Everyday,Savings,69,88.6,250k-499k,Web,Active,No,0.316,Medium,Secondary Verification (SMS/OTP),2.0.0-week3,2026-09-30T14:43:51.571607+00:00
FT-T000600,FT-C01345,2026-01-05 11:49:00,Bill Payment,6504.93,Web,iOS,Kano,No,Successful,No,63,Female,Lagos,Student,Savings,7,88.8,Below 100k,Mobile App,Active,No,0.348,Medium,Secondary Verification (SMS/OTP),2.0.0-week3,2026-09-30T14:43:51.571607+00:00
FT-T001877,FT-C01224,2026-01-15 01:42:00,Card Purchase,13276.14,POS,Android,Ibadan,No,Successful,No,39,Female,Kano,Everyday,Current,35,65.2,100k-249k,Mobile App,Active,Yes,0.3774,Medium,Secondary Verification (SMS/OTP),2.0.0-week3,2026-09-30T14:43:51.571607+00:00
FT-T010772,FT-C00044,2026-03-22 18:56:00,Cash Withdrawal,41699.98,POS,POS Terminal,Benin City,No,Successful,No,21,Female,Abuja,Everyday,Savings,33,71.1,500k-999k,USSD,Active,Yes,0.5175,Medium,Secondary Verification (SMS/OTP),2.0.0-week3,2026-09-30T14:43:51.571607+00:00
FT-T007654,FT-C01308,2026-02-27 09:39:00,Card Purchase,9055.61,ATM,Web Browser,Enugu,No,Successful,No,27,Female,Port Harcourt,Everyday,Savings,35,100.0,250k-499k,Mobile App,Active,Yes,0.4167,Medium,Secondary Verification (SMS/OTP),2.0.0-week3,2026-09-30T14:43:51.571607+00:00
FT-T005040,FT-C00101,2026-02-07 19:05:00,Card Purchase,29866.9,POS,Android,Lagos,No,Successful,No,61,Male,Kaduna,Everyday,Savings,28,64.0,500k-999k,Mobile App,Active,No,0.2837,Low,Auto-Approve,2.0.0-week3,2026-09-30T14:43:51.571607+00:00
FT-T002071,FT-C00036,2026-01-16 12:37:00,Card Purchase,1625.62,Mobile App,POS Terminal,Lagos,No,Successful,No,61,Male,Benin City,Everyday,Savings,69,88.6,250k-499k,Web,Active,No,0.3166,Medium,Secondary Verification (SMS/OTP),2.0.0-week3,2026-09-30T14:43:51.571607+00:00
FT-T007575,FT-C01387,2026-02-26 19:26:00,Card Purchase,1119.19,Mobile App,Android,Port Harcourt,No,Successful,Yes,48,Female,Port Harcourt,Everyday,Savings,49,48.7,500k-999k,Web,Active,No,0.255,Low,Auto-Approve,2.0.0-week3,2026-09-30T14:43:51.571607+00:00
FT-T004226,FT-C00406,2026-02-01 16:33:00,Deposit,5013.43,USSD,Android,Enugu,No,Successful,No,32,Male,Port Harcourt,Everyday,Savings,3,53.1,500k-999k,Mobile App,Active,No,0.3174,Medium,Secondary Verification (SMS/OTP),2.0.0-week3,2026-09-30T14:43:51.571607+00:00
FT-T005914,FT-C00001,2026-02-14 08:25:00,Card Purchase,11801.36,Mobile App,Android,Lagos,No,Successful,No,56,Male,Lagos,Premium,Savings,55,84.9,500k-999k,Mobile App,Active,No,0.3352,Medium,Secondary Verification (SMS/OTP),2.0.0-week3,2026-09-30T14:43:51.571607+00:00
FT-T004552,FT-C00516,2026-02-04 03:14:00,Transfer,3556.41,Web,Android,Port Harcourt,No,Successful,No,54,Female,Kaduna,Student,Savings,85,100.0,250k-499k,Mobile App,Active,Yes,0.6168,Medium,Secondary Verification (SMS/OTP),2.0.0-week3,2026-09-30T14:43:51.571607+00:00
FT-T008571,FT-C00109,2026-03-06 06:43:00,Cash Withdrawal,42260.96,ATM,iOS,Abuja,No,Successful,No,50,Male,Lagos,Everyday,Premium,82,57.3,100k-249k,Mobile App,Active,Yes,0.4685,Medium,Secondary Verification (SMS/OTP),2.0.0-week3,2026-09-30T14:43:51.571607+00:00
FT-T000331,FT-C01037,2026-01-03 11:24:00,Transfer,56754.57,Mobile App,ATM Terminal,Benin City,No,Successful,No,47,Male,Abuja,SME,Savings,94,100.0,250k-499k,Web,Active,Yes,0.4754,Medium,Secondary Verification (SMS/OTP),2.0.0-week3,2026-09-30T14:43:51.571607+00:00
FT-T011997,FT-C00395,2026-03-31 23:27:00,Airtime/Data,16198.02,Mobile App,iOS,Ibadan,No,Successful,No,24,Female,Ibadan,Everyday,Current,56,57.7,100k-249k,Mobile App,Dormant,Yes,0.3617,Medium,Secondary Verification (SMS/OTP),2.0.0-week3,2026-09-30T14:43:51.571607+00:00
FT-T007527,FT-C00749,2026-02-26 10:47:00,Transfer,204931.31,Mobile App,Android,Kano,No,Successful,Yes,30,Female,Ibadan,Everyday,Savings,65,82.9,500k-999k,USSD,Active,Yes,0.7363,High,Immediate Review / Payment Hold,2.0.0-week3,2026-09-30T14:43:51.571607+00:00
FT-T005462,FT-C00116,2026-02-10 23:03:00,Transfer,732.86,Web,ATM Terminal,Enugu,Yes,Successful,No,26,Male,Kaduna,Everyday,Savings,44,57.1,Below 100k,Mobile App,Dormant,Yes,0.579,Medium,Secondary Verification (SMS/OTP),2.0.0-week3,2026-09-30T14:43:51.571607+00:00
FT-T002541,FT-C00953,2026-01-20 01:14:00,Card Purchase,2889.04,Mobile App,Web Browser,Kano,No,Successful,No,43,Male,Enugu,Premium,Current,77,79.2,100k-249k,Mobile App,Active,Yes,0.4623,Medium,Secondary Verification (SMS/OTP),2.0.0-week3,2026-09-30T14:43:51.571607+00:00
FT-T010143,FT-C00324,2026-03-18 01:42:00,Cash Withdrawal,155180.79,ATM,Web Browser,Lagos,No,Successful,Yes,47,Male,Abuja,Everyday,Savings,37,82.5,1m+,Mobile App,Active,Yes,0.5518,Medium,Secondary Verification (SMS/OTP),2.0.0-week3,2026-09-30T14:43:51.571607+00:00
FT-T011402,FT-C00637,2026-03-27 12:21:00,Deposit,368678.84,POS,Android,Ibadan,No,Successful,Yes,18,Male,Port Harcourt,Everyday,Premium,33,52.5,250k-499k,Web,Active,Yes,0.4618,Medium,Secondary Verification (SMS/OTP),2.0.0-week3,2026-09-30T14:43:51.571607+00:00
FT-T003401,FT-C00008,2026-01-26 12:03:00,Transfer,97468.89,Mobile App,Web Browser,Abuja,No,Failed,No,36,Female,Lagos,SME,Savings,36,62.5,100k-249k,USSD,Active,Yes,0.452,Medium,Secondary Verification (SMS/OTP),2.0.0-week3,2026-09-30T14:43:51.571607+00:00
FT-T008439,FT-C01410,2026-03-05 06:57:00,Transfer,1341.25,Mobile App,iOS,Kano,No,Successful,Yes,57,Male,Abuja,Premium,Savings,94,62.3,250k-499k,Web,Active,Yes,0.4563,Medium,Secondary Verification (SMS/OTP),2.0.0-week3,2026-09-30T14:43:51.571607+00:00
FT-T011345,FT-C00113,2026-03-27 02:05:00,Card Purchase,18578.26,Web,Android,Lagos,No,Successful,No,58,Female,Lagos,Student,Savings,76,69.6,500k-999k,Web,Active,No,0.3411,Medium,Secondary Verification (SMS/OTP),2.0.0-week3,2026-09-30T14:43:51.571607+00:00
FT-T008144,FT-C00984,2026-03-03 01:51:00,Airtime/Data,49855.04,Web,iOS,Kaduna,No,Pending,No,32,Female,Kaduna,Student,Savings,47,56.6,100k-249k,Mobile App,Active,Yes,0.4567,Medium,Secondary Verification (SMS/OTP),2.0.0-week3,2026-09-30T14:43:51.571607+00:00
FT-T003523,FT-C01148,2026-01-27 10:00:00,Bill Payment,5348.68,USSD,POS Terminal,Benin City,No,Reversed,No,23,Male,Abuja,Student,Premium,29,69.1,100k-249k,Mobile App,Active,No,0.2277,Low,Auto-Approve,2.0.0-week3,2026-09-30T14:43:51.571607+00:00
FT-T006905,FT-C00035,2026-02-21 18:49:00,Transfer,60154.7,ATM,Android,Abuja,No,Successful,No,64,Female,Lagos,Premium,Premium,72,43.1,1m+,USSD,Active,Yes,0.4428,Medium,Secondary Verification (SMS/OTP),2.0.0-week3,2026-09-30T14:43:51.571607+00:00
FT-T009119,FT-C00030,2026-03-10 09:22:00,Deposit,1956.66,Mobile App,Web Browser,Kano,No,Successful,No,44,Female,Ibadan,Everyday,Premium,14,72.6,250k-499k,Mobile App,Active,No,0.3256,Medium,Secondary Verification (SMS/OTP),2.0.0-week3,2026-09-30T14:43:51.571607+00:00
FT-T002268,FT-C00711,2026-01-18 00:05:00,Transfer,256151.48,POS,ATM Terminal,Kaduna,No,Successful,No,45,Male,Lagos,Student,Premium,30,56.6,Below 100k,Mobile App,Active,Yes,0.6055,Medium,Secondary Verification (SMS/OTP),2.0.0-week3,2026-09-30T14:43:51.571607+00:00
FT-T011848,FT-C00257,2026-03-30 20:38:00,Card Purchase,77906.87,Web,Android,Port Harcourt,No,Successful,No,28,Female,Ibadan,Everyday,Premium,38,72.5,500k-999k,Mobile App,Active,No,0.249,Low,Auto-Approve,2.0.0-week3,2026-09-30T14:43:51.571607+00:00
FT-T004670,FT-C01125,2026-02-05 00:29:00,Transfer,56760.57,Web,POS Terminal,Kaduna,No,Failed,No,32,Male,Kano,Everyday,Premium,80,46.8,100k-249k,Mobile App,Active,Yes,0.5862,Medium,Secondary Verification (SMS/OTP),2.0.0-week3,2026-09-30T14:43:51.571607+00:00
FT-T001114,FT-C00793,2026-01-09 08:21:00,Transfer,150493.57,Mobile App,ATM Terminal,Port Harcourt,No,Successful,No,61,Male,Abuja,Everyday,Savings,51,78.7,100k-249k,Web,Active,Yes,0.4322,Medium,Secondary Verification (SMS/OTP),2.0.0-week3,2026-09-30T14:43:51.571607+00:00
FT-T001912,FT-C01121,2026-01-15 08:00:00,Card Purchase,815.99,POS,POS Terminal,Enugu,No,Successful,Yes,64,Male,Kano,Everyday,Savings,61,88.6,500k-999k,Mobile App,Active,No,0.2503,Low,Auto-Approve,2.0.0-week3,2026-09-30T14:43:51.571607+00:00
FT-T010284,FT-C00209,2026-03-19 03:05:00,Transfer,128925.21,Mobile App,iOS,Kaduna,No,Successful,No,19,Female,Port Harcourt,SME,Savings,70,90.6,250k-499k,Mobile App,Active,Yes,0.5707,Medium,Secondary Verification (SMS/OTP),2.0.0-week3,2026-09-30T14:43:51.571607+00:00
FT-T001925,FT-C00255,2026-01-15 10:20:00,Airtime/Data,307.06,Mobile App,Web Browser,Abuja,No,Successful,No,57,Female,Abuja,Everyday,Premium,15,94.2,250k-499k,Mobile App,Active,No,0.3099,Medium,Secondary Verification (SMS/OTP),2.0.0-week3,2026-09-30T14:43:51.571607+00:00
FT-T009521,FT-C00377,2026-03-13 09:44:00,Card Purchase,568.8,Mobile App,ATM Terminal,Port Harcourt,No,Successful,No,44,Female,Port Harcourt,Student,Current,1,67.4,Below 100k,Web,Active,No,0.3209,Medium,Secondary Verification (SMS/OTP),2.0.0-week3,2026-09-30T14:43:51.571607+00:00
FT-T001266,FT-C01376,2026-01-10 11:43:00,Card Purchase,33775.44,Mobile App,Android,Port Harcourt,No,Successful,No,51,Female,Lagos,Student,Savings,77,69.6,1m+,Web,Active,No,0.3331,Medium,Secondary Verification (SMS/OTP),2.0.0-week3,2026-09-30T14:43:51.571607+00:00
FT-T011187,FT-C00684,2026-03-25 21:38:00,Deposit,46832.07,POS,iOS,Abuja,No,Failed,No,36,Female,Abuja,SME,Savings,52,68.3,100k-249k,Mobile App,Active,Yes,0.3776,Medium,Secondary Verification (SMS/OTP),2.0.0-week3,2026-09-30T14:43:51.571607+00:00
FT-T007841,FT-C00876,2026-02-28 19:19:00,Card Purchase,1481.03,POS,ATM Terminal,Benin City,No,Successful,No,43,Male,Kano,SME,Savings,83,54.1,1m+,Mobile App,Active,No,0.2828,Low,Auto-Approve,2.0.0-week3,2026-09-30T14:43:51.571607+00:00
FT-T009066,FT-C00320,2026-03-09 23:50:00,Transfer,4179.92,ATM,Web Browser,Benin City,No,Successful,No,29,Female,Abuja,Everyday,Current,64,53.8,Below 100k,Mobile App,Active,Yes,0.5236,Medium,Secondary Verification (SMS/OTP),2.0.0-week3,2026-09-30T14:43:51.571607+00:00
FT-T002314,FT-C00895,2026-01-18 08:22:00,Card Purchase,2729.23,Mobile App,Android,Port Harcourt,No,Successful,No,39,Male,Lagos,Everyday,Current,16,59.6,500k-999k,Mobile App,Active,No,0.2348,Low,Auto-Approve,2.0.0-week3,2026-09-30T14:43:51.571607+00:00
FT-T002131,FT-C00484,2026-01-16 23:25:00,Cash Withdrawal,1196.11,Mobile App,iOS,Ibadan,No,Successful,No,56,Female,Lagos,Everyday,Savings,54,65.8,1m+,Mobile App,Active,Yes,0.4849,Medium,Secondary Verification (SMS/OTP),2.0.0-week3,2026-09-30T14:43:51.571607+00:00
FT-T003766,FT-C00954,2026-01-29 05:45:00,Bill Payment,28055.73,Mobile App,ATM Terminal,Enugu,No,Successful,No,51,Female,Ibadan,Everyday,Savings,8,57.7,100k-249k,Mobile App,Active,Yes,0.4289,Medium,Secondary Verification (SMS/OTP),2.0.0-week3,2026-09-30T14:43:51.571607+00:00
FT-T010392,FT-C00269,2026-03-19 22:32:00,Transfer,3514.27,ATM,Web Browser,Enugu,No,Successful,No,19,Female,Lagos,Premium,Savings,95,45.6,250k-499k,Mobile App,Active,Yes,0.5036,Medium,Secondary Verification (SMS/OTP),2.0.0-week3,2026-09-30T14:43:51.571607+00:00
FT-T007729,FT-C00874,2026-02-27 23:09:00,Cash Withdrawal,119958.83,Mobile App,POS Terminal,Port Harcourt,No,Successful,No,51,Male,Kano,Premium,Savings,55,79.1,100k-249k,Mobile App,Active,Yes,0.4512,Medium,Secondary Verification (SMS/OTP),2.0.0-week3,2026-09-30T14:43:51.571607+00:00
FT-T011466,FT-C00643,2026-03-27 23:52:00,Transfer,346239.57,Mobile App,ATM Terminal,Abuja,No,Successful,Yes,21,Male,Lagos,Everyday,Savings,23,78.0,250k-499k,Mobile App,Active,Yes,0.6773,Medium,Secondary Verification (SMS/OTP),2.0.0-week3,2026-09-30T14:43:51.571607+00:00
FT-T011130,FT-C00819,2026-03-25 11:23:00,Bill Payment,15236.05,Web,POS Terminal,Enugu,No,Successful,No,41,Female,Kano,Student,Current,32,71.9,250k-499k,USSD,Active,No,0.3202,Medium,Secondary Verification (SMS/OTP),2.0.0-week3,2026-09-30T14:43:51.571607+00:00
FT-T001670,FT-C00916,2026-01-13 12:26:00,Airtime/Data,1431.48,Web,Android,Ibadan,No,Successful,No,52,Female,Abuja,Everyday,Current,82,39.9,1m+,Mobile App,Active,No,0.2836,Low,Auto-Approve,2.0.0-week3,2026-09-30T14:43:51.571607+00:00
FT-T003887,FT-C00360,2026-01-30 03:32:00,Cash Withdrawal,51815.89,ATM,iOS,Lagos,No,Successful,No,49,Male,Abuja,SME,Savings,91,71.2,250k-499k,Mobile App,Active,Yes,0.5215,Medium,Secondary Verification (SMS/OTP),2.0.0-week3,2026-09-30T14:43:51.571607+00:00
FT-T009808,FT-C01293,2026-03-15 13:24:00,Card Purchase,16597.41,Mobile App,Android,Kaduna,No,Successful,No,49,Female,Enugu,SME,Savings,79,69.0,250k-499k,Mobile App,Active,No,0.2971,Low,Auto-Approve,2.0.0-week3,2026-09-30T14:43:51.571607+00:00
FT-T001295,FT-C00220,2026-01-10 16:56:00,Card Purchase,3282.68,USSD,iOS,Lagos,No,Successful,No,49,Male,Enugu,Everyday,Savings,91,79.8,250k-499k,Mobile App,Active,Yes,0.3817,Medium,Secondary Verification (SMS/OTP),2.0.0-week3,2026-09-30T14:43:51.571607+00:00
FT-T007076,FT-C00418,2026-02-23 01:36:00,Cash Withdrawal,140286.85,Mobile App,Android,Abuja,No,Successful,No,32,Male,Kaduna,Student,Premium,61,60.1,250k-499k,Mobile App,Active,Yes,0.6019,Medium,Secondary Verification (SMS/OTP),2.0.0-week3,2026-09-30T14:43:51.571607+00:00
FT-T009632,FT-C01186,2026-03-14 05:43:00,Cash Withdrawal,145893.93,Mobile App,Android,Benin City,No,Successful,No,54,Male,Abuja,Student,Savings,70,68.7,100k-249k,Mobile App,Active,Yes,0.5261,Medium,Secondary Verification (SMS/OTP),2.0.0-week3,2026-09-30T14:43:51.571607+00:00
FT-T005094,FT-C01267,2026-02-08 04:48:00,Card Purchase,119977.76,Mobile App,Android,Kaduna,No,Successful,No,27,Female,Lagos,Premium,Savings,83,51.1,250k-499k,Mobile App,Active,Yes,0.4645,Medium,Secondary Verification (SMS/OTP),2.0.0-week3,2026-09-30T14:43:51.571607+00:00
FT-T000964,FT-C01443,2026-01-08 05:21:00,Cash Withdrawal,2351.14,Mobile App,POS Terminal,Port Harcourt,No,Successful,No,59,Female,Lagos,Everyday,Premium,93,42.6,500k-999k,Mobile App,Active,Yes,0.5476,Medium,Secondary Verification (SMS/OTP),2.0.0-week3,2026-09-30T14:43:51.571607+00:00
FT-T009997,FT-C00436,2026-03-16 23:25:00,Card Purchase,9593.46,ATM,Android,,No,Successful,No,30,Male,Lagos,Student,Savings,33,86.9,250k-499k,Mobile App,Active,No,0.334,Medium,Secondary Verification (SMS/OTP),2.0.0-week3,2026-09-30T14:43:51.571607+00:00
FT-T009466,FT-C00445,2026-03-12 23:50:00,Cash Withdrawal,23042.56,Mobile App,ATM Terminal,Kano,No,Successful,No,43,Male,Port Harcourt,Premium,Savings,88,64.1,250k-499k,Mobile App,Active,Yes,0.4481,Medium,Secondary Verification (SMS/OTP),2.0.0-week3,2026-09-30T14:43:51.571607+00:00
FT-T005435,FT-C01111,2026-02-10 18:12:00,Cash Withdrawal,2846.49,Mobile App,iOS,Abuja,No,Successful,No,21,Male,Lagos,Premium,Savings,9,72.0,100k-249k,USSD,Active,Yes,0.4652,Medium,Secondary Verification (SMS/OTP),2.0.0-week3,2026-09-30T14:43:51.571607+00:00
FT-T002897,FT-C00339,2026-01-22 17:19:00,Deposit,80148.53,Web,Android,Benin City,No,Successful,No,65,Female,Abuja,Everyday,Current,59,72.7,500k-999k,Web,Dormant,No,0.3464,Medium,Secondary Verification (SMS/OTP),2.0.0-week3,2026-09-30T14:43:51.571607+00:00
FT-T009532,FT-C00201,2026-03-13 11:43:00,Transfer,5119.73,Mobile App,POS Terminal,Lagos,No,Successful,Yes,58,Male,Lagos,Everyday,Savings,82,77.7,100k-249k,Mobile App,Active,Yes,0.4583,Medium,Secondary Verification (SMS/OTP),2.0.0-week3,2026-09-30T14:43:51.571607+00:00
FT-T008825,FT-C00680,2026-03-08 04:27:00,Card Purchase,5344.24,Mobile App,iOS,Ibadan,No,Successful,No,28,Male,Benin City,Premium,Savings,31,79.9,1m+,Mobile App,Active,Yes,0.4559,Medium,Secondary Verification (SMS/OTP),2.0.0-week3,2026-09-30T14:43:51.571607+00:00
FT-T008936,FT-C00723,2026-03-09 00:26:00,Transfer,93997.62,USSD,Web Browser,Benin City,No,Successful,No,65,Male,Lagos,Everyday,Savings,4,40.4,250k-499k,Mobile App,Active,Yes,0.5081,Medium,Secondary Verification (SMS/OTP),2.0.0-week3,2026-09-30T14:43:51.571607+00:00
FT-T010565,FT-C00483,2026-03-21 05:40:00,Airtime/Data,30358.54,Mobile App,POS Terminal,Benin City,No,Successful,No,38,Female,Ibadan,Everyday,Current,36,77.4,500k-999k,USSD,Active,Yes,0.4468,Medium,Secondary Verification (SMS/OTP),2.0.0-week3,2026-09-30T14:43:51.571607+00:00
FT-T007605,FT-C00900,2026-02-27 00:50:00,Deposit,5575.58,POS,Android,Abuja,No,Successful,No,31,Female,Lagos,Everyday,Savings,17,71.4,500k-999k,Mobile App,Active,Yes,0.4503,Medium,Secondary Verification (SMS/OTP),2.0.0-week3,2026-09-30T14:43:51.571607+00:00
FT-T003774,FT-C01358,2026-01-29 07:11:00,Card Purchase,58964.67,Mobile App,iOS,Ibadan,No,Successful,No,39,Male,Lagos,Everyday,Savings,32,84.2,500k-999k,USSD,Active,No,0.2777,Low,Auto-Approve,2.0.0-week3,2026-09-30T14:43:51.571607+00:00
FT-T000690,FT-C01101,2026-01-06 04:01:00,Transfer,315539.46,Web,Android,Kano,No,Successful,No,47,Female,Port Harcourt,Premium,Premium,50,90.7,100k-249k,Web,Active,Yes,0.809,High,Immediate Review / Payment Hold,2.0.0-week3,2026-09-30T14:43:51.571607+00:00
FT-T010393,FT-C01275,2026-03-19 22:42:00,Transfer,326742.54,Mobile App,Android,Benin City,No,Successful,Yes,49,Female,Kano,Everyday,Savings,44,87.4,250k-499k,Mobile App,Active,Yes,0.7196,High,Immediate Review / Payment Hold,2.0.0-week3,2026-09-30T14:43:51.571607+00:00
FT-T005197,FT-C00169,2026-02-08 23:21:00,Transfer,11093.03,Mobile App,Android,Kaduna,No,Successful,No,62,Female,Kano,SME,Savings,9,90.4,Below 100k,Mobile App,Active,Yes,0.4943,Medium,Secondary Verification (SMS/OTP),2.0.0-week3,2026-09-30T14:43:51.571607+00:00
FT-T011693,FT-C00928,2026-03-29 16:44:00,Bill Payment,673.93,Web,Web Browser,Abuja,No,Successful,No,42,Female,Abuja,Everyday,Savings,67,91.3,250k-499k,Mobile App,Active,No,0.3367,Medium,Secondary Verification (SMS/OTP),2.0.0-week3,2026-09-30T14:43:51.571607+00:00
FT-T005943,FT-C00262,2026-02-14 13:38:00,Bill Payment,1420.83,Mobile App,ATM Terminal,Enugu,No,Successful,No,47,Male,Ibadan,Everyday,Premium,10,54.9,250k-499k,Web,Active,No,0.301,Medium,Secondary Verification (SMS/OTP),2.0.0-week3,2026-09-30T14:43:51.571607+00:00
FT-T004622,FT-C01075,2026-02-04 15:50:00,Deposit,317410.01,Mobile App,iOS,Port Harcourt,No,Failed,No,31,Male,Kano,Everyday,Premium,60,70.3,Below 100k,Mobile App,Active,Yes,0.5187,Medium,Secondary Verification (SMS/OTP),2.0.0-week3,2026-09-30T14:43:51.571607+00:00
FT-T005349,FT-C00148,2026-02-10 02:43:00,Transfer,16485.28,Mobile App,iOS,Enugu,No,Failed,Yes,30,Male,Ibadan,SME,Savings,58,66.4,250k-499k,USSD,Active,Yes,0.6413,Medium,Secondary Verification (SMS/OTP),2.0.0-week3,2026-09-30T14:43:51.571607+00:00
FT-T008846,FT-C01450,2026-03-08 08:13:00,Card Purchase,158370.36,Mobile App,Android,Benin City,No,Successful,No,61,Female,Port Harcourt,SME,Current,10,79.9,250k-499k,Web,Active,No,0.2513,Low,Auto-Approve,2.0.0-week3,2026-09-30T14:43:51.571607+00:00
FT-T006776,FT-C00517,2026-02-20 19:36:00,Transfer,120739.77,Mobile App,Web Browser,Kano,No,Successful,Yes,29,Female,Lagos,Student,Savings,61,82.4,100k-249k,Web,Active,Yes,0.4603,Medium,Secondary Verification (SMS/OTP),2.0.0-week3,2026-09-30T14:43:51.571607+00:00
FT-T008958,FT-C00832,2026-03-09 04:23:00,Bill Payment,4661.25,Mobile App,Android,Abuja,No,Successful,No,41,Male,Port Harcourt,Premium,Savings,64,49.3,500k-999k,Mobile App,Active,Yes,0.402,Medium,Secondary Verification (SMS/OTP),2.0.0-week3,2026-09-30T14:43:51.571607+00:00
FT-T008371,FT-C00769,2026-03-04 18:43:00,Card Purchase,19918.22,Web,Web Browser,Enugu,No,Successful,No,27,Female,Lagos,Student,Current,75,74.6,Below 100k,Mobile App,Active,No,0.2936,Low,Auto-Approve,2.0.0-week3,2026-09-30T14:43:51.571607+00:00
FT-T006964,FT-C01097,2026-02-22 05:26:00,Deposit,49993.64,ATM,iOS,Abuja,No,Successful,No,32,Male,Lagos,Everyday,Savings,90,28.1,Below 100k,USSD,Active,Yes,0.4702,Medium,Secondary Verification (SMS/OTP),2.0.0-week3,2026-09-30T14:43:51.571607+00:00
FT-T006560,FT-C01424,2026-02-19 04:43:00,Bill Payment,704.87,POS,Web Browser,Kaduna,No,Successful,No,37,Female,Lagos,Everyday,Current,29,80.5,100k-249k,Mobile App,Active,Yes,0.3827,Medium,Secondary Verification (SMS/OTP),2.0.0-week3,2026-09-30T14:43:51.571607+00:00
FT-T001540,FT-C01398,2026-01-12 13:02:00,Cash Withdrawal,14997.61,Mobile App,Web Browser,Port Harcourt,No,Successful,No,43,Female,Abuja,Student,Savings,36,83.9,Below 100k,Mobile App,Active,Yes,0.4965,Medium,Secondary Verification (SMS/OTP),2.0.0-week3,2026-09-30T14:43:51.571607+00:00
FT-T008988,FT-C01002,2026-03-09 09:47:00,Bill Payment,58021.54,Mobile App,iOS,Abuja,No,Successful,No,37,Male,Port Harcourt,Everyday,Current,67,67.3,500k-999k,USSD,Active,No,0.2122,Low,Auto-Approve,2.0.0-week3,2026-09-30T14:43:51.571607+00:00
FT-T007254,FT-C01249,2026-02-24 09:38:00,Transfer,2274.78,Web,Android,Port Harcourt,No,Successful,No,33,Prefer not to say,Lagos,Student,Savings,43,56.1,100k-249k,Web,Active,Yes,0.4987,Medium,Secondary Verification (SMS/OTP),2.0.0-week3,2026-09-30T14:43:51.571607+00:00
FT-T010829,FT-C00237,2026-03-23 05:12:00,Bill Payment,969.83,Mobile App,POS Terminal,Benin City,Yes,Successful,No,23,Male,Kaduna,Everyday,Savings,67,32.1,Below 100k,USSD,Active,Yes,0.4973,Medium,Secondary Verification (SMS/OTP),2.0.0-week3,2026-09-30T14:43:51.571607+00:00
FT-T010985,FT-C00698,2026-03-24 09:17:00,Card Purchase,3928.65,Web,iOS,Ibadan,No,Successful,No,27,Male,Port Harcourt,Premium,Savings,87,82.4,250k-499k,Mobile App,Active,No,0.3426,Medium,Secondary Verification (SMS/OTP),2.0.0-week3,2026-09-30T14:43:51.571607+00:00
FT-T003463,FT-C00110,2026-01-26 23:12:00,Card Purchase,2785.42,USSD,Android,Kano,No,Successful,No,22,Female,Lagos,Everyday,Savings,47,90.3,500k-999k,Mobile App,Active,No,0.324,Medium,Secondary Verification (SMS/OTP),2.0.0-week3,2026-09-30T14:43:51.571607+00:00
FT-T006500,FT-C00018,2026-02-18 17:55:00,Transfer,51016.95,ATM,Android,Kano,No,Successful,No,19,Male,Enugu,SME,Savings,25,92.4,500k-999k,Mobile App,Active,Yes,0.5008,Medium,Secondary Verification (SMS/OTP),2.0.0-week3,2026-09-30T14:43:51.571607+00:00
FT-T011863,FT-C01039,2026-03-30 23:20:00,Transfer,375666.61,Mobile App,POS Terminal,Abuja,No,Successful,Yes,22,Female,Lagos,Everyday,Savings,95,78.2,500k-999k,Mobile App,Active,Yes,0.6202,Medium,Secondary Verification (SMS/OTP),2.0.0-week3,2026-09-30T14:43:51.571607+00:00
FT-T011673,FT-C00214,2026-03-29 13:08:00,Cash Withdrawal,1951.49,Mobile App,Android,Lagos,No,Successful,No,50,Male,Ibadan,Student,Savings,13,60.8,Below 100k,USSD,Active,Yes,0.4529,Medium,Secondary Verification (SMS/OTP),2.0.0-week3,2026-09-30T14:43:51.571607+00:00
FT-T005352,FT-C00419,2026-02-10 03:15:00,Airtime/Data,39800.34,Web,Android,Ibadan,No,Successful,No,60,Female,Ibadan,Premium,Savings,17,56.0,250k-499k,Mobile App,Active,Yes,0.5515,Medium,Secondary Verification (SMS/OTP),2.0.0-week3,2026-09-30T14:43:51.571607+00:00
FT-T006492,FT-C00073,2026-02-18 16:28:00,Deposit,8211.05,Web,Android,Kano,No,Successful,No,53,Female,Abuja,Premium,Current,14,57.3,100k-249k,Mobile App,Active,No,0.2722,Low,Auto-Approve,2.0.0-week3,2026-09-30T14:43:51.571607+00:00
FT-T003646,FT-C00395,2026-01-28 08:09:00,Transfer,15047.38,ATM,iOS,Ibadan,No,Pending,No,24,Female,Ibadan,Everyday,Current,56,57.7,100k-249k,Mobile App,Dormant,Yes,0.5363,Medium,Secondary Verification (SMS/OTP),2.0.0-week3,2026-09-30T14:43:51.571607+00:00
FT-T010770,FT-C00729,2026-03-22 18:34:00,Deposit,1229.17,POS,iOS,Enugu,No,Successful,No,35,Male,Port Harcourt,Student,Savings,26,50.0,100k-249k,USSD,Active,No,0.2974,Low,Auto-Approve,2.0.0-week3,2026-09-30T14:43:51.571607+00:00
FT-T005952,FT-C01175,2026-02-14 15:16:00,Airtime/Data,33296.06,Mobile App,Android,Lagos,No,Successful,No,48,Female,Ibadan,Everyday,Savings,21,42.5,500k-999k,Mobile App,Active,No,0.3082,Medium,Secondary Verification (SMS/OTP),2.0.0-week3,2026-09-30T14:43:51.571607+00:00
FT-T006711,FT-C01271,2026-02-20 07:54:00,Card Purchase,153883.71,POS,Android,Port Harcourt,No,Successful,No,51,Male,Ibadan,Everyday,Savings,77,34.6,Below 100k,Mobile App,Active,No,0.2619,Low,Auto-Approve,2.0.0-week3,2026-09-30T14:43:51.571607+00:00
FT-T008644,FT-C00540,2026-03-06 19:52:00,Deposit,80604.76,POS,Android,Enugu,No,Successful,No,51,Male,Lagos,Everyday,Premium,86,59.0,500k-999k,USSD,Active,No,0.3129,Medium,Secondary Verification (SMS/OTP),2.0.0-week3,2026-09-30T14:43:51.571607+00:00
FT-T000728,FT-C01072,2026-01-06 10:52:00,Bill Payment,2602.18,Mobile App,ATM Terminal,Abuja,No,Successful,No,25,Male,Abuja,SME,Premium,81,61.0,250k-499k,Mobile App,Active,No,0.2376,Low,Auto-Approve,2.0.0-week3,2026-09-30T14:43:51.571607+00:00
FT-T000319,FT-C00612,2026-01-03 09:14:00,Transfer,8997.18,POS,Android,Port Harcourt,No,Successful,No,28,Female,Port Harcourt,Everyday,Current,74,75.5,100k-249k,Web,Dormant,Yes,0.4714,Medium,Secondary Verification (SMS/OTP),2.0.0-week3,2026-09-30T14:43:51.571607+00:00
FT-T001948,FT-C00605,2026-01-15 14:29:00,Cash Withdrawal,146547.97,Mobile App,Android,Port Harcourt,No,Reversed,No,31,Female,Lagos,Everyday,Savings,53,71.0,100k-249k,Mobile App,Active,Yes,0.4462,Medium,Secondary Verification (SMS/OTP),2.0.0-week3,2026-09-30T14:43:51.571607+00:00
FT-T001928,FT-C00614,2026-01-15 10:53:00,Transfer,207231.51,Mobile App,POS Terminal,Port Harcourt,Yes,Successful,Yes,64,Female,Kaduna,Everyday,Savings,56,44.2,100k-249k,Mobile App,Active,Yes,0.5113,Medium,Secondary Verification (SMS/OTP),2.0.0-week3,2026-09-30T14:43:51.571607+00:00
FT-T005159,FT-C00606,2026-02-08 16:31:00,Airtime/Data,14823.49,Mobile App,iOS,Benin City,No,Successful,No,48,Male,Enugu,Everyday,Current,51,63.3,1m+,Mobile App,Active,No,0.2867,Low,Auto-Approve,2.0.0-week3,2026-09-30T14:43:51.571607+00:00
FT-T001317,FT-C01282,2026-01-10 20:53:00,Card Purchase,111413.55,Web,Android,Kaduna,No,Successful,No,40,Male,Kano,SME,Current,68,100.0,250k-499k,Mobile App,Active,No,0.2731,Low,Auto-Approve,2.0.0-week3,2026-09-30T14:43:51.571607+00:00
FT-T003615,FT-C00971,2026-01-28 02:34:00,Transfer,389726.18,Mobile App,Android,Enugu,No,Successful,No,20,Male,Port Harcourt,Premium,Savings,6,68.7,500k-999k,Mobile App,Active,Yes,0.7215,High,Immediate Review / Payment Hold,2.0.0-week3,2026-09-30T14:43:51.571607+00:00
FT-T004864,FT-C00528,2026-02-06 11:24:00,Transfer,5262.62,Web,Web Browser,Enugu,No,Successful,Yes,48,Male,Kano,Everyday,Savings,77,88.2,250k-499k,Mobile App,Active,Yes,0.4167,Medium,Secondary Verification (SMS/OTP),2.0.0-week3,2026-09-30T14:43:51.571607+00:00
FT-T011115,FT-C00483,2026-03-25 08:41:00,Transfer,1923.15,Mobile App,POS Terminal,Port Harcourt,No,Successful,Yes,38,Female,Ibadan,Everyday,Current,36,77.4,500k-999k,USSD,Active,Yes,0.5083,Medium,Secondary Verification (SMS/OTP),2.0.0-week3,2026-09-30T14:43:51.571607+00:00
FT-T009906,FT-C00166,2026-03-16 07:02:00,Airtime/Data,12173.35,USSD,Web Browser,Kaduna,No,Successful,No,45,Male,Lagos,Everyday,Savings,9,50.5,250k-499k,Web,Dormant,No,0.3101,Medium,Secondary Verification (SMS/OTP),2.0.0-week3,2026-09-30T14:43:51.571607+00:00
FT-T003549,FT-C01470,2026-01-27 14:41:00,Card Purchase,2148.71,Web,Android,,No,Successful,No,54,Male,Enugu,Everyday,Savings,3,63.6,250k-499k,Mobile App,Active,No,0.3471,Medium,Secondary Verification (SMS/OTP),2.0.0-week3,2026-09-30T14:43:51.571607+00:00
FT-T010492,FT-C01364,2026-03-20 16:32:00,Cash Withdrawal,83417.78,POS,iOS,Kano,No,Successful,No,62,Female,Lagos,Everyday,Current,1,100.0,500k-999k,Mobile App,Active,Yes,0.3815,Medium,Secondary Verification (SMS/OTP),2.0.0-week3,2026-09-30T14:43:51.571607+00:00
FT-T010378,FT-C00339,2026-03-19 20:00:00,Card Purchase,38728.14,USSD,Android,Benin City,No,Successful,No,65,Female,Abuja,Everyday,Current,59,72.7,500k-999k,Web,Dormant,No,0.2639,Low,Auto-Approve,2.0.0-week3,2026-09-30T14:43:51.571607+00:00
FT-T005937,FT-C00570,2026-02-14 12:34:00,Airtime/Data,1938.13,Mobile App,Android,Kano,No,Successful,Yes,52,Male,Ibadan,Everyday,Premium,12,62.3,100k-249k,Mobile App,Active,No,0.2854,Low,Auto-Approve,2.0.0-week3,2026-09-30T14:43:51.571607+00:00
FT-T002271,FT-C01188,2026-01-18 00:38:00,Card Purchase,26277.57,Web,Android,Ibadan,No,Successful,No,43,Male,Port Harcourt,Premium,Savings,57,76.9,250k-499k,Mobile App,Active,Yes,0.4286,Medium,Secondary Verification (SMS/OTP),2.0.0-week3,2026-09-30T14:43:51.571607+00:00
FT-T000270,FT-C00580,2026-01-03 00:25:00,Deposit,7957.16,ATM,iOS,,No,Successful,No,53,Male,Enugu,Student,Savings,57,66.8,Below 100k,Web,Active,Yes,0.4507,Medium,Secondary Verification (SMS/OTP),2.0.0-week3,2026-09-30T14:43:51.571607+00:00
FT-T003551,FT-C01468,2026-01-27 15:03:00,Transfer,73048.25,Mobile App,Android,Enugu,No,Successful,No,34,Male,Lagos,Everyday,Savings,41,66.3,Below 100k,Mobile App,Active,Yes,0.4711,Medium,Secondary Verification (SMS/OTP),2.0.0-week3,2026-09-30T14:43:51.571607+00:00
FT-T003760,FT-C01002,2026-01-29 04:40:00,Card Purchase,23040.32,Mobile App,iOS,Kano,No,Successful,Yes,37,Male,Port Harcourt,Everyday,Current,67,67.3,500k-999k,USSD,Active,Yes,0.3997,Medium,Secondary Verification (SMS/OTP),2.0.0-week3,2026-09-30T14:43:51.571607+00:00
FT-T004562,FT-C01346,2026-02-04 05:02:00,Cash Withdrawal,103470.6,Web,ATM Terminal,Port Harcourt,No,Successful,No,40,Male,Lagos,Everyday,Savings,1,56.2,250k-499k,Web,Active,Yes,0.4922,Medium,Secondary Verification (SMS/OTP),2.0.0-week3,2026-09-30T14:43:51.571607+00:00
FT-T008768,FT-C01456,2026-03-07 18:11:00,Transfer,11578.27,Mobile App,POS Terminal,Kaduna,No,Successful,No,54,Male,Abuja,Everyday,Current,54,95.7,500k-999k,Mobile App,Active,Yes,0.4782,Medium,Secondary Verification (SMS/OTP),2.0.0-week3,2026-09-30T14:43:51.571607+00:00
FT-T008210,FT-C00621,2026-03-03 13:44:00,Card Purchase,5091.16,Web,Web Browser,Kano,No,Successful,No,24,Male,Enugu,Premium,Current,95,48.0,500k-999k,Mobile App,Restricted,Yes,0.3565,Medium,Secondary Verification (SMS/OTP),2.0.0-week3,2026-09-30T14:43:51.571607+00:00
FT-T000240,FT-C00055,2026-01-02 19:01:00,Airtime/Data,9114.96,POS,Android,Benin City,No,Successful,No,25,Male,Abuja,Everyday,Current,44,65.7,250k-499k,USSD,Active,Yes,0.3717,Medium,Secondary Verification (SMS/OTP),2.0.0-week3,2026-09-30T14:43:51.571607+00:00
FT-T006360,FT-C01299,2026-02-17 16:42:00,Bill Payment,10524.55,Mobile App,Android,Ibadan,No,Successful,No,33,Male,Lagos,Student,Current,38,100.0,250k-499k,Web,Active,No,0.2831,Low,Auto-Approve,2.0.0-week3,2026-09-30T14:43:51.571607+00:00
FT-T005233,FT-C01493,2026-02-09 05:50:00,Transfer,146493.8,USSD,Android,Abuja,No,Successful,No,24,Male,Lagos,SME,Premium,78,81.4,500k-999k,Mobile App,Active,Yes,0.5368,Medium,Secondary Verification (SMS/OTP),2.0.0-week3,2026-09-30T14:43:51.571607+00:00
FT-T008377,FT-C01159,2026-03-04 19:48:00,Card Purchase,1777.59,Mobile App,Android,Kaduna,No,Successful,No,35,Male,Lagos,SME,Savings,10,66.8,500k-999k,Mobile App,Active,No,0.3123,Medium,Secondary Verification (SMS/OTP),2.0.0-week3,2026-09-30T14:43:51.571607+00:00
FT-T009727,FT-C00921,2026-03-14 22:49:00,Airtime/Data,377.13,Mobile App,POS Terminal,Lagos,No,Reversed,No,27,Male,Port Harcourt,Student,Savings,45,81.9,100k-249k,Web,Active,Yes,0.3535,Medium,Secondary Verification (SMS/OTP),2.0.0-week3,2026-09-30T14:43:51.571607+00:00
FT-T002226,FT-C00097,2026-01-17 16:31:00,Transfer,1434.81,Web,ATM Terminal,Kano,No,Successful,Yes,24,Female,Enugu,Student,Savings,27,84.9,250k-499k,Web,Active,Yes,0.5355,Medium,Secondary Verification (SMS/OTP),2.0.0-week3,2026-09-30T14:43:51.571607+00:00
FT-T011859,FT-C01160,2026-03-30 22:37:00,Airtime/Data,28410.08,Mobile App,Android,Kano,No,Successful,No,42,Female,Port Harcourt,Everyday,Savings,66,37.7,100k-249k,Web,Active,No,0.3236,Medium,Secondary Verification (SMS/OTP),2.0.0-week3,2026-09-30T14:43:51.571607+00:00
FT-T005477,FT-C00169,2026-02-11 01:45:00,Card Purchase,8855.32,ATM,POS Terminal,Lagos,No,Successful,No,62,Female,Kano,SME,Savings,9,90.4,Below 100k,Mobile App,Active,Yes,0.4965,Medium,Secondary Verification (SMS/OTP),2.0.0-week3,2026-09-30T14:43:51.571607+00:00
FT-T010460,FT-C00867,2026-03-20 10:46:00,Card Purchase,2186.32,Web,Web Browser,Port Harcourt,No,Successful,No,23,Female,Abuja,SME,Current,83,57.2,500k-999k,Web,Active,No,0.2365,Low,Auto-Approve,2.0.0-week3,2026-09-30T14:43:51.571607+00:00
FT-T011526,FT-C00526,2026-03-28 10:40:00,Card Purchase,34247.26,Web,POS Terminal,Enugu,No,Successful,No,30,Female,Ibadan,Everyday,Savings,43,84.9,100k-249k,Mobile App,Active,Yes,0.3782,Medium,Secondary Verification (SMS/OTP),2.0.0-week3,2026-09-30T14:43:51.571607+00:00
FT-T009319,FT-C00213,2026-03-11 21:22:00,Cash Withdrawal,5519.83,Web,POS Terminal,Kaduna,No,Successful,No,49,Female,Ibadan,SME,Savings,88,67.7,250k-499k,Mobile App,Active,Yes,0.4786,Medium,Secondary Verification (SMS/OTP),2.0.0-week3,2026-09-30T14:43:51.571607+00:00
FT-T003972,FT-C00042,2026-01-30 18:50:00,Transfer,1409.45,Web,Android,Benin City,No,Successful,No,56,Male,Lagos,Everyday,Premium,50,61.4,100k-249k,Mobile App,Active,Yes,0.5569,Medium,Secondary Verification (SMS/OTP),2.0.0-week3,2026-09-30T14:43:51.571607+00:00
FT-T001249,FT-C00795,2026-01-10 08:39:00,Transfer,18322.67,Mobile App,Web Browser,Benin City,No,Successful,No,47,Prefer not to say,Lagos,SME,Savings,26,54.3,100k-249k,Mobile App,Active,Yes,0.4848,Medium,Secondary Verification (SMS/OTP),2.0.0-week3,2026-09-30T14:43:51.571607+00:00
FT-T011704,FT-C00965,2026-03-29 18:42:00,Bill Payment,1990.07,Mobile App,Web Browser,Kano,No,Successful,No,47,Male,Lagos,Student,Savings,88,66.3,250k-499k,USSD,Active,No,0.3414,Medium,Secondary Verification (SMS/OTP),2.0.0-week3,2026-09-30T14:43:51.571607+00:00
FT-T000581,FT-C00362,2026-01-05 08:24:00,Cash Withdrawal,4055.75,Mobile App,iOS,Kano,No,Successful,No,50,Male,Enugu,Everyday,Savings,47,87.5,500k-999k,Mobile App,Active,Yes,0.4147,Medium,Secondary Verification (SMS/OTP),2.0.0-week3,2026-09-30T14:43:51.571607+00:00
FT-T006460,FT-C00738,2026-02-18 10:43:00,Card Purchase,5389.43,Web,POS Terminal,Lagos,Yes,Successful,Yes,50,Female,Kaduna,Premium,Savings,20,77.2,500k-999k,USSD,Active,Yes,0.4812,Medium,Secondary Verification (SMS/OTP),2.0.0-week3,2026-09-30T14:43:51.571607+00:00
FT-T003597,FT-C01169,2026-01-27 23:20:00,Card Purchase,549.07,Mobile App,POS Terminal,,No,Successful,No,21,Female,Lagos,SME,Savings,46,97.4,250k-499k,Mobile App,Active,No,0.3301,Medium,Secondary Verification (SMS/OTP),2.0.0-week3,2026-09-30T14:43:51.571607+00:00
FT-T010168,FT-C01232,2026-03-18 06:12:00,Cash Withdrawal,2676.9,Mobile App,ATM Terminal,Benin City,No,Successful,No,37,Female,Kano,Everyday,Savings,84,86.4,250k-499k,Mobile App,Active,Yes,0.4017,Medium,Secondary Verification (SMS/OTP),2.0.0-week3,2026-09-30T14:43:51.571607+00:00
FT-T009410,FT-C01343,2026-03-12 13:45:00,Transfer,299644.56,Mobile App,iOS,Kano,No,Successful,No,27,Male,Port Harcourt,Everyday,Savings,15,75.8,100k-249k,Mobile App,Active,Yes,0.7145,High,Immediate Review / Payment Hold,2.0.0-week3,2026-09-30T14:43:51.571607+00:00
FT-T001061,FT-C00634,2026-01-08 22:48:00,Deposit,5298.93,Mobile App,Android,Abuja,No,Successful,No,25,Male,Abuja,Premium,Premium,4,67.8,250k-499k,Web,Active,No,0.2806,Low,Auto-Approve,2.0.0-week3,2026-09-30T14:43:51.571607+00:00
FT-T009810,FT-C01442,2026-03-15 13:46:00,Card Purchase,12725.8,Mobile App,POS Terminal,Enugu,No,Successful,No,57,Male,Lagos,Everyday,Current,69,51.2,100k-249k,Mobile App,Active,No,0.2731,Low,Auto-Approve,2.0.0-week3,2026-09-30T14:43:51.571607+00:00
FT-T006289,FT-C00521,2026-02-17 03:56:00,Card Purchase,10328.03,POS,Android,Benin City,No,Failed,No,57,Female,Lagos,Everyday,Savings,61,76.0,250k-499k,Web,Active,Yes,0.4369,Medium,Secondary Verification (SMS/OTP),2.0.0-week3,2026-09-30T14:43:51.571607+00:00
FT-T000966,FT-C00074,2026-01-08 05:42:00,Cash Withdrawal,242031.27,ATM,iOS,Port Harcourt,No,Failed,No,31,Male,Lagos,Student,Current,63,92.6,250k-499k,Mobile App,Active,Yes,0.6488,Medium,Secondary Verification (SMS/OTP),2.0.0-week3,2026-09-30T14:43:51.571607+00:00
FT-T009869,FT-C00655,2026-03-16 00:23:00,Card Purchase,1515.86,Mobile App,iOS,Lagos,No,Successful,No,20,Female,Benin City,SME,Savings,60,75.2,100k-249k,USSD,Active,Yes,0.4025,Medium,Secondary Verification (SMS/OTP),2.0.0-week3,2026-09-30T14:43:51.571607+00:00
FT-T009418,FT-C00959,2026-03-12 15:12:00,Cash Withdrawal,1023.5,Mobile App,Web Browser,Benin City,No,Failed,No,39,Male,Ibadan,Everyday,Savings,4,34.2,250k-499k,Mobile App,Active,Yes,0.4395,Medium,Secondary Verification (SMS/OTP),2.0.0-week3,2026-09-30T14:43:51.571607+00:00
FT-T003557,FT-C00804,2026-01-27 16:07:00,Card Purchase,7818.98,ATM,Android,Lagos,No,Successful,Yes,31,Female,Kano,Everyday,Current,4,68.7,1m+,Web,Active,No,0.2388,Low,Auto-Approve,2.0.0-week3,2026-09-30T14:43:51.571607+00:00
FT-T001541,FT-C00010,2026-01-12 13:13:00,Card Purchase,9251.94,POS,Android,Abuja,No,Successful,No,28,Male,Lagos,Everyday,Savings,20,77.5,250k-499k,Mobile App,Active,No,0.2853,Low,Auto-Approve,2.0.0-week3,2026-09-30T14:43:51.571607+00:00
FT-T011883,FT-C00111,2026-03-31 02:56:00,Card Purchase,56838.82,POS,Android,Ibadan,No,Successful,No,59,Male,Enugu,Everyday,Savings,38,81.8,500k-999k,Mobile App,Active,Yes,0.4806,Medium,Secondary Verification (SMS/OTP),2.0.0-week3,2026-09-30T14:43:51.571607+00:00
FT-T004242,FT-C00155,2026-02-01 19:26:00,Bill Payment,1353.04,Mobile App,Android,Enugu,No,Successful,Yes,40,Female,Kano,Premium,Current,62,59.0,100k-249k,Web,Active,No,0.2217,Low,Auto-Approve,2.0.0-week3,2026-09-30T14:43:51.571607+00:00
FT-T009949,FT-C01420,2026-03-16 14:47:00,Transfer,78743.13,Web,Android,Kano,No,Successful,No,22,Male,Abuja,Everyday,Savings,5,60.0,500k-999k,USSD,Active,Yes,0.5229,Medium,Secondary Verification (SMS/OTP),2.0.0-week3,2026-09-30T14:43:51.571607+00:00
FT-T004941,FT-C00414,2026-02-07 01:16:00,Cash Withdrawal,13141.79,Mobile App,Android,Benin City,No,Successful,No,39,Male,Lagos,SME,Current,56,46.5,1m+,Mobile App,Active,Yes,0.5885,Medium,Secondary Verification (SMS/OTP),2.0.0-week3,2026-09-30T14:43:51.571607+00:00
FT-T000358,FT-C01351,2026-01-03 16:15:00,Transfer,516.05,POS,Android,Enugu,No,Successful,No,26,Female,Lagos,Everyday,Savings,26,71.5,1m+,Mobile App,Active,Yes,0.5007,Medium,Secondary Verification (SMS/OTP),2.0.0-week3,2026-09-30T14:43:51.571607+00:00
FT-T008049,FT-C01500,2026-03-02 08:45:00,Transfer,5955.74,Web,Android,Abuja,No,Successful,No,40,Male,Lagos,Student,Current,31,51.1,100k-249k,Web,Active,Yes,0.427,Medium,Secondary Verification (SMS/OTP),2.0.0-week3,2026-09-30T14:43:51.571607+00:00
FT-T011821,FT-C00018,2026-03-30 15:46:00,Bill Payment,16525.91,Web,ATM Terminal,Benin City,No,Successful,No,19,Male,Enugu,SME,Savings,25,92.4,500k-999k,Mobile App,Active,No,0.2799,Low,Auto-Approve,2.0.0-week3,2026-09-30T14:43:51.571607+00:00
FT-T005962,FT-C00300,2026-02-14 17:04:00,Card Purchase,86774.75,ATM,Android,Kaduna,No,Successful,No,63,Female,Benin City,Everyday,Premium,18,26.6,500k-999k,Mobile App,Active,No,0.2301,Low,Auto-Approve,2.0.0-week3,2026-09-30T14:43:51.571607+00:00
FT-T008766,FT-C01060,2026-03-07 17:49:00,Transfer,341586.22,Web,POS Terminal,Kaduna,No,Successful,Yes,54,Female,Benin City,Everyday,Savings,19,90.7,100k-249k,Mobile App,Active,Yes,0.765,High,Immediate Review / Payment Hold,2.0.0-week3,2026-09-30T14:43:51.571607+00:00
FT-T001313,FT-C01040,2026-01-10 20:10:00,Card Purchase,2604.35,POS,Android,Lagos,No,Successful,No,61,Prefer not to say,Abuja,Student,Current,95,54.1,500k-999k,Web,Active,No,0.165,Low,Auto-Approve,2.0.0-week3,2026-09-30T14:43:51.571607+00:00
FT-T002640,FT-C01330,2026-01-20 19:03:00,Cash Withdrawal,86005.76,POS,POS Terminal,Kaduna,No,Successful,Yes,37,Female,Lagos,Everyday,Current,65,100.0,250k-499k,Web,Active,Yes,0.4682,Medium,Secondary Verification (SMS/OTP),2.0.0-week3,2026-09-30T14:43:51.571607+00:00
FT-T008115,FT-C00094,2026-03-02 20:38:00,Card Purchase,169147.45,USSD,Android,Abuja,No,Successful,No,62,Female,Port Harcourt,Everyday,Savings,15,100.0,500k-999k,Web,Dormant,Yes,0.3934,Medium,Secondary Verification (SMS/OTP),2.0.0-week3,2026-09-30T14:43:51.571607+00:00
FT-T008175,FT-C00597,2026-03-03 07:26:00,Airtime/Data,29376.35,ATM,iOS,Ibadan,No,Successful,Yes,38,Female,Lagos,Student,Savings,44,51.4,250k-499k,Web,Active,No,0.3346,Medium,Secondary Verification (SMS/OTP),2.0.0-week3,2026-09-30T14:43:51.571607+00:00
FT-T000400,FT-C00513,2026-01-03 23:49:00,Card Purchase,80357.77,Mobile App,POS Terminal,Kaduna,No,Successful,No,50,Female,Enugu,Everyday,Current,17,48.5,100k-249k,Mobile App,Active,No,0.3259,Medium,Secondary Verification (SMS/OTP),2.0.0-week3,2026-09-30T14:43:51.571607+00:00
FT-T009197,FT-C00603,2026-03-10 23:25:00,Card Purchase,3045.7,Mobile App,Android,Benin City,No,Successful,No,59,Female,Port Harcourt,Everyday,Current,68,41.2,100k-249k,Mobile App,Active,No,0.1893,Low,Auto-Approve,2.0.0-week3,2026-09-30T14:43:51.571607+00:00
FT-T007458,FT-C00129,2026-02-25 22:22:00,Transfer,16034.59,ATM,ATM Terminal,Port Harcourt,No,Successful,No,44,Male,Lagos,Everyday,Current,37,80.0,Below 100k,Mobile App,Active,Yes,0.524,Medium,Secondary Verification (SMS/OTP),2.0.0-week3,2026-09-30T14:43:51.571607+00:00
FT-T006239,FT-C00291,2026-02-16 18:56:00,Airtime/Data,35082.36,POS,iOS,Benin City,No,Successful,No,57,Male,Kano,Everyday,Savings,11,63.6,Below 100k,Mobile App,Active,No,0.3244,Medium,Secondary Verification (SMS/OTP),2.0.0-week3,2026-09-30T14:43:51.571607+00:00
FT-T008121,FT-C01296,2026-03-02 21:43:00,Deposit,125925.82,POS,Android,Benin City,No,Successful,No,49,Male,Enugu,Everyday,Current,22,51.4,250k-499k,Web,Active,No,0.2635,Low,Auto-Approve,2.0.0-week3,2026-09-30T14:43:51.571607+00:00
FT-T006631,FT-C01330,2026-02-19 17:29:00,Card Purchase,104646.52,Mobile App,Android,Lagos,No,Successful,No,37,Female,Lagos,Everyday,Current,65,100.0,250k-499k,Web,Active,No,0.2167,Low,Auto-Approve,2.0.0-week3,2026-09-30T14:43:51.571607+00:00
FT-T008613,FT-C01229,2026-03-06 14:17:00,Card Purchase,176807.01,Web,POS Terminal,Benin City,No,Successful,Yes,34,Male,Lagos,Student,Savings,25,47.2,100k-249k,Web,Active,Yes,0.5422,Medium,Secondary Verification (SMS/OTP),2.0.0-week3,2026-09-30T14:43:51.571607+00:00
FT-T001338,FT-C01233,2026-01-11 00:40:00,Airtime/Data,11660.88,POS,iOS,,Yes,Successful,No,39,Male,Kaduna,Everyday,Savings,95,38.4,500k-999k,Web,Active,Yes,0.47,Medium,Secondary Verification (SMS/OTP),2.0.0-week3,2026-09-30T14:43:51.571607+00:00
FT-T000187,FT-C01051,2026-01-02 09:28:00,Airtime/Data,24987.24,Mobile App,Web Browser,Benin City,No,Successful,No,46,Female,Kaduna,Everyday,Premium,23,67.3,250k-499k,Mobile App,Active,Yes,0.3545,Medium,Secondary Verification (SMS/OTP),2.0.0-week3,2026-09-30T14:43:51.571607+00:00
FT-T000695,FT-C00994,2026-01-06 04:55:00,Deposit,1311.89,ATM,Android,Kaduna,No,Successful,Yes,61,Female,Kano,Student,Savings,77,84.9,100k-249k,Web,Active,Yes,0.4718,Medium,Secondary Verification (SMS/OTP),2.0.0-week3,2026-09-30T14:43:51.571607+00:00
FT-T003198,FT-C00045,2026-01-24 23:30:00,Bill Payment,15767.58,Mobile App,Web Browser,Kaduna,No,Successful,No,42,Female,Lagos,SME,Savings,2,46.0,Below 100k,Mobile App,Active,Yes,0.3779,Medium,Secondary Verification (SMS/OTP),2.0.0-week3,2026-09-30T14:43:51.571607+00:00
FT-T006144,FT-C00618,2026-02-16 01:49:00,Transfer,6684.21,Mobile App,Android,Abuja,No,Successful,No,61,Male,Lagos,Student,Premium,35,70.3,100k-249k,USSD,Active,Yes,0.7003,High,Immediate Review / Payment Hold,2.0.0-week3,2026-09-30T14:43:51.571607+00:00
FT-T005944,FT-C01155,2026-02-14 13:49:00,Card Purchase,51003.47,Mobile App,Android,Abuja,No,Successful,No,29,Male,Lagos,Everyday,Savings,46,80.7,500k-999k,Mobile App,Active,No,0.3378,Medium,Secondary Verification (SMS/OTP),2.0.0-week3,2026-09-30T14:43:51.571607+00:00
FT-T006091,FT-C00817,2026-02-15 16:17:00,Deposit,52004.29,Mobile App,ATM Terminal,Abuja,No,Successful,No,55,Female,Benin City,Everyday,Savings,88,61.1,500k-999k,Mobile App,Active,No,0.3217,Medium,Secondary Verification (SMS/OTP),2.0.0-week3,2026-09-30T14:43:51.571607+00:00
FT-T001589,FT-C01478,2026-01-12 21:51:00,Cash Withdrawal,111160.88,ATM,iOS,Kaduna,No,Successful,No,32,Male,Lagos,Everyday,Savings,82,85.8,250k-499k,Mobile App,Active,Yes,0.4443,Medium,Secondary Verification (SMS/OTP),2.0.0-week3,2026-09-30T14:43:51.571607+00:00
FT-T000104,FT-C01492,2026-01-01 18:32:00,Card Purchase,102382.35,Mobile App,Web Browser,Lagos,No,Successful,Yes,39,Male,Abuja,Everyday,Savings,2,83.5,100k-249k,Mobile App,Active,Yes,0.3666,Medium,Secondary Verification (SMS/OTP),2.0.0-week3,2026-09-30T14:43:51.571607+00:00
FT-T009309,FT-C00915,2026-03-11 19:34:00,Transfer,659.64,Mobile App,Android,Lagos,No,Successful,No,55,Male,Abuja,Everyday,Premium,9,74.0,1m+,USSD,Active,Yes,0.4983,Medium,Secondary Verification (SMS/OTP),2.0.0-week3,2026-09-30T14:43:51.571607+00:00
FT-T002381,FT-C00303,2026-01-18 20:26:00,Deposit,15085.95,ATM,POS Terminal,Kano,No,Successful,No,52,Male,Benin City,Everyday,Savings,33,93.2,100k-249k,Mobile App,Active,No,0.3482,Medium,Secondary Verification (SMS/OTP),2.0.0-week3,2026-09-30T14:43:51.571607+00:00
FT-T002702,FT-C01225,2026-01-21 06:13:00,Deposit,2407.59,ATM,Android,Ibadan,No,Successful,No,43,Male,Benin City,SME,Premium,11,56.9,250k-499k,Mobile App,Dormant,No,0.3013,Medium,Secondary Verification (SMS/OTP),2.0.0-week3,2026-09-30T14:43:51.571607+00:00
FT-T009722,FT-C00711,2026-03-14 21:55:00,Card Purchase,756.86,Mobile App,Web Browser,Kaduna,No,Failed,No,45,Male,Lagos,Student,Premium,30,56.6,Below 100k,Mobile App,Active,No,0.3194,Medium,Secondary Verification (SMS/OTP),2.0.0-week3,2026-09-30T14:43:51.571607+00:00
FT-T006540,FT-C01067,2026-02-19 01:07:00,Airtime/Data,1346.82,Mobile App,Web Browser,Lagos,No,Successful,Yes,62,Female,Benin City,Everyday,Savings,40,72.2,250k-499k,Mobile App,Active,Yes,0.6093,Medium,Secondary Verification (SMS/OTP),2.0.0-week3,2026-09-30T14:43:51.571607+00:00
FT-T004705,FT-C00489,2026-02-05 06:47:00,Card Purchase,8297.97,Mobile App,Android,Port Harcourt,No,Successful,No,40,Male,Lagos,Everyday,Premium,22,100.0,100k-249k,Mobile App,Active,No,0.3122,Medium,Secondary Verification (SMS/OTP),2.0.0-week3,2026-09-30T14:43:51.571607+00:00
FT-T000366,FT-C00798,2026-01-03 17:42:00,Deposit,1768.98,Mobile App,Android,Port Harcourt,No,Successful,No,65,Female,Port Harcourt,SME,Savings,8,82.4,500k-999k,Web,Active,No,0.3014,Medium,Secondary Verification (SMS/OTP),2.0.0-week3,2026-09-30T14:43:51.571607+00:00
FT-T008361,FT-C00549,2026-03-04 16:55:00,Transfer,188851.08,Mobile App,ATM Terminal,Port Harcourt,No,Successful,No,38,Male,Port Harcourt,SME,Savings,78,78.8,250k-499k,Mobile App,Active,Yes,0.6981,Medium,Secondary Verification (SMS/OTP),2.0.0-week3,2026-09-30T14:43:51.571607+00:00
FT-T010312,FT-C00198,2026-03-19 08:08:00,Bill Payment,40414.66,ATM,Android,Abuja,No,Successful,No,49,Female,Ibadan,Everyday,Savings,84,49.5,250k-499k,Mobile App,Active,No,0.3111,Medium,Secondary Verification (SMS/OTP),2.0.0-week3,2026-09-30T14:43:51.571607+00:00
FT-T003733,FT-C00296,2026-01-28 23:48:00,Card Purchase,99426.37,ATM,POS Terminal,Kaduna,No,Successful,No,52,Male,Abuja,Everyday,Savings,93,80.8,500k-999k,Web,Active,No,0.3083,Medium,Secondary Verification (SMS/OTP),2.0.0-week3,2026-09-30T14:43:51.571607+00:00
FT-T005163,FT-C01161,2026-02-08 17:14:00,Deposit,26905.39,Mobile App,Android,Lagos,No,Successful,No,50,Male,Benin City,Everyday,Savings,70,52.2,1m+,Mobile App,Active,No,0.3332,Medium,Secondary Verification (SMS/OTP),2.0.0-week3,2026-09-30T14:43:51.571607+00:00
FT-T001224,FT-C00931,2026-01-10 04:09:00,Transfer,13863.11,ATM,Android,Enugu,No,Successful,Yes,37,Male,Enugu,Premium,Current,61,38.6,100k-249k,USSD,Active,Yes,0.5314,Medium,Secondary Verification (SMS/OTP),2.0.0-week3,2026-09-30T14:43:51.571607+00:00
FT-T004233,FT-C00291,2026-02-01 17:49:00,Cash Withdrawal,99852.7,Web,POS Terminal,Lagos,No,Successful,No,57,Male,Kano,Everyday,Savings,11,63.6,Below 100k,Mobile App,Active,Yes,0.4659,Medium,Secondary Verification (SMS/OTP),2.0.0-week3,2026-09-30T14:43:51.571607+00:00
FT-T003665,FT-C00508,2026-01-28 11:34:00,Transfer,15994.26,ATM,Android,Kaduna,No,Successful,Yes,44,Male,Kano,Student,Premium,65,57.9,250k-499k,Web,Active,Yes,0.5033,Medium,Secondary Verification (SMS/OTP),2.0.0-week3,2026-09-30T14:43:51.571607+00:00
FT-T002182,FT-C00822,2026-01-17 08:36:00,Airtime/Data,18252.15,Web,ATM Terminal,Kano,No,Successful,No,59,Male,Kano,Everyday,Premium,60,66.1,100k-249k,USSD,Active,Yes,0.3804,Medium,Secondary Verification (SMS/OTP),2.0.0-week3,2026-09-30T14:43:51.571607+00:00
FT-T010343,FT-C00768,2026-03-19 13:42:00,Transfer,15128.53,Web,POS Terminal,Lagos,No,Successful,No,27,Prefer not to say,Abuja,Everyday,Premium,22,62.3,500k-999k,Mobile App,Active,Yes,0.4741,Medium,Secondary Verification (SMS/OTP),2.0.0-week3,2026-09-30T14:43:51.571607+00:00
FT-T006219,FT-C00340,2026-02-16 15:19:00,Cash Withdrawal,168366.01,Mobile App,Web Browser,Kaduna,No,Successful,Yes,36,Male,Kano,Student,Current,62,76.7,250k-499k,Mobile App,Active,Yes,0.6048,Medium,Secondary Verification (SMS/OTP),2.0.0-week3,2026-09-30T14:43:51.571607+00:00
FT-T010027,FT-C00877,2026-03-17 04:49:00,Airtime/Data,11215.24,Mobile App,iOS,Kaduna,No,Successful,No,62,Male,Kaduna,Everyday,Savings,82,50.8,250k-499k,Mobile App,Active,Yes,0.5513,Medium,Secondary Verification (SMS/OTP),2.0.0-week3,2026-09-30T14:43:51.571607+00:00
FT-T005539,FT-C00010,2026-02-11 12:55:00,Card Purchase,1331.64,USSD,Android,Kano,No,Successful,No,28,Male,Lagos,Everyday,Savings,20,77.5,250k-499k,Mobile App,Active,No,0.285,Low,Auto-Approve,2.0.0-week3,2026-09-30T14:43:51.571607+00:00
FT-T007391,FT-C00280,2026-02-25 10:18:00,Card Purchase,48404.47,Mobile App,Android,Kano,Yes,Successful,No,65,Female,Abuja,Premium,Savings,41,34.9,100k-249k,USSD,Active,Yes,0.3671,Medium,Secondary Verification (SMS/OTP),2.0.0-week3,2026-09-30T14:43:51.571607+00:00
FT-T006744,FT-C01364,2026-02-20 13:50:00,Bill Payment,2384.09,POS,Android,Enugu,No,Successful,No,62,Female,Lagos,Everyday,Current,1,100.0,500k-999k,Mobile App,Active,No,0.2489,Low,Auto-Approve,2.0.0-week3,2026-09-30T14:43:51.571607+00:00
FT-T004475,FT-C00162,2026-02-03 13:23:00,Cash Withdrawal,9745.39,Mobile App,POS Terminal,Port Harcourt,No,Successful,No,30,Female,Kano,Student,Premium,23,94.9,1m+,Web,Active,Yes,0.4742,Medium,Secondary Verification (SMS/OTP),2.0.0-week3,2026-09-30T14:43:51.571607+00:00
FT-T008881,FT-C00211,2026-03-08 14:31:00,Card Purchase,90126.9,Mobile App,iOS,Enugu,No,Successful,No,40,Male,Lagos,Student,Savings,92,50.4,100k-249k,USSD,Active,No,0.3285,Medium,Secondary Verification (SMS/OTP),2.0.0-week3,2026-09-30T14:43:51.571607+00:00
FT-T006796,FT-C01108,2026-02-20 23:12:00,Deposit,313036.41,Mobile App,iOS,Enugu,No,Failed,No,54,Male,Lagos,Student,Savings,65,64.3,250k-499k,Web,Active,Yes,0.4579,Medium,Secondary Verification (SMS/OTP),2.0.0-week3,2026-09-30T14:43:51.571607+00:00
FT-T004031,FT-C00582,2026-01-31 05:27:00,Transfer,830.62,ATM,Android,Kano,No,Successful,Yes,58,Male,Port Harcourt,Student,Savings,39,66.4,250k-499k,Mobile App,Active,Yes,0.6138,Medium,Secondary Verification (SMS/OTP),2.0.0-week3,2026-09-30T14:43:51.571607+00:00
FT-T011853,FT-C01356,2026-03-30 21:32:00,Transfer,1982.32,ATM,Web Browser,Kaduna,No,Successful,No,56,Female,Lagos,Everyday,Savings,12,91.7,Below 100k,Mobile App,Active,Yes,0.5078,Medium,Secondary Verification (SMS/OTP),2.0.0-week3,2026-09-30T14:43:51.571607+00:00
FT-T007259,FT-C01355,2026-02-24 10:32:00,Transfer,790.49,POS,Android,Port Harcourt,Yes,Successful,Yes,42,Female,Lagos,Student,Current,71,53.2,100k-249k,Mobile App,Active,Yes,0.5981,Medium,Secondary Verification (SMS/OTP),2.0.0-week3,2026-09-30T14:43:51.571607+00:00
FT-T007124,FT-C00802,2026-02-23 10:14:00,Deposit,77183.3,Mobile App,Web Browser,Enugu,No,Successful,No,54,Female,Abuja,Premium,Current,27,79.9,Below 100k,Mobile App,Active,No,0.3196,Medium,Secondary Verification (SMS/OTP),2.0.0-week3,2026-09-30T14:43:51.571607+00:00
FT-T010941,FT-C01152,2026-03-24 01:21:00,Airtime/Data,3784.75,Mobile App,Android,Enugu,No,Successful,No,43,Female,Enugu,Everyday,Current,74,53.7,500k-999k,Web,Active,Yes,0.5424,Medium,Secondary Verification (SMS/OTP),2.0.0-week3,2026-09-30T14:43:51.571607+00:00
FT-T003627,FT-C00404,2026-01-28 04:44:00,Deposit,11398.87,ATM,ATM Terminal,Abuja,No,Successful,No,29,Female,Lagos,Everyday,Savings,1,85.0,250k-499k,Web,Active,Yes,0.4558,Medium,Secondary Verification (SMS/OTP),2.0.0-week3,2026-09-30T14:43:51.571607+00:00
FT-T009759,FT-C00442,2026-03-15 04:35:00,Transfer,219542.56,Mobile App,iOS,Abuja,No,Successful,No,45,Female,Kano,SME,Current,80,47.9,250k-499k,Web,Active,Yes,0.6639,Medium,Secondary Verification (SMS/OTP),2.0.0-week3,2026-09-30T14:43:51.571607+00:00
FT-T000433,FT-C00027,2026-01-04 05:45:00,Card Purchase,450.84,POS,iOS,Benin City,No,Successful,No,39,Female,Port Harcourt,Everyday,Savings,89,50.5,1m+,Mobile App,Active,Yes,0.3736,Medium,Secondary Verification (SMS/OTP),2.0.0-week3,2026-09-30T14:43:51.571607+00:00
FT-T005600,FT-C00394,2026-02-11 23:54:00,Cash Withdrawal,14551.78,ATM,iOS,Benin City,No,Successful,No,30,Female,Kano,Premium,Savings,47,77.5,100k-249k,Mobile App,Active,Yes,0.5018,Medium,Secondary Verification (SMS/OTP),2.0.0-week3,2026-09-30T14:43:51.571607+00:00
FT-T009627,FT-C00578,2026-03-14 04:49:00,Card Purchase,128593.24,Mobile App,iOS,Lagos,No,Successful,No,30,Female,Lagos,Student,Savings,88,28.9,500k-999k,Mobile App,Active,Yes,0.5017,Medium,Secondary Verification (SMS/OTP),2.0.0-week3,2026-09-30T14:43:51.571607+00:00
FT-T009980,FT-C00055,2026-03-16 20:22:00,Bill Payment,23738.91,USSD,Android,Kaduna,No,Successful,No,25,Male,Abuja,Everyday,Current,44,65.7,250k-499k,USSD,Active,No,0.3185,Medium,Secondary Verification (SMS/OTP),2.0.0-week3,2026-09-30T14:43:51.571607+00:00
FT-T005627,FT-C00153,2026-02-12 04:45:00,Airtime/Data,21377.52,USSD,Android,Benin City,No,Successful,No,47,Female,Ibadan,Premium,Savings,22,73.7,250k-499k,Web,Active,Yes,0.5228,Medium,Secondary Verification (SMS/OTP),2.0.0-week3,2026-09-30T14:43:51.571607+00:00
FT-T000245,FT-C00970,2026-01-02 19:55:00,Airtime/Data,1395.15,Mobile App,ATM Terminal,Ibadan,No,Successful,No,26,Female,Ibadan,Premium,Savings,73,81.1,1m+,Mobile App,Active,Yes,0.4077,Medium,Secondary Verification (SMS/OTP),2.0.0-week3,2026-09-30T14:43:51.571607+00:00
FT-T011578,FT-C00853,2026-03-28 20:02:00,Cash Withdrawal,8362.53,Mobile App,Web Browser,Port Harcourt,No,Successful,No,20,Male,Kaduna,Premium,Savings,18,77.6,500k-999k,Mobile App,Active,Yes,0.5069,Medium,Secondary Verification (SMS/OTP),2.0.0-week3,2026-09-30T14:43:51.571607+00:00
FT-T007115,FT-C00155,2026-02-23 08:37:00,Transfer,51516.29,USSD,ATM Terminal,Enugu,No,Successful,Yes,40,Female,Kano,Premium,Current,62,59.0,100k-249k,Web,Active,Yes,0.5197,Medium,Secondary Verification (SMS/OTP),2.0.0-week3,2026-09-30T14:43:51.571607+00:00
FT-T000863,FT-C01098,2026-01-07 11:10:00,Deposit,382913.78,Web,iOS,Enugu,No,Successful,No,64,Female,Lagos,Everyday,Current,95,52.7,250k-499k,Mobile App,Active,Yes,0.4212,Medium,Secondary Verification (SMS/OTP),2.0.0-week3,2026-09-30T14:43:51.571607+00:00
FT-T004145,FT-C00412,2026-02-01 01:58:00,Transfer,205596.18,POS,iOS,Lagos,No,Successful,No,39,Female,Lagos,Premium,Premium,2,58.8,500k-999k,Web,Active,Yes,0.6369,Medium,Secondary Verification (SMS/OTP),2.0.0-week3,2026-09-30T14:43:51.571607+00:00
FT-T001887,FT-C00135,2026-01-15 03:30:00,Transfer,209511.92,ATM,Android,Port Harcourt,No,Successful,No,31,Female,Abuja,Student,Savings,56,45.7,100k-249k,Mobile App,Dormant,Yes,0.6347,Medium,Secondary Verification (SMS/OTP),2.0.0-week3,2026-09-30T14:43:51.571607+00:00
FT-T010778,FT-C00922,2026-03-22 20:01:00,Cash Withdrawal,84942.62,POS,POS Terminal,Lagos,No,Successful,No,56,Male,Enugu,Premium,Premium,17,55.9,1m+,Web,Active,Yes,0.4229,Medium,Secondary Verification (SMS/OTP),2.0.0-week3,2026-09-30T14:43:51.571607+00:00
FT-T008528,FT-C00349,2026-03-05 22:59:00,Airtime/Data,2475.73,Web,Web Browser,Lagos,No,Successful,No,23,Female,Abuja,Everyday,Savings,75,66.8,Below 100k,Mobile App,Active,Yes,0.3507,Medium,Secondary Verification (SMS/OTP),2.0.0-week3,2026-09-30T14:43:51.571607+00:00
FT-T001649,FT-C01042,2026-01-13 08:39:00,Cash Withdrawal,133985.93,Mobile App,Android,,No,Successful,No,28,Male,Abuja,SME,Current,53,66.1,500k-999k,Mobile App,Active,Yes,0.3866,Medium,Secondary Verification (SMS/OTP),2.0.0-week3,2026-09-30T14:43:51.571607+00:00
FT-T009074,FT-C00952,2026-03-10 01:16:00,Card Purchase,9382.54,Mobile App,Android,Lagos,No,Successful,No,23,Female,Ibadan,Student,Current,43,74.7,Below 100k,Mobile App,Active,Yes,0.4058,Medium,Secondary Verification (SMS/OTP),2.0.0-week3,2026-09-30T14:43:51.571607+00:00
FT-T007388,FT-C01383,2026-02-25 09:46:00,Transfer,47824.0,USSD,Web Browser,Enugu,No,Successful,Yes,59,Male,Lagos,Everyday,Savings,23,67.4,1m+,Mobile App,Active,Yes,0.4598,Medium,Secondary Verification (SMS/OTP),2.0.0-week3,2026-09-30T14:43:51.571607+00:00
FT-T011119,FT-C00393,2026-03-25 09:24:00,Cash Withdrawal,101010.91,Mobile App,Web Browser,Benin City,No,Successful,No,41,Male,Abuja,Premium,Premium,49,77.1,250k-499k,USSD,Active,Yes,0.459,Medium,Secondary Verification (SMS/OTP),2.0.0-week3,2026-09-30T14:43:51.571607+00:00
FT-T011065,FT-C00513,2026-03-24 23:41:00,Airtime/Data,569.22,Mobile App,POS Terminal,Kaduna,No,Successful,No,50,Female,Enugu,Everyday,Current,17,48.5,100k-249k,Mobile App,Active,No,0.2911,Low,Auto-Approve,2.0.0-week3,2026-09-30T14:43:51.571607+00:00
FT-T006386,FT-C01050,2026-02-17 21:23:00,Airtime/Data,38662.88,Web,POS Terminal,Lagos,No,Successful,No,39,Male,Kano,Student,Current,37,52.2,500k-999k,Mobile App,Dormant,No,0.2399,Low,Auto-Approve,2.0.0-week3,2026-09-30T14:43:51.571607+00:00
FT-T000157,FT-C01039,2026-01-02 04:04:00,Deposit,1905.88,Mobile App,Web Browser,Abuja,No,Successful,No,22,Female,Lagos,Everyday,Savings,95,78.2,500k-999k,Mobile App,Active,Yes,0.5171,Medium,Secondary Verification (SMS/OTP),2.0.0-week3,2026-09-30T14:43:51.571607+00:00
FT-T002069,FT-C01140,2026-01-16 12:16:00,Airtime/Data,163.9,ATM,Android,Abuja,No,Successful,No,60,Male,Lagos,Everyday,Current,13,89.9,250k-499k,Mobile App,Active,No,0.2854,Low,Auto-Approve,2.0.0-week3,2026-09-30T14:43:51.571607+00:00
FT-T011009,FT-C00679,2026-03-24 13:36:00,Card Purchase,1192.94,Mobile App,ATM Terminal,Port Harcourt,No,Successful,No,38,Male,Port Harcourt,SME,Savings,80,94.9,250k-499k,Mobile App,Active,Yes,0.3639,Medium,Secondary Verification (SMS/OTP),2.0.0-week3,2026-09-30T14:43:51.571607+00:00
FT-T004195,FT-C00475,2026-02-01 10:58:00,Deposit,24044.67,POS,Android,Ibadan,No,Successful,Yes,47,Male,Lagos,SME,Savings,7,89.8,1m+,Web,Active,No,0.3158,Medium,Secondary Verification (SMS/OTP),2.0.0-week3,2026-09-30T14:43:51.571607+00:00
FT-T008327,FT-C01015,2026-03-04 10:48:00,Transfer,129328.09,ATM,iOS,Lagos,No,Successful,No,50,Female,Lagos,Everyday,Current,19,61.7,100k-249k,Mobile App,Active,Yes,0.4667,Medium,Secondary Verification (SMS/OTP),2.0.0-week3,2026-09-30T14:43:51.571607+00:00
FT-T008865,FT-C01366,2026-03-08 11:39:00,Card Purchase,13438.74,POS,ATM Terminal,Enugu,No,Successful,Yes,40,Male,Lagos,Premium,Current,40,69.8,250k-499k,Mobile App,Active,No,0.2468,Low,Auto-Approve,2.0.0-week3,2026-09-30T14:43:51.571607+00:00
FT-T005235,FT-C00768,2026-02-09 06:11:00,Card Purchase,44918.88,Mobile App,iOS,Abuja,No,Successful,No,27,Prefer not to say,Abuja,Everyday,Premium,22,62.3,500k-999k,Mobile App,Active,No,0.2949,Low,Auto-Approve,2.0.0-week3,2026-09-30T14:43:51.571607+00:00
FT-T006251,FT-C00595,2026-02-16 21:05:00,Transfer,4525.61,POS,Web Browser,Ibadan,No,Successful,No,29,Prefer not to say,Abuja,SME,Current,52,96.7,250k-499k,Mobile App,Active,Yes,0.489,Medium,Secondary Verification (SMS/OTP),2.0.0-week3,2026-09-30T14:43:51.571607+00:00
FT-T005202,FT-C00170,2026-02-09 00:15:00,Card Purchase,11582.38,POS,ATM Terminal,Enugu,No,Successful,No,23,Female,Enugu,Everyday,Current,13,83.6,500k-999k,Mobile App,Active,Yes,0.3609,Medium,Secondary Verification (SMS/OTP),2.0.0-week3,2026-09-30T14:43:51.571607+00:00
FT-T000669,FT-C00507,2026-01-06 00:15:00,Cash Withdrawal,2580.57,Mobile App,Android,Ibadan,No,Reversed,No,49,Female,Kano,Everyday,Premium,28,30.4,250k-499k,USSD,Active,Yes,0.5211,Medium,Secondary Verification (SMS/OTP),2.0.0-week3,2026-09-30T14:43:51.571607+00:00
FT-T003905,FT-C00699,2026-01-30 06:46:00,Transfer,7477.24,Web,Web Browser,Enugu,No,Successful,No,49,Female,Abuja,Premium,Current,96,78.3,100k-249k,Mobile App,Active,Yes,0.4369,Medium,Secondary Verification (SMS/OTP),2.0.0-week3,2026-09-30T14:43:51.571607+00:00
FT-T007770,FT-C00103,2026-02-28 06:32:00,Card Purchase,1057.58,Mobile App,Android,Port Harcourt,No,Successful,Yes,41,Female,Lagos,Premium,Current,17,59.8,250k-499k,Mobile App,Active,No,0.2466,Low,Auto-Approve,2.0.0-week3,2026-09-30T14:43:51.571607+00:00
FT-T000517,FT-C01204,2026-01-04 20:53:00,Card Purchase,6821.4,Mobile App,Web Browser,Ibadan,No,Successful,No,43,Female,Lagos,Student,Savings,27,59.4,250k-499k,Web,Active,Yes,0.3575,Medium,Secondary Verification (SMS/OTP),2.0.0-week3,2026-09-30T14:43:51.571607+00:00
FT-T004937,FT-C01222,2026-02-07 00:33:00,Deposit,33183.97,POS,Android,Ibadan,No,Successful,No,46,Male,Enugu,Premium,Premium,94,80.6,Below 100k,Mobile App,Active,Yes,0.4176,Medium,Secondary Verification (SMS/OTP),2.0.0-week3,2026-09-30T14:43:51.571607+00:00
FT-T006321,FT-C00397,2026-02-17 09:41:00,Transfer,2574.89,Mobile App,Web Browser,Kano,No,Successful,Yes,62,Female,Benin City,Everyday,Savings,12,32.5,250k-499k,USSD,Active,Yes,0.4791,Medium,Secondary Verification (SMS/OTP),2.0.0-week3,2026-09-30T14:43:51.571607+00:00
FT-T001143,FT-C00540,2026-01-09 13:34:00,Cash Withdrawal,5079.35,POS,Android,Lagos,No,Successful,No,51,Male,Lagos,Everyday,Premium,86,59.0,500k-999k,USSD,Active,Yes,0.4961,Medium,Secondary Verification (SMS/OTP),2.0.0-week3,2026-09-30T14:43:51.571607+00:00
FT-T011179,FT-C01038,2026-03-25 20:12:00,Card Purchase,11307.12,Mobile App,Android,Kano,No,Failed,No,48,Female,Kano,Everyday,Current,83,75.2,500k-999k,USSD,Active,Yes,0.3877,Medium,Secondary Verification (SMS/OTP),2.0.0-week3,2026-09-30T14:43:51.571607+00:00
FT-T006332,FT-C00959,2026-02-17 11:40:00,Transfer,40590.03,POS,ATM Terminal,Benin City,No,Successful,Yes,39,Male,Ibadan,Everyday,Savings,4,34.2,250k-499k,Mobile App,Active,Yes,0.5069,Medium,Secondary Verification (SMS/OTP),2.0.0-week3,2026-09-30T14:43:51.571607+00:00
FT-T001573,FT-C00388,2026-01-12 18:59:00,Card Purchase,560.28,POS,iOS,Port Harcourt,No,Successful,No,46,Female,Lagos,Everyday,Premium,30,52.9,1m+,Mobile App,Active,No,0.2274,Low,Auto-Approve,2.0.0-week3,2026-09-30T14:43:51.571607+00:00
FT-T008479,FT-C01366,2026-03-05 14:10:00,Deposit,36278.07,Web,Android,Abuja,No,Successful,No,40,Male,Lagos,Premium,Current,40,69.8,250k-499k,Mobile App,Active,No,0.3407,Medium,Secondary Verification (SMS/OTP),2.0.0-week3,2026-09-30T14:43:51.571607+00:00
FT-T002986,FT-C00130,2026-01-23 09:20:00,Card Purchase,27538.78,Mobile App,Android,Benin City,No,Failed,No,52,Female,Benin City,Premium,Savings,67,72.7,250k-499k,Mobile App,Active,Yes,0.3975,Medium,Secondary Verification (SMS/OTP),2.0.0-week3,2026-09-30T14:43:51.571607+00:00
FT-T001006,FT-C01138,2026-01-08 12:54:00,Airtime/Data,23545.96,POS,iOS,Abuja,No,Successful,No,53,Male,Lagos,SME,Current,55,77.5,250k-499k,Mobile App,Active,No,0.3016,Medium,Secondary Verification (SMS/OTP),2.0.0-week3,2026-09-30T14:43:51.571607+00:00
FT-T003486,FT-C00701,2026-01-27 03:21:00,Bill Payment,3256.91,Mobile App,Web Browser,Kaduna,No,Successful,Yes,25,Male,Kano,Everyday,Savings,69,68.6,100k-249k,Web,Active,Yes,0.4257,Medium,Secondary Verification (SMS/OTP),2.0.0-week3,2026-09-30T14:43:51.571607+00:00
FT-T006194,FT-C01121,2026-02-16 10:49:00,Deposit,9177.05,Mobile App,POS Terminal,Benin City,No,Successful,Yes,64,Male,Kano,Everyday,Savings,61,88.6,500k-999k,Mobile App,Active,No,0.3237,Medium,Secondary Verification (SMS/OTP),2.0.0-week3,2026-09-30T14:43:51.571607+00:00
FT-T001230,FT-C00411,2026-01-10 05:14:00,Card Purchase,6315.62,POS,Android,Kano,No,Successful,No,40,Female,Lagos,Everyday,Savings,50,59.5,100k-249k,Web,Active,No,0.3347,Medium,Secondary Verification (SMS/OTP),2.0.0-week3,2026-09-30T14:43:51.571607+00:00
FT-T000014,FT-C00201,2026-01-01 02:20:00,Transfer,22208.35,Mobile App,POS Terminal,Kaduna,No,Successful,No,58,Male,Lagos,Everyday,Savings,82,77.7,100k-249k,Mobile App,Active,Yes,0.6352,Medium,Secondary Verification (SMS/OTP),2.0.0-week3,2026-09-30T14:43:51.571607+00:00
FT-T008448,FT-C01374,2026-03-05 08:35:00,Card Purchase,1817.42,Mobile App,iOS,Kaduna,No,Successful,No,58,Male,Lagos,Everyday,Current,55,65.5,100k-249k,USSD,Active,No,0.2714,Low,Auto-Approve,2.0.0-week3,2026-09-30T14:43:51.571607+00:00
FT-T005108,FT-C00083,2026-02-08 07:20:00,Bill Payment,3111.63,POS,Android,Enugu,No,Successful,No,33,Male,Kano,Everyday,Current,64,52.4,250k-499k,Mobile App,Active,No,0.2476,Low,Auto-Approve,2.0.0-week3,2026-09-30T14:43:51.571607+00:00
FT-T004580,FT-C00054,2026-02-04 08:17:00,Transfer,172631.28,Mobile App,iOS,Port Harcourt,No,Successful,No,61,Female,Lagos,Everyday,Current,47,83.2,250k-499k,Mobile App,Active,Yes,0.6148,Medium,Secondary Verification (SMS/OTP),2.0.0-week3,2026-09-30T14:43:51.571607+00:00
FT-T002353,FT-C01206,2026-01-18 15:23:00,Transfer,54883.09,Mobile App,Android,Abuja,No,Successful,No,55,Male,Lagos,Everyday,Savings,60,77.8,Below 100k,Mobile App,Active,Yes,0.4301,Medium,Secondary Verification (SMS/OTP),2.0.0-week3,2026-09-30T14:43:51.571607+00:00
FT-T004151,FT-C00957,2026-02-01 03:03:00,Airtime/Data,399.48,Mobile App,iOS,Benin City,No,Successful,No,54,Male,Port Harcourt,Everyday,Current,81,82.9,100k-249k,Mobile App,Active,Yes,0.4624,Medium,Secondary Verification (SMS/OTP),2.0.0-week3,2026-09-30T14:43:51.571607+00:00
FT-T008190,FT-C00727,2026-03-03 10:08:00,Card Purchase,667.93,Mobile App,ATM Terminal,Port Harcourt,No,Successful,No,52,Male,Kaduna,Student,Premium,69,86.4,1m+,Mobile App,Active,No,0.2735,Low,Auto-Approve,2.0.0-week3,2026-09-30T14:43:51.571607+00:00
FT-T003049,FT-C00647,2026-01-23 20:41:00,Card Purchase,510.45,Web,Android,Kano,No,Successful,Yes,36,Male,Abuja,Everyday,Savings,95,100.0,100k-249k,Mobile App,Active,No,0.3288,Medium,Secondary Verification (SMS/OTP),2.0.0-week3,2026-09-30T14:43:51.571607+00:00
FT-T004381,FT-C00522,2026-02-02 20:27:00,Card Purchase,481.51,POS,ATM Terminal,Lagos,No,Successful,No,27,Female,Port Harcourt,Premium,Premium,80,63.2,1m+,Web,Active,No,0.27,Low,Auto-Approve,2.0.0-week3,2026-09-30T14:43:51.571607+00:00
FT-T010796,FT-C00328,2026-03-22 23:15:00,Cash Withdrawal,5667.33,Web,Android,Abuja,No,Reversed,No,25,Male,Enugu,Everyday,Savings,63,76.5,1m+,Mobile App,Active,Yes,0.4218,Medium,Secondary Verification (SMS/OTP),2.0.0-week3,2026-09-30T14:43:51.571607+00:00
FT-T011384,FT-C00221,2026-03-27 09:06:00,Transfer,1384.23,Mobile App,iOS,Ibadan,No,Successful,No,23,Female,Benin City,Everyday,Savings,83,68.9,250k-499k,Mobile App,Active,Yes,0.4835,Medium,Secondary Verification (SMS/OTP),2.0.0-week3,2026-09-30T14:43:51.571607+00:00
FT-T001829,FT-C00389,2026-01-14 17:04:00,Card Purchase,159430.57,POS,POS Terminal,Ibadan,No,Successful,No,59,Prefer not to say,Lagos,Everyday,Premium,57,86.7,500k-999k,Web,Active,No,0.312,Medium,Secondary Verification (SMS/OTP),2.0.0-week3,2026-09-30T14:43:51.571607+00:00
FT-T009987,FT-C01250,2026-03-16 21:37:00,Airtime/Data,320.23,ATM,,Kano,No,Successful,No,57,Female,Lagos,SME,Current,2,72.9,100k-249k,Mobile App,Active,No,0.3497,Medium,Secondary Verification (SMS/OTP),2.0.0-week3,2026-09-30T14:43:51.571607+00:00
FT-T009236,FT-C00864,2026-03-11 06:26:00,Bill Payment,1112.71,POS,Android,Lagos,No,Successful,No,59,Male,Ibadan,Everyday,Savings,49,48.5,Below 100k,USSD,Active,No,0.3329,Medium,Secondary Verification (SMS/OTP),2.0.0-week3,2026-09-30T14:43:51.571607+00:00
FT-T001996,FT-C00719,2026-01-15 23:07:00,Cash Withdrawal,1042.18,ATM,iOS,Enugu,No,Successful,No,50,Male,Ibadan,SME,Current,92,62.5,100k-249k,Mobile App,Active,Yes,0.3771,Medium,Secondary Verification (SMS/OTP),2.0.0-week3,2026-09-30T14:43:51.571607+00:00
FT-T002212,FT-C00493,2026-01-17 14:00:00,Deposit,1115.02,Mobile App,Android,Ibadan,No,Successful,No,51,Female,Enugu,Everyday,Savings,46,62.4,Below 100k,Mobile App,Active,No,0.3102,Medium,Secondary Verification (SMS/OTP),2.0.0-week3,2026-09-30T14:43:51.571607+00:00
FT-T004201,FT-C00903,2026-02-01 12:03:00,Cash Withdrawal,29137.84,Mobile App,ATM Terminal,Port Harcourt,No,Successful,No,62,Male,Kaduna,Everyday,Savings,89,70.6,100k-249k,Web,Active,Yes,0.42,Medium,Secondary Verification (SMS/OTP),2.0.0-week3,2026-09-30T14:43:51.571607+00:00
FT-T008980,FT-C00573,2026-03-09 08:21:00,Transfer,323555.65,Mobile App,Web Browser,Lagos,No,Successful,No,34,Male,Ibadan,Premium,Savings,69,87.7,Below 100k,Mobile App,Restricted,Yes,0.5431,Medium,Secondary Verification (SMS/OTP),2.0.0-week3,2026-09-30T14:43:51.571607+00:00
FT-T005424,FT-C01207,2026-02-10 16:13:00,Transfer,20750.79,Mobile App,Android,Ibadan,Yes,Successful,No,19,Male,Abuja,Student,Savings,18,63.3,250k-499k,Mobile App,Active,Yes,0.4879,Medium,Secondary Verification (SMS/OTP),2.0.0-week3,2026-09-30T14:43:51.571607+00:00
FT-T005487,FT-C00410,2026-02-11 03:33:00,Airtime/Data,41395.04,Web,Android,Abuja,No,Successful,No,49,Male,Kano,Student,Savings,29,78.8,100k-249k,Web,Active,Yes,0.4926,Medium,Secondary Verification (SMS/OTP),2.0.0-week3,2026-09-30T14:43:51.571607+00:00
FT-T002792,FT-C00857,2026-01-21 22:25:00,Transfer,14520.55,Mobile App,Android,Lagos,No,Successful,No,46,Female,Lagos,Everyday,Savings,6,57.8,100k-249k,Mobile App,Active,Yes,0.5252,Medium,Secondary Verification (SMS/OTP),2.0.0-week3,2026-09-30T14:43:51.571607+00:00
FT-T002887,FT-C00554,2026-01-22 15:31:00,Transfer,1610.86,USSD,POS Terminal,Lagos,No,Successful,No,41,Female,Abuja,Premium,Savings,31,44.8,500k-999k,USSD,Active,Yes,0.44,Medium,Secondary Verification (SMS/OTP),2.0.0-week3,2026-09-30T14:43:51.571607+00:00
FT-T006800,FT-C01370,2026-02-20 23:55:00,Deposit,419320.5,ATM,iOS,Lagos,No,Successful,No,35,Female,Abuja,SME,Current,87,58.2,Below 100k,Mobile App,Active,Yes,0.3751,Medium,Secondary Verification (SMS/OTP),2.0.0-week3,2026-09-30T14:43:51.571607+00:00
FT-T006890,FT-C01088,2026-02-21 16:07:00,Deposit,38846.86,Mobile App,Android,Ibadan,No,Successful,No,57,Female,Kano,Premium,Current,90,69.6,250k-499k,Mobile App,Active,No,0.336,Medium,Secondary Verification (SMS/OTP),2.0.0-week3,2026-09-30T14:43:51.571607+00:00
FT-T001483,FT-C00357,2026-01-12 02:46:00,Deposit,4098.52,Mobile App,Web Browser,Abuja,Yes,Successful,Yes,52,Male,Port Harcourt,Everyday,Savings,86,70.8,100k-249k,Mobile App,Active,Yes,0.5898,Medium,Secondary Verification (SMS/OTP),2.0.0-week3,2026-09-30T14:43:51.571607+00:00
FT-T004561,FT-C00196,2026-02-04 04:52:00,Card Purchase,4406.04,POS,POS Terminal,Ibadan,No,Successful,No,41,Male,Port Harcourt,Premium,Savings,6,82.6,250k-499k,USSD,Active,No,0.3355,Medium,Secondary Verification (SMS/OTP),2.0.0-week3,2026-09-30T14:43:51.571607+00:00
FT-T007437,FT-C01262,2026-02-25 18:35:00,Transfer,94005.08,POS,Android,Benin City,No,Successful,No,25,Female,Lagos,Everyday,Current,42,63.5,1m+,Mobile App,Active,Yes,0.5627,Medium,Secondary Verification (SMS/OTP),2.0.0-week3,2026-09-30T14:43:51.571607+00:00
FT-T005682,FT-C01322,2026-02-12 14:39:00,Bill Payment,18297.33,Web,Android,Lagos,No,Successful,No,22,Male,Ibadan,Student,Current,52,71.8,500k-999k,Mobile App,Active,No,0.2724,Low,Auto-Approve,2.0.0-week3,2026-09-30T14:43:51.571607+00:00
FT-T007053,FT-C01042,2026-02-22 21:27:00,Transfer,144412.73,Web,iOS,Lagos,No,Pending,No,28,Male,Abuja,SME,Current,53,66.1,500k-999k,Mobile App,Active,Yes,0.537,Medium,Secondary Verification (SMS/OTP),2.0.0-week3,2026-09-30T14:43:51.571607+00:00
FT-T007128,FT-C00256,2026-02-23 10:58:00,Transfer,16114.89,Web,Android,Kaduna,No,Successful,No,18,Male,Enugu,Student,Premium,8,84.2,500k-999k,Mobile App,Active,Yes,0.5352,Medium,Secondary Verification (SMS/OTP),2.0.0-week3,2026-09-30T14:43:51.571607+00:00
FT-T006141,FT-C01037,2026-02-16 01:17:00,Transfer,94758.2,Mobile App,Android,Enugu,No,Successful,No,47,Male,Abuja,SME,Savings,94,100.0,250k-499k,Web,Active,Yes,0.5679,Medium,Secondary Verification (SMS/OTP),2.0.0-week3,2026-09-30T14:43:51.571607+00:00
FT-T004098,FT-C00872,2026-01-31 17:31:00,Transfer,13535.86,ATM,iOS,Benin City,No,Reversed,No,43,Male,Ibadan,Premium,Savings,25,86.6,Below 100k,Web,Active,Yes,0.4842,Medium,Secondary Verification (SMS/OTP),2.0.0-week3,2026-09-30T14:43:51.571607+00:00
FT-T011070,FT-C00907,2026-03-25 00:35:00,Card Purchase,1061.54,USSD,POS Terminal,Kaduna,No,Successful,Yes,20,Female,Lagos,Student,Current,5,85.8,100k-249k,Mobile App,Active,Yes,0.4375,Medium,Secondary Verification (SMS/OTP),2.0.0-week3,2026-09-30T14:43:51.571607+00:00
FT-T007541,FT-C00001,2026-02-26 13:18:00,Deposit,3312.55,POS,Android,Enugu,No,Successful,No,56,Male,Lagos,Premium,Savings,55,84.9,500k-999k,Mobile App,Active,No,0.3327,Medium,Secondary Verification (SMS/OTP),2.0.0-week3,2026-09-30T14:43:51.571607+00:00
FT-T005223,FT-C00368,2026-02-09 04:02:00,Bill Payment,52454.92,USSD,POS Terminal,Benin City,No,Successful,No,20,Female,Kano,Premium,Current,71,65.3,1m+,Web,Active,Yes,0.3886,Medium,Secondary Verification (SMS/OTP),2.0.0-week3,2026-09-30T14:43:51.571607+00:00
FT-T002718,FT-C00888,2026-01-21 09:06:00,Bill Payment,3434.98,Web,Android,Benin City,No,Successful,No,43,Male,Kaduna,Everyday,Savings,78,38.3,Below 100k,Mobile App,Active,No,0.3183,Medium,Secondary Verification (SMS/OTP),2.0.0-week3,2026-09-30T14:43:51.571607+00:00
FT-T007420,FT-C01319,2026-02-25 15:31:00,Cash Withdrawal,207747.69,Mobile App,iOS,Abuja,No,Successful,No,19,Female,Lagos,Premium,Current,76,79.8,100k-249k,Mobile App,Active,Yes,0.6424,Medium,Secondary Verification (SMS/OTP),2.0.0-week3,2026-09-30T14:43:51.571607+00:00
FT-T000913,FT-C01361,2026-01-07 20:10:00,Airtime/Data,2186.86,Mobile App,Android,Benin City,No,Successful,No,21,Male,Lagos,Everyday,Savings,81,53.4,Below 100k,Mobile App,Active,No,0.3335,Medium,Secondary Verification (SMS/OTP),2.0.0-week3,2026-09-30T14:43:51.571607+00:00
FT-T011200,FT-C00521,2026-03-25 23:59:00,Transfer,964.13,Mobile App,iOS,Ibadan,No,Successful,No,57,Female,Lagos,Everyday,Savings,61,76.0,250k-499k,Web,Active,Yes,0.4689,Medium,Secondary Verification (SMS/OTP),2.0.0-week3,2026-09-30T14:43:51.571607+00:00
FT-T002658,FT-C00487,2026-01-20 22:17:00,Bill Payment,18833.32,Mobile App,Web Browser,Ibadan,No,Successful,No,47,Male,Lagos,Premium,Savings,75,66.3,Below 100k,Web,Active,No,0.2645,Low,Auto-Approve,2.0.0-week3,2026-09-30T14:43:51.571607+00:00
FT-T000915,FT-C01260,2026-01-07 20:32:00,Transfer,215601.18,Mobile App,iOS,Port Harcourt,No,Successful,No,21,Male,Lagos,Everyday,Savings,41,72.1,Below 100k,Mobile App,Active,Yes,0.668,Medium,Secondary Verification (SMS/OTP),2.0.0-week3,2026-09-30T14:43:51.571607+00:00
FT-T001919,FT-C00835,2026-01-15 09:16:00,Transfer,11831.83,Mobile App,Web Browser,Abuja,No,Successful,No,23,Male,Abuja,Student,Savings,91,70.1,100k-249k,Web,Dormant,Yes,0.4845,Medium,Secondary Verification (SMS/OTP),2.0.0-week3,2026-09-30T14:43:51.571607+00:00
FT-T008427,FT-C00202,2026-03-05 04:48:00,Card Purchase,3691.81,Mobile App,Android,Lagos,No,Successful,Yes,29,Male,Enugu,SME,Current,92,78.1,Below 100k,Web,Active,No,0.3152,Medium,Secondary Verification (SMS/OTP),2.0.0-week3,2026-09-30T14:43:51.571607+00:00
FT-T005215,FT-C00641,2026-02-09 02:35:00,Card Purchase,3291.64,Mobile App,iOS,Lagos,No,Successful,No,42,Male,Abuja,SME,Savings,87,76.3,250k-499k,USSD,Active,No,0.342,Medium,Secondary Verification (SMS/OTP),2.0.0-week3,2026-09-30T14:43:51.571607+00:00
FT-T009172,FT-C01250,2026-03-10 18:55:00,Transfer,50750.27,ATM,Web Browser,Ibadan,No,Successful,No,57,Female,Lagos,SME,Current,2,72.9,100k-249k,Mobile App,Active,Yes,0.4476,Medium,Secondary Verification (SMS/OTP),2.0.0-week3,2026-09-30T14:43:51.571607+00:00
FT-T010425,FT-C00730,2026-03-20 04:28:00,Transfer,18810.7,Mobile App,Android,Kaduna,No,Successful,No,22,Male,Kaduna,SME,Savings,1,94.5,100k-249k,Web,Active,Yes,0.6627,Medium,Secondary Verification (SMS/OTP),2.0.0-week3,2026-09-30T14:43:51.571607+00:00
FT-T001019,FT-C00262,2026-01-08 15:15:00,Transfer,136949.93,USSD,Android,Lagos,No,Successful,Yes,47,Male,Ibadan,Everyday,Premium,10,54.9,250k-499k,Web,Active,Yes,0.47,Medium,Secondary Verification (SMS/OTP),2.0.0-week3,2026-09-30T14:43:51.571607+00:00
FT-T008469,FT-C00573,2026-03-05 12:22:00,Card Purchase,17721.09,Mobile App,POS Terminal,Abuja,No,Failed,No,34,Male,Ibadan,Premium,Savings,69,87.7,Below 100k,Mobile App,Restricted,Yes,0.3637,Medium,Secondary Verification (SMS/OTP),2.0.0-week3,2026-09-30T14:43:51.571607+00:00
FT-T004378,FT-C01421,2026-02-02 19:55:00,Deposit,11956.25,Mobile App,POS Terminal,Ibadan,No,Successful,No,50,Female,Benin City,Everyday,Savings,55,37.8,250k-499k,Web,Active,No,0.2928,Low,Auto-Approve,2.0.0-week3,2026-09-30T14:43:51.571607+00:00
FT-T011198,FT-C00494,2026-03-25 23:37:00,Airtime/Data,14781.44,Web,Android,Kano,No,Failed,Yes,48,Male,Ibadan,Premium,Current,35,48.7,250k-499k,Web,Active,Yes,0.3641,Medium,Secondary Verification (SMS/OTP),2.0.0-week3,2026-09-30T14:43:51.571607+00:00
FT-T005137,FT-C01010,2026-02-08 12:33:00,Transfer,918.24,Web,iOS,Enugu,No,Successful,No,28,Male,Lagos,Everyday,Savings,65,66.7,1m+,Mobile App,Active,Yes,0.461,Medium,Secondary Verification (SMS/OTP),2.0.0-week3,2026-09-30T14:43:51.571607+00:00
FT-T007776,FT-C00692,2026-02-28 07:36:00,Card Purchase,1666.07,Mobile App,iOS,Abuja,No,Successful,No,18,Male,Abuja,Student,Savings,59,61.3,1m+,Web,Active,No,0.3058,Medium,Secondary Verification (SMS/OTP),2.0.0-week3,2026-09-30T14:43:51.571607+00:00
FT-T001025,FT-C00031,2026-01-08 16:20:00,Card Purchase,806.62,Mobile App,iOS,Lagos,No,Successful,No,59,Female,Lagos,Premium,Savings,1,89.5,250k-499k,Mobile App,Active,No,0.3361,Medium,Secondary Verification (SMS/OTP),2.0.0-week3,2026-09-30T14:43:51.571607+00:00
FT-T005747,FT-C00384,2026-02-13 02:21:00,Transfer,5098.83,Web,Android,Enugu,No,Successful,No,26,Female,Lagos,SME,Savings,59,37.4,500k-999k,Mobile App,Active,Yes,0.6125,Medium,Secondary Verification (SMS/OTP),2.0.0-week3,2026-09-30T14:43:51.571607+00:00
FT-T011762,FT-C01446,2026-03-30 05:09:00,Card Purchase,8557.59,Mobile App,POS Terminal,Port Harcourt,No,Successful,No,52,Male,Port Harcourt,Premium,Savings,8,44.6,500k-999k,Mobile App,Active,Yes,0.4797,Medium,Secondary Verification (SMS/OTP),2.0.0-week3,2026-09-30T14:43:51.571607+00:00
FT-T004881,FT-C00888,2026-02-06 14:28:00,Cash Withdrawal,6525.28,Web,Web Browser,Ibadan,No,Successful,No,43,Male,Kaduna,Everyday,Savings,78,38.3,Below 100k,Mobile App,Active,Yes,0.4596,Medium,Secondary Verification (SMS/OTP),2.0.0-week3,2026-09-30T14:43:51.571607+00:00
FT-T000095,FT-C00577,2026-01-01 16:55:00,Transfer,1566.71,ATM,iOS,Lagos,No,Successful,Yes,39,Female,Enugu,SME,Current,58,38.9,100k-249k,Mobile App,Restricted,Yes,0.4862,Medium,Secondary Verification (SMS/OTP),2.0.0-week3,2026-09-30T14:43:51.571607+00:00
FT-T004481,FT-C00120,2026-02-03 14:28:00,Card Purchase,1132.44,USSD,Android,Ibadan,No,Failed,No,50,Male,Kaduna,Premium,Savings,79,53.9,250k-499k,USSD,Active,Yes,0.3503,Medium,Secondary Verification (SMS/OTP),2.0.0-week3,2026-09-30T14:43:51.571607+00:00
FT-T003580,FT-C00029,2026-01-27 20:16:00,Airtime/Data,7897.35,Mobile App,Android,Lagos,No,Successful,No,42,Male,Port Harcourt,Everyday,Current,49,77.3,100k-249k,Web,Active,No,0.2825,Low,Auto-Approve,2.0.0-week3,2026-09-30T14:43:51.571607+00:00
FT-T000028,FT-C01246,2026-01-01 04:51:00,Bill Payment,3475.92,Web,POS Terminal,Ibadan,No,Successful,No,62,Female,Abuja,Premium,Savings,35,75.7,500k-999k,Mobile App,Dormant,Yes,0.3536,Medium,Secondary Verification (SMS/OTP),2.0.0-week3,2026-09-30T14:43:51.571607+00:00
FT-T002364,FT-C01172,2026-01-18 17:22:00,Deposit,26499.94,Mobile App,Android,Enugu,No,Successful,No,25,Female,Lagos,Everyday,Current,46,71.0,250k-499k,Mobile App,Active,Yes,0.359,Medium,Secondary Verification (SMS/OTP),2.0.0-week3,2026-09-30T14:43:51.571607+00:00
FT-T004533,FT-C00194,2026-02-03 23:49:00,Deposit,20088.14,Mobile App,POS Terminal,Enugu,No,Successful,No,59,Female,Enugu,Everyday,Current,19,67.7,Below 100k,Mobile App,Active,No,0.28,Low,Auto-Approve,2.0.0-week3,2026-09-30T14:43:51.571607+00:00
FT-T009814,FT-C00173,2026-03-15 14:29:00,Transfer,4801.97,Mobile App,Android,Lagos,No,Successful,Yes,61,Male,Kano,Student,Premium,35,93.1,100k-249k,Mobile App,Active,Yes,0.513,Medium,Secondary Verification (SMS/OTP),2.0.0-week3,2026-09-30T14:43:51.571607+00:00
FT-T001312,FT-C00733,2026-01-10 19:59:00,Transfer,141968.91,Mobile App,POS Terminal,Ibadan,No,Successful,No,19,Female,Port Harcourt,Everyday,Premium,54,63.6,1m+,USSD,Active,Yes,0.5505,Medium,Secondary Verification (SMS/OTP),2.0.0-week3,2026-09-30T14:43:51.571607+00:00
FT-T004325,FT-C01396,2026-02-02 10:23:00,Transfer,51025.46,Mobile App,iOS,Lagos,No,Successful,No,62,Female,Abuja,Student,Current,29,68.2,100k-249k,Mobile App,Active,Yes,0.4238,Medium,Secondary Verification (SMS/OTP),2.0.0-week3,2026-09-30T14:43:51.571607+00:00
FT-T004781,FT-C00957,2026-02-05 20:28:00,Transfer,153591.76,ATM,Android,Benin City,No,Successful,Yes,54,Male,Port Harcourt,Everyday,Current,81,82.9,100k-249k,Mobile App,Active,Yes,0.4752,Medium,Secondary Verification (SMS/OTP),2.0.0-week3,2026-09-30T14:43:51.571607+00:00
FT-T006864,FT-C00117,2026-02-21 11:26:00,Card Purchase,94597.66,Mobile App,POS Terminal,Port Harcourt,No,Successful,No,25,Male,Lagos,Everyday,Savings,74,87.8,100k-249k,Mobile App,Active,No,0.3114,Medium,Secondary Verification (SMS/OTP),2.0.0-week3,2026-09-30T14:43:51.571607+00:00
FT-T009159,FT-C00917,2026-03-10 16:34:00,Bill Payment,6743.7,Mobile App,Android,Kaduna,No,Successful,No,32,Male,Ibadan,Student,Current,50,90.6,500k-999k,Mobile App,Active,No,0.2483,Low,Auto-Approve,2.0.0-week3,2026-09-30T14:43:51.571607+00:00
FT-T002076,FT-C00322,2026-01-16 13:31:00,Card Purchase,4177.43,USSD,Android,Ibadan,No,Successful,No,39,Male,Ibadan,Premium,Savings,24,62.6,500k-999k,Mobile App,Active,No,0.3068,Medium,Secondary Verification (SMS/OTP),2.0.0-week3,2026-09-30T14:43:51.571607+00:00
FT-T000631,FT-C00093,2026-01-05 17:24:00,Transfer,12758.82,USSD,Android,Benin City,No,Successful,Yes,32,Female,Lagos,SME,Savings,86,48.8,500k-999k,Mobile App,Active,Yes,0.4293,Medium,Secondary Verification (SMS/OTP),2.0.0-week3,2026-09-30T14:43:51.571607+00:00
FT-T004054,FT-C01486,2026-01-31 09:36:00,Transfer,15043.29,Mobile App,iOS,Kano,No,Successful,No,33,Female,Benin City,Premium,Savings,48,90.9,1m+,Web,Active,Yes,0.4816,Medium,Secondary Verification (SMS/OTP),2.0.0-week3,2026-09-30T14:43:51.571607+00:00
FT-T010801,FT-C00794,2026-03-23 00:09:00,Cash Withdrawal,3130.63,Web,Android,Enugu,No,Successful,Yes,22,Female,Ibadan,Student,Savings,82,81.8,250k-499k,Web,Active,Yes,0.5111,Medium,Secondary Verification (SMS/OTP),2.0.0-week3,2026-09-30T14:43:51.571607+00:00
FT-T005478,FT-C01483,2026-02-11 01:56:00,Deposit,356738.81,Mobile App,Android,Ibadan,No,Successful,No,64,Female,Abuja,Premium,Current,23,65.7,Below 100k,USSD,Active,Yes,0.6799,Medium,Secondary Verification (SMS/OTP),2.0.0-week3,2026-09-30T14:43:51.571607+00:00
FT-T003234,FT-C00078,2026-01-25 05:59:00,Bill Payment,39566.33,Web,Android,Kano,No,Successful,No,25,Female,Lagos,Student,Savings,63,46.4,1m+,Mobile App,Active,Yes,0.412,Medium,Secondary Verification (SMS/OTP),2.0.0-week3,2026-09-30T14:43:51.571607+00:00
FT-T008916,FT-C00771,2026-03-08 20:50:00,Card Purchase,146152.62,Mobile App,Android,Ibadan,No,Successful,No,34,Female,Benin City,Everyday,Current,32,68.3,250k-499k,Mobile App,Active,No,0.2559,Low,Auto-Approve,2.0.0-week3,2026-09-30T14:43:51.571607+00:00
FT-T008590,FT-C01249,2026-03-06 10:08:00,Airtime/Data,2018.73,USSD,Android,Abuja,No,Successful,No,33,Prefer not to say,Lagos,Student,Savings,43,56.1,100k-249k,Web,Active,No,0.2977,Low,Auto-Approve,2.0.0-week3,2026-09-30T14:43:51.571607+00:00
FT-T010160,FT-C00184,2026-03-18 04:46:00,Card Purchase,771.13,ATM,Android,Kaduna,No,Successful,Yes,30,Female,Abuja,Student,Premium,85,41.4,100k-249k,Web,Active,Yes,0.3713,Medium,Secondary Verification (SMS/OTP),2.0.0-week3,2026-09-30T14:43:51.571607+00:00
FT-T009349,FT-C00744,2026-03-12 02:46:00,Transfer,82679.42,POS,POS Terminal,Kaduna,No,Successful,No,38,Male,Enugu,Everyday,Savings,82,100.0,Below 100k,Mobile App,Active,Yes,0.5586,Medium,Secondary Verification (SMS/OTP),2.0.0-week3,2026-09-30T14:43:51.571607+00:00
FT-T008389,FT-C00356,2026-03-04 21:57:00,Deposit,200129.98,Mobile App,Android,Abuja,No,Successful,No,48,Female,Lagos,Everyday,Current,31,34.9,100k-249k,Mobile App,Active,Yes,0.5108,Medium,Secondary Verification (SMS/OTP),2.0.0-week3,2026-09-30T14:43:51.571607+00:00
FT-T004173,FT-C00726,2026-02-01 07:01:00,Deposit,630973.9,ATM,Web Browser,Benin City,No,Successful,Yes,63,Female,Lagos,Everyday,Savings,33,58.5,Below 100k,Mobile App,Active,Yes,0.5114,Medium,Secondary Verification (SMS/OTP),2.0.0-week3,2026-09-30T14:43:51.571607+00:00
FT-T006700,FT-C00614,2026-02-20 05:55:00,Cash Withdrawal,152471.83,USSD,Android,Kano,No,Successful,No,64,Female,Kaduna,Everyday,Savings,56,44.2,100k-249k,Mobile App,Active,Yes,0.535,Medium,Secondary Verification (SMS/OTP),2.0.0-week3,2026-09-30T14:43:51.571607+00:00
FT-T003416,FT-C01395,2026-01-26 14:45:00,Cash Withdrawal,2168.48,Web,Web Browser,Benin City,No,Successful,No,27,Male,Benin City,SME,Savings,19,35.9,1m+,Web,Active,Yes,0.4769,Medium,Secondary Verification (SMS/OTP),2.0.0-week3,2026-09-30T14:43:51.571607+00:00
FT-T008623,FT-C00906,2026-03-06 16:05:00,Bill Payment,83815.62,POS,POS Terminal,Lagos,No,Successful,No,24,Female,Abuja,Premium,Savings,56,46.2,250k-499k,Mobile App,Active,No,0.2668,Low,Auto-Approve,2.0.0-week3,2026-09-30T14:43:51.571607+00:00
FT-T002099,FT-C01416,2026-01-16 17:40:00,Card Purchase,42842.65,Mobile App,Web Browser,Enugu,No,Successful,No,51,Female,Abuja,Everyday,Savings,39,71.6,100k-249k,Mobile App,Active,Yes,0.3629,Medium,Secondary Verification (SMS/OTP),2.0.0-week3,2026-09-30T14:43:51.571607+00:00
FT-T004391,FT-C01321,2026-02-02 22:15:00,Transfer,440719.78,POS,iOS,Ibadan,No,Successful,No,64,Female,Ibadan,SME,Savings,21,49.2,100k-249k,Mobile App,Active,Yes,0.555,Medium,Secondary Verification (SMS/OTP),2.0.0-week3,2026-09-30T14:43:51.571607+00:00
FT-T000391,FT-C00508,2026-01-03 22:12:00,Transfer,85649.86,Mobile App,Android,Enugu,No,Successful,Yes,44,Male,Kano,Student,Premium,65,57.9,250k-499k,Web,Active,Yes,0.4212,Medium,Secondary Verification (SMS/OTP),2.0.0-week3,2026-09-30T14:43:51.571607+00:00
FT-T004416,FT-C01475,2026-02-03 02:45:00,Transfer,14847.96,Mobile App,Android,Abuja,No,Successful,No,35,Female,Port Harcourt,Premium,Current,84,45.0,500k-999k,Web,Active,Yes,0.5869,Medium,Secondary Verification (SMS/OTP),2.0.0-week3,2026-09-30T14:43:51.571607+00:00
FT-T011377,FT-C01282,2026-03-27 07:51:00,Transfer,5717.94,Mobile App,Android,Abuja,No,Successful,No,40,Male,Kano,SME,Current,68,100.0,250k-499k,Mobile App,Active,Yes,0.5142,Medium,Secondary Verification (SMS/OTP),2.0.0-week3,2026-09-30T14:43:51.571607+00:00
FT-T005397,FT-C00366,2026-02-10 11:21:00,Transfer,7001.42,Mobile App,iOS,Lagos,No,Successful,No,59,Female,Lagos,Student,Savings,32,66.4,100k-249k,USSD,Dormant,Yes,0.511,Medium,Secondary Verification (SMS/OTP),2.0.0-week3,2026-09-30T14:43:51.571607+00:00
FT-T005759,FT-C00536,2026-02-13 04:31:00,Transfer,95501.36,USSD,Android,Abuja,No,Successful,No,46,Male,Lagos,Student,Savings,7,49.4,250k-499k,Web,Active,Yes,0.526,Medium,Secondary Verification (SMS/OTP),2.0.0-week3,2026-09-30T14:43:51.571607+00:00
FT-T001852,FT-C00499,2026-01-14 21:12:00,Bill Payment,38754.05,Mobile App,Web Browser,Port Harcourt,No,Successful,No,22,Female,Ibadan,Everyday,Premium,26,84.0,100k-249k,Mobile App,Active,No,0.2538,Low,Auto-Approve,2.0.0-week3,2026-09-30T14:43:51.571607+00:00
FT-T003974,FT-C01149,2026-01-30 19:11:00,Transfer,31345.92,Mobile App,iOS,Port Harcourt,No,Successful,No,25,Female,Kano,Everyday,Savings,48,69.7,100k-249k,Mobile App,Active,Yes,0.516,Medium,Secondary Verification (SMS/OTP),2.0.0-week3,2026-09-30T14:43:51.571607+00:00
FT-T003204,FT-C00142,2026-01-25 00:35:00,Transfer,13817.04,Mobile App,Android,Lagos,No,Successful,No,44,Male,Abuja,Everyday,Savings,61,94.9,100k-249k,Mobile App,Active,Yes,0.7036,High,Immediate Review / Payment Hold,2.0.0-week3,2026-09-30T14:43:51.571607+00:00
FT-T002551,FT-C01496,2026-01-20 03:02:00,Deposit,2939.83,ATM,POS Terminal,Port Harcourt,No,Successful,Yes,24,Male,Lagos,Everyday,Savings,35,76.0,250k-499k,Mobile App,Active,Yes,0.509,Medium,Secondary Verification (SMS/OTP),2.0.0-week3,2026-09-30T14:43:51.571607+00:00
FT-T001285,FT-C00640,2026-01-10 15:08:00,Card Purchase,393.36,POS,Android,Port Harcourt,No,Successful,No,24,Male,Abuja,SME,Premium,3,63.1,100k-249k,Mobile App,Active,No,0.2079,Low,Auto-Approve,2.0.0-week3,2026-09-30T14:43:51.571607+00:00
FT-T005134,FT-C00664,2026-02-08 12:01:00,Transfer,646.8,USSD,POS Terminal,Kano,No,Successful,Yes,18,Female,Lagos,SME,Savings,57,62.7,Below 100k,Mobile App,Active,Yes,0.5285,Medium,Secondary Verification (SMS/OTP),2.0.0-week3,2026-09-30T14:43:51.571607+00:00
FT-T010945,FT-C00122,2026-03-24 02:05:00,Airtime/Data,109.01,Mobile App,ATM Terminal,Port Harcourt,No,Successful,No,40,Male,Port Harcourt,Everyday,Premium,7,100.0,100k-249k,Mobile App,Active,Yes,0.4984,Medium,Secondary Verification (SMS/OTP),2.0.0-week3,2026-09-30T14:43:51.571607+00:00
FT-T003379,FT-C01419,2026-01-26 08:05:00,Bill Payment,14739.81,Web,iOS,Enugu,No,Successful,No,39,Female,Ibadan,Student,Savings,44,51.2,100k-249k,Mobile App,Active,No,0.2975,Low,Auto-Approve,2.0.0-week3,2026-09-30T14:43:51.571607+00:00
FT-T006702,FT-C00091,2026-02-20 06:16:00,Transfer,139031.69,Mobile App,iOS,Port Harcourt,No,Successful,No,58,Male,Kaduna,Everyday,Savings,11,100.0,Below 100k,Mobile App,Active,Yes,0.4509,Medium,Secondary Verification (SMS/OTP),2.0.0-week3,2026-09-30T14:43:51.571607+00:00
FT-T006984,FT-C01291,2026-02-22 09:02:00,Transfer,6755.56,Mobile App,Android,Abuja,No,Successful,Yes,51,Female,Lagos,Everyday,Savings,17,55.2,100k-249k,Mobile App,Active,Yes,0.4614,Medium,Secondary Verification (SMS/OTP),2.0.0-week3,2026-09-30T14:43:51.571607+00:00
FT-T003907,FT-C00124,2026-01-30 07:08:00,Transfer,56260.2,POS,Android,Enugu,No,Successful,Yes,54,Female,Enugu,Premium,Savings,10,66.7,Below 100k,Mobile App,Active,Yes,0.4682,Medium,Secondary Verification (SMS/OTP),2.0.0-week3,2026-09-30T14:43:51.571607+00:00
FT-T003577,FT-C01316,2026-01-27 19:44:00,Card Purchase,5871.68,ATM,Android,Port Harcourt,No,Failed,No,53,Male,Abuja,Premium,Savings,35,69.8,250k-499k,Web,Active,No,0.2971,Low,Auto-Approve,2.0.0-week3,2026-09-30T14:43:51.571607+00:00
FT-T011676,FT-C01163,2026-03-29 13:40:00,Card Purchase,1739.63,POS,iOS,Enugu,Yes,Successful,No,57,Female,Enugu,Student,Savings,25,75.2,Below 100k,Web,Active,Yes,0.5545,Medium,Secondary Verification (SMS/OTP),2.0.0-week3,2026-09-30T14:43:51.571607+00:00
FT-T002547,FT-C00103,2026-01-20 02:19:00,Transfer,1288.7,ATM,Android,Ibadan,No,Successful,No,41,Female,Lagos,Premium,Current,17,59.8,250k-499k,Mobile App,Active,Yes,0.5884,Medium,Secondary Verification (SMS/OTP),2.0.0-week3,2026-09-30T14:43:51.571607+00:00
FT-T005447,FT-C00168,2026-02-10 20:21:00,Airtime/Data,30586.16,ATM,POS Terminal,Ibadan,No,Failed,No,59,Female,Lagos,Everyday,Savings,71,64.0,500k-999k,Mobile App,Active,Yes,0.3665,Medium,Secondary Verification (SMS/OTP),2.0.0-week3,2026-09-30T14:43:51.571607+00:00
FT-T008417,FT-C01385,2026-03-05 03:00:00,Deposit,77419.32,Mobile App,Android,Port Harcourt,No,Failed,No,38,Male,Lagos,Everyday,Savings,54,56.4,250k-499k,USSD,Restricted,Yes,0.4479,Medium,Secondary Verification (SMS/OTP),2.0.0-week3,2026-09-30T14:43:51.571607+00:00
FT-T001840,FT-C00117,2026-01-14 19:02:00,Card Purchase,45694.1,Web,Android,Port Harcourt,Yes,Successful,No,25,Male,Lagos,Everyday,Savings,74,87.8,100k-249k,Mobile App,Active,Yes,0.46,Medium,Secondary Verification (SMS/OTP),2.0.0-week3,2026-09-30T14:43:51.571607+00:00
FT-T001252,FT-C00590,2026-01-10 09:11:00,Card Purchase,543.84,ATM,Android,Enugu,No,Reversed,No,36,Female,Ibadan,Student,Savings,83,66.9,250k-499k,USSD,Active,No,0.3344,Medium,Secondary Verification (SMS/OTP),2.0.0-week3,2026-09-30T14:43:51.571607+00:00
FT-T001665,FT-C01114,2026-01-13 11:32:00,Transfer,47857.35,Mobile App,Android,Port Harcourt,No,Successful,Yes,27,Prefer not to say,Kaduna,Everyday,Savings,38,33.4,100k-249k,Mobile App,Active,Yes,0.5124,Medium,Secondary Verification (SMS/OTP),2.0.0-week3,2026-09-30T14:43:51.571607+00:00
FT-T001244,FT-C00552,2026-01-10 07:45:00,Transfer,320359.56,POS,POS Terminal,Port Harcourt,No,Successful,Yes,54,Female,Lagos,Student,Current,33,87.0,Below 100k,Web,Active,Yes,0.6064,Medium,Secondary Verification (SMS/OTP),2.0.0-week3,2026-09-30T14:43:51.571607+00:00
FT-T008461,FT-C00055,2026-03-05 10:55:00,Cash Withdrawal,26220.05,ATM,POS Terminal,Port Harcourt,No,Successful,No,25,Male,Abuja,Everyday,Current,44,65.7,250k-499k,USSD,Active,Yes,0.5093,Medium,Secondary Verification (SMS/OTP),2.0.0-week3,2026-09-30T14:43:51.571607+00:00
FT-T006392,FT-C00064,2026-02-17 22:28:00,Bill Payment,43333.17,Mobile App,iOS,Abuja,No,Successful,No,23,Male,Port Harcourt,Everyday,Current,34,41.0,500k-999k,Web,Active,No,0.2557,Low,Auto-Approve,2.0.0-week3,2026-09-30T14:43:51.571607+00:00
FT-T005174,FT-C00632,2026-02-08 19:13:00,Transfer,50083.19,POS,iOS,Abuja,No,Successful,No,55,Female,Lagos,Student,Savings,93,55.1,500k-999k,Mobile App,Active,Yes,0.4422,Medium,Secondary Verification (SMS/OTP),2.0.0-week3,2026-09-30T14:43:51.571607+00:00
FT-T010776,FT-C00400,2026-03-22 19:39:00,Cash Withdrawal,1296.54,Mobile App,Android,Lagos,No,Successful,Yes,25,Female,Lagos,SME,Premium,6,52.3,250k-499k,Mobile App,Active,Yes,0.5473,Medium,Secondary Verification (SMS/OTP),2.0.0-week3,2026-09-30T14:43:51.571607+00:00
FT-T008956,FT-C01123,2026-03-09 04:02:00,Cash Withdrawal,2803.46,Web,ATM Terminal,Ibadan,No,Successful,No,62,Female,Kano,Everyday,Current,70,83.4,Below 100k,Mobile App,Active,Yes,0.5056,Medium,Secondary Verification (SMS/OTP),2.0.0-week3,2026-09-30T14:43:51.571607+00:00
FT-T002517,FT-C01415,2026-01-19 20:55:00,Bill Payment,932.03,Mobile App,iOS,Port Harcourt,No,Failed,No,52,Prefer not to say,Port Harcourt,Student,Current,24,98.9,Below 100k,Mobile App,Active,No,0.2974,Low,Auto-Approve,2.0.0-week3,2026-09-30T14:43:51.571607+00:00
FT-T003334,FT-C00409,2026-01-25 23:59:00,Card Purchase,134042.19,Web,Android,Kano,No,Successful,No,19,Female,Abuja,Everyday,Savings,60,66.7,100k-249k,Mobile App,Active,No,0.3031,Medium,Secondary Verification (SMS/OTP),2.0.0-week3,2026-09-30T14:43:51.571607+00:00
FT-T001142,FT-C00881,2026-01-09 13:23:00,Card Purchase,3406.31,POS,Android,Kano,No,Successful,No,64,Female,Benin City,Everyday,Current,18,67.7,100k-249k,Web,Active,No,0.2119,Low,Auto-Approve,2.0.0-week3,2026-09-30T14:43:51.571607+00:00
FT-T006967,FT-C01130,2026-02-22 05:59:00,Transfer,1807.14,POS,POS Terminal,Abuja,No,Successful,No,64,Female,Ibadan,Everyday,Savings,43,89.9,500k-999k,Web,Active,Yes,0.5416,Medium,Secondary Verification (SMS/OTP),2.0.0-week3,2026-09-30T14:43:51.571607+00:00
FT-T000560,FT-C00144,2026-01-05 04:37:00,Airtime/Data,29062.36,Mobile App,Android,Enugu,No,Successful,Yes,32,Female,Lagos,Premium,Current,44,100.0,250k-499k,Mobile App,Active,Yes,0.474,Medium,Secondary Verification (SMS/OTP),2.0.0-week3,2026-09-30T14:43:51.571607+00:00
FT-T005107,FT-C00466,2026-02-08 07:09:00,Card Purchase,90342.26,Web,Android,Benin City,No,Successful,Yes,43,Male,Lagos,Student,Savings,31,40.8,500k-999k,Mobile App,Active,No,0.32,Medium,Secondary Verification (SMS/OTP),2.0.0-week3,2026-09-30T14:43:51.571607+00:00
FT-T010478,FT-C00937,2026-03-20 14:01:00,Transfer,19426.16,USSD,Android,Kano,No,Successful,No,62,Male,Port Harcourt,Everyday,Current,77,53.0,250k-499k,Mobile App,Active,Yes,0.4366,Medium,Secondary Verification (SMS/OTP),2.0.0-week3,2026-09-30T14:43:51.571607+00:00
FT-T006456,FT-C00156,2026-02-18 09:59:00,Deposit,66229.79,Mobile App,iOS,Kano,No,Successful,Yes,56,Female,Port Harcourt,Everyday,Savings,82,55.9,Below 100k,Web,Active,No,0.3091,Medium,Secondary Verification (SMS/OTP),2.0.0-week3,2026-09-30T14:43:51.571607+00:00
FT-T005753,FT-C00204,2026-02-13 03:26:00,Airtime/Data,448.75,Mobile App,iOS,Ibadan,Yes,Successful,Yes,19,Female,Kaduna,SME,Savings,73,73.4,500k-999k,Mobile App,Active,Yes,0.629,Medium,Secondary Verification (SMS/OTP),2.0.0-week3,2026-09-30T14:43:51.571607+00:00
FT-T009217,FT-C01394,2026-03-11 03:01:00,Card Purchase,2079.19,Mobile App,POS Terminal,Kaduna,No,Successful,No,24,Female,Benin City,Everyday,Savings,55,61.3,100k-249k,Web,Active,Yes,0.4896,Medium,Secondary Verification (SMS/OTP),2.0.0-week3,2026-09-30T14:43:51.571607+00:00
FT-T004061,FT-C00626,2026-01-31 10:51:00,Card Purchase,16394.97,Mobile App,Android,Lagos,No,Successful,No,26,Female,Abuja,Everyday,Savings,37,50.2,Below 100k,Mobile App,Active,No,0.2961,Low,Auto-Approve,2.0.0-week3,2026-09-30T14:43:51.571607+00:00
FT-T006619,FT-C01389,2026-02-19 15:20:00,Bill Payment,7815.32,Web,Android,Kaduna,No,Successful,No,44,Female,Kano,Everyday,Premium,56,63.9,Below 100k,USSD,Active,No,0.3052,Medium,Secondary Verification (SMS/OTP),2.0.0-week3,2026-09-30T14:43:51.571607+00:00
FT-T003405,FT-C01423,2026-01-26 12:46:00,Airtime/Data,4803.16,Mobile App,ATM Terminal,Lagos,No,Successful,No,64,Male,Lagos,Everyday,Savings,30,100.0,100k-249k,Mobile App,Active,No,0.3117,Medium,Secondary Verification (SMS/OTP),2.0.0-week3,2026-09-30T14:43:51.571607+00:00
FT-T002936,FT-C00066,2026-01-23 00:20:00,Bill Payment,949.95,POS,POS Terminal,Port Harcourt,No,Successful,No,21,Female,Lagos,Everyday,Savings,27,53.4,250k-499k,Web,Active,Yes,0.3918,Medium,Secondary Verification (SMS/OTP),2.0.0-week3,2026-09-30T14:43:51.571607+00:00
FT-T010430,FT-C00522,2026-03-20 05:22:00,Bill Payment,606.26,Mobile App,Android,Lagos,No,Successful,No,27,Female,Port Harcourt,Premium,Premium,80,63.2,1m+,Web,Active,Yes,0.4085,Medium,Secondary Verification (SMS/OTP),2.0.0-week3,2026-09-30T14:43:51.571607+00:00
FT-T011567,FT-C00580,2026-03-28 18:03:00,Transfer,356276.39,POS,Web Browser,Port Harcourt,No,Successful,No,53,Male,Enugu,Student,Savings,57,66.8,Below 100k,Web,Active,Yes,0.6052,Medium,Secondary Verification (SMS/OTP),2.0.0-week3,2026-09-30T14:43:51.571607+00:00
FT-T001202,FT-C00135,2026-01-10 00:11:00,Airtime/Data,1401.04,Mobile App,Android,Enugu,No,Successful,No,31,Female,Abuja,Student,Savings,56,45.7,100k-249k,Mobile App,Dormant,Yes,0.4736,Medium,Secondary Verification (SMS/OTP),2.0.0-week3,2026-09-30T14:43:51.571607+00:00
FT-T007908,FT-C01416,2026-03-01 07:22:00,Card Purchase,61846.19,Mobile App,Android,Kaduna,No,Successful,No,51,Female,Abuja,Everyday,Savings,39,71.6,100k-249k,Mobile App,Active,No,0.3337,Medium,Secondary Verification (SMS/OTP),2.0.0-week3,2026-09-30T14:43:51.571607+00:00
FT-T004793,FT-C01280,2026-02-05 22:37:00,Transfer,3375.61,Mobile App,Android,Port Harcourt,No,Successful,Yes,20,Female,Benin City,Premium,Savings,74,47.3,250k-499k,Web,Active,Yes,0.468,Medium,Secondary Verification (SMS/OTP),2.0.0-week3,2026-09-30T14:43:51.571607+00:00
FT-T006503,FT-C00751,2026-02-18 18:27:00,Card Purchase,48801.28,Mobile App,POS Terminal,Ibadan,No,Successful,No,51,Male,Abuja,SME,Premium,3,71.5,250k-499k,USSD,Dormant,Yes,0.3576,Medium,Secondary Verification (SMS/OTP),2.0.0-week3,2026-09-30T14:43:51.571607+00:00
FT-T009538,FT-C00341,2026-03-13 12:48:00,Transfer,2286.32,Mobile App,iOS,Kano,No,Successful,No,21,Female,Port Harcourt,Premium,Savings,81,72.6,Below 100k,Web,Active,Yes,0.4621,Medium,Secondary Verification (SMS/OTP),2.0.0-week3,2026-09-30T14:43:51.571607+00:00
FT-T001884,FT-C01398,2026-01-15 02:58:00,Transfer,5679.08,Mobile App,Android,Enugu,No,Failed,No,43,Female,Abuja,Student,Savings,36,83.9,Below 100k,Mobile App,Active,Yes,0.5515,Medium,Secondary Verification (SMS/OTP),2.0.0-week3,2026-09-30T14:43:51.571607+00:00
FT-T005226,FT-C00529,2026-02-09 04:34:00,Cash Withdrawal,78727.57,POS,POS Terminal,Ibadan,No,Successful,No,63,Male,Ibadan,Premium,Savings,57,79.3,Below 100k,USSD,Active,Yes,0.5255,Medium,Secondary Verification (SMS/OTP),2.0.0-week3,2026-09-30T14:43:51.571607+00:00
FT-T007457,FT-C01205,2026-02-25 22:11:00,Bill Payment,32250.17,ATM,Android,Kaduna,No,Successful,No,28,Female,Kano,Everyday,Premium,26,66.0,500k-999k,USSD,Active,No,0.3011,Medium,Secondary Verification (SMS/OTP),2.0.0-week3,2026-09-30T14:43:51.571607+00:00
FT-T003366,FT-C00701,2026-01-26 05:45:00,Cash Withdrawal,2438.41,Mobile App,iOS,Benin City,No,Successful,No,25,Male,Kano,Everyday,Savings,69,68.6,100k-249k,Web,Active,Yes,0.5771,Medium,Secondary Verification (SMS/OTP),2.0.0-week3,2026-09-30T14:43:51.571607+00:00
FT-T003762,FT-C00846,2026-01-29 05:02:00,Card Purchase,455.36,POS,Android,Benin City,No,Successful,No,28,Female,Lagos,Premium,Premium,73,97.2,1m+,Mobile App,Active,No,0.3112,Medium,Secondary Verification (SMS/OTP),2.0.0-week3,2026-09-30T14:43:51.571607+00:00
FT-T007366,FT-C01038,2026-02-25 05:48:00,Transfer,3169.76,Mobile App,iOS,Kano,Yes,Successful,No,48,Female,Kano,Everyday,Current,83,75.2,500k-999k,USSD,Active,Yes,0.6092,Medium,Secondary Verification (SMS/OTP),2.0.0-week3,2026-09-30T14:43:51.571607+00:00
FT-T001062,FT-C01164,2026-01-08 22:59:00,Cash Withdrawal,3977.62,Web,iOS,Benin City,No,Reversed,No,60,Male,Abuja,Everyday,Current,44,67.5,1m+,Web,Active,Yes,0.4078,Medium,Secondary Verification (SMS/OTP),2.0.0-week3,2026-09-30T14:43:51.571607+00:00
FT-T006042,FT-C00749,2026-02-15 07:28:00,Cash Withdrawal,6267.85,Mobile App,Android,Port Harcourt,No,Successful,No,30,Female,Ibadan,Everyday,Savings,65,82.9,500k-999k,USSD,Active,Yes,0.5045,Medium,Secondary Verification (SMS/OTP),2.0.0-week3,2026-09-30T14:43:51.571607+00:00
FT-T005117,FT-C00793,2026-02-08 08:57:00,Airtime/Data,1043.3,USSD,Android,Kaduna,No,Successful,No,61,Male,Abuja,Everyday,Savings,51,78.7,100k-249k,Web,Active,No,0.3021,Medium,Secondary Verification (SMS/OTP),2.0.0-week3,2026-09-30T14:43:51.571607+00:00
FT-T009838,FT-C00182,2026-03-15 18:48:00,Transfer,1683.01,POS,POS Terminal,Kaduna,No,Successful,No,18,Female,Abuja,Everyday,Premium,96,53.3,Below 100k,Web,Active,Yes,0.3904,Medium,Secondary Verification (SMS/OTP),2.0.0-week3,2026-09-30T14:43:51.571607+00:00
FT-T003481,FT-C00302,2026-01-27 02:27:00,Cash Withdrawal,4734.93,Mobile App,Web Browser,Abuja,No,Successful,No,19,Male,Port Harcourt,Premium,Current,80,72.3,100k-249k,USSD,Active,Yes,0.5211,Medium,Secondary Verification (SMS/OTP),2.0.0-week3,2026-09-30T14:43:51.571607+00:00
FT-T009933,FT-C01470,2026-03-16 11:54:00,Deposit,1017.99,POS,iOS,Kano,Yes,Successful,No,54,Male,Enugu,Everyday,Savings,3,63.6,250k-499k,Mobile App,Active,Yes,0.4103,Medium,Secondary Verification (SMS/OTP),2.0.0-week3,2026-09-30T14:43:51.571607+00:00
FT-T010394,FT-C01394,2026-03-19 22:53:00,Deposit,84173.81,POS,Android,Port Harcourt,No,Successful,Yes,24,Female,Benin City,Everyday,Savings,55,61.3,100k-249k,Web,Active,No,0.295,Low,Auto-Approve,2.0.0-week3,2026-09-30T14:43:51.571607+00:00
FT-T009755,FT-C00879,2026-03-15 03:51:00,Transfer,3018.6,Mobile App,Web Browser,Kano,No,Successful,No,26,Male,Enugu,Student,Savings,95,64.5,Below 100k,Web,Active,Yes,0.5716,Medium,Secondary Verification (SMS/OTP),2.0.0-week3,2026-09-30T14:43:51.571607+00:00
FT-T004834,FT-C00292,2026-02-06 06:00:00,Airtime/Data,1439.07,Web,iOS,Abuja,Yes,Successful,No,37,Female,Benin City,Everyday,Current,90,88.3,500k-999k,USSD,Active,Yes,0.5117,Medium,Secondary Verification (SMS/OTP),2.0.0-week3,2026-09-30T14:43:51.571607+00:00
FT-T002425,FT-C01404,2026-01-19 04:21:00,Card Purchase,46535.5,POS,POS Terminal,Kaduna,No,Successful,No,18,Female,Abuja,Everyday,Savings,3,45.5,100k-249k,USSD,Active,Yes,0.3967,Medium,Secondary Verification (SMS/OTP),2.0.0-week3,2026-09-30T14:43:51.571607+00:00
FT-T006268,FT-C00834,2026-02-17 00:09:00,Card Purchase,25049.19,ATM,POS Terminal,Abuja,No,Successful,No,51,Prefer not to say,Abuja,Premium,Premium,68,80.9,100k-249k,Mobile App,Active,Yes,0.4416,Medium,Secondary Verification (SMS/OTP),2.0.0-week3,2026-09-30T14:43:51.571607+00:00
FT-T004615,FT-C01022,2026-02-04 14:35:00,Bill Payment,65509.49,ATM,iOS,Abuja,No,Successful,No,19,Male,Lagos,Everyday,Current,80,49.1,250k-499k,Mobile App,Active,No,0.274,Low,Auto-Approve,2.0.0-week3,2026-09-30T14:43:51.571607+00:00
FT-T000654,FT-C00855,2026-01-05 21:32:00,Card Purchase,4462.91,USSD,Android,Kaduna,No,Successful,No,20,Female,Kano,Student,Savings,1,65.8,100k-249k,USSD,Active,No,0.2778,Low,Auto-Approve,2.0.0-week3,2026-09-30T14:43:51.571607+00:00
FT-T009564,FT-C00816,2026-03-13 17:28:00,Bill Payment,1363.78,POS,Android,Enugu,No,Successful,Yes,51,Female,Kano,Everyday,Current,11,74.4,Below 100k,USSD,Active,No,0.2814,Low,Auto-Approve,2.0.0-week3,2026-09-30T14:43:51.571607+00:00
FT-T006565,FT-C00536,2026-02-19 05:37:00,Card Purchase,26243.94,Mobile App,Web Browser,Lagos,No,Successful,No,46,Male,Lagos,Student,Savings,7,49.4,250k-499k,Web,Active,Yes,0.4244,Medium,Secondary Verification (SMS/OTP),2.0.0-week3,2026-09-30T14:43:51.571607+00:00
FT-T001718,FT-C00394,2026-01-13 21:05:00,Cash Withdrawal,5262.75,ATM,POS Terminal,Kaduna,No,Successful,No,30,Female,Kano,Premium,Savings,47,77.5,100k-249k,Mobile App,Active,Yes,0.5067,Medium,Secondary Verification (SMS/OTP),2.0.0-week3,2026-09-30T14:43:51.571607+00:00
FT-T007780,FT-C01326,2026-02-28 08:20:00,Card Purchase,1527.94,ATM,iOS,Kaduna,No,Failed,Yes,19,Male,Lagos,Student,Premium,55,83.8,500k-999k,Mobile App,Active,Yes,0.4434,Medium,Secondary Verification (SMS/OTP),2.0.0-week3,2026-09-30T14:43:51.571607+00:00
FT-T002721,FT-C00195,2026-01-21 09:38:00,Card Purchase,28468.76,Web,iOS,Ibadan,No,Successful,No,61,Female,Ibadan,Everyday,Savings,15,73.7,250k-499k,Mobile App,Active,Yes,0.3574,Medium,Secondary Verification (SMS/OTP),2.0.0-week3,2026-09-30T14:43:51.571607+00:00
FT-T002719,FT-C01329,2026-01-21 09:16:00,Bill Payment,737.21,Mobile App,Web Browser,Kaduna,No,Successful,No,29,Female,Kano,SME,Current,44,69.4,Below 100k,Web,Active,No,0.2775,Low,Auto-Approve,2.0.0-week3,2026-09-30T14:43:51.571607+00:00
FT-T010953,FT-C00113,2026-03-24 03:31:00,Deposit,35756.79,Mobile App,Android,Lagos,No,Successful,Yes,58,Female,Lagos,Student,Savings,76,69.6,500k-999k,Web,Active,Yes,0.4911,Medium,Secondary Verification (SMS/OTP),2.0.0-week3,2026-09-30T14:43:51.571607+00:00
FT-T005287,FT-C00241,2026-02-09 15:33:00,Cash Withdrawal,1964.13,Web,POS Terminal,Ibadan,No,Successful,No,37,Female,Abuja,Premium,Savings,70,87.1,250k-499k,Mobile App,Active,Yes,0.4927,Medium,Secondary Verification (SMS/OTP),2.0.0-week3,2026-09-30T14:43:51.571607+00:00
FT-T004953,FT-C01430,2026-02-07 03:26:00,Bill Payment,1072.96,POS,ATM Terminal,Benin City,No,Successful,No,60,Female,Lagos,Student,Savings,94,98.0,250k-499k,Mobile App,Dormant,Yes,0.4434,Medium,Secondary Verification (SMS/OTP),2.0.0-week3,2026-09-30T14:43:51.571607+00:00
FT-T006692,FT-C00736,2026-02-20 04:28:00,Bill Payment,9631.33,POS,Android,Ibadan,No,Successful,No,62,Male,Ibadan,Student,Premium,33,92.9,100k-249k,Mobile App,Restricted,Yes,0.3677,Medium,Secondary Verification (SMS/OTP),2.0.0-week3,2026-09-30T14:43:51.571607+00:00
FT-T004491,FT-C00828,2026-02-03 16:16:00,Transfer,1005.01,Web,iOS,Ibadan,No,Successful,Yes,34,Female,Enugu,Premium,Savings,33,48.3,250k-499k,Mobile App,Active,Yes,0.5114,Medium,Secondary Verification (SMS/OTP),2.0.0-week3,2026-09-30T14:43:51.571607+00:00
FT-T006482,FT-C01295,2026-02-18 14:40:00,Card Purchase,11402.81,POS,Android,,No,Successful,No,31,Male,Lagos,Premium,Savings,52,63.7,1m+,Web,Active,No,0.2341,Low,Auto-Approve,2.0.0-week3,2026-09-30T14:43:51.571607+00:00
FT-T002964,FT-C00877,2026-01-23 05:23:00,Transfer,155190.71,USSD,Web Browser,Ibadan,No,Successful,No,62,Male,Kaduna,Everyday,Savings,82,50.8,250k-499k,Mobile App,Active,Yes,0.6202,Medium,Secondary Verification (SMS/OTP),2.0.0-week3,2026-09-30T14:43:51.571607+00:00
FT-T003566,FT-C00414,2026-01-27 17:45:00,Airtime/Data,182.62,POS,ATM Terminal,Enugu,No,Successful,No,39,Male,Lagos,SME,Current,56,46.5,1m+,Mobile App,Active,No,0.3068,Medium,Secondary Verification (SMS/OTP),2.0.0-week3,2026-09-30T14:43:51.571607+00:00
FT-T009969,FT-C00354,2026-03-16 18:23:00,Airtime/Data,311.45,Mobile App,Web Browser,Abuja,No,Successful,Yes,46,Male,Lagos,Everyday,Savings,86,80.6,100k-249k,Mobile App,Active,No,0.2967,Low,Auto-Approve,2.0.0-week3,2026-09-30T14:43:51.571607+00:00
FT-T004202,FT-C00107,2026-02-01 12:14:00,Transfer,24693.74,Web,iOS,Kaduna,No,Successful,No,52,Female,Benin City,Everyday,Current,63,61.8,250k-499k,Mobile App,Dormant,Yes,0.4665,Medium,Secondary Verification (SMS/OTP),2.0.0-week3,2026-09-30T14:43:51.571607+00:00
FT-T000861,FT-C00282,2026-01-07 10:48:00,Bill Payment,7690.04,Mobile App,Android,Kaduna,No,Successful,No,20,Male,Kaduna,Everyday,Savings,75,86.3,Below 100k,USSD,Active,No,0.2945,Low,Auto-Approve,2.0.0-week3,2026-09-30T14:43:51.571607+00:00
FT-T011246,FT-C00686,2026-03-26 08:16:00,Card Purchase,2544.54,Web,Android,Abuja,Yes,Successful,No,35,Female,Lagos,Student,Current,88,85.8,100k-249k,Web,Active,Yes,0.3541,Medium,Secondary Verification (SMS/OTP),2.0.0-week3,2026-09-30T14:43:51.571607+00:00
FT-T002288,FT-C00162,2026-01-18 03:41:00,Cash Withdrawal,180440.08,Mobile App,Android,Lagos,No,Successful,Yes,30,Female,Kano,Student,Premium,23,94.9,1m+,Web,Active,Yes,0.6561,Medium,Secondary Verification (SMS/OTP),2.0.0-week3,2026-09-30T14:43:51.571607+00:00
FT-T009853,FT-C00937,2026-03-15 21:30:00,Deposit,4750.65,Mobile App,Android,Enugu,No,Successful,No,62,Male,Port Harcourt,Everyday,Current,77,53.0,250k-499k,Mobile App,Active,No,0.3256,Medium,Secondary Verification (SMS/OTP),2.0.0-week3,2026-09-30T14:43:51.571607+00:00
FT-T003807,FT-C00090,2026-01-29 13:08:00,Transfer,991.97,Mobile App,POS Terminal,Enugu,No,Successful,Yes,62,Female,Lagos,Student,Savings,88,58.9,100k-249k,Mobile App,Active,Yes,0.4273,Medium,Secondary Verification (SMS/OTP),2.0.0-week3,2026-09-30T14:43:51.571607+00:00
FT-T009274,FT-C00810,2026-03-11 13:16:00,Airtime/Data,2168.55,Mobile App,Android,Abuja,No,Successful,Yes,55,Male,Abuja,Everyday,Savings,96,83.4,Below 100k,Mobile App,Active,No,0.2775,Low,Auto-Approve,2.0.0-week3,2026-09-30T14:43:51.571607+00:00
FT-T001781,FT-C00483,2026-01-14 08:25:00,Bill Payment,1672.91,Web,iOS,Lagos,No,Successful,No,38,Female,Ibadan,Everyday,Current,36,77.4,500k-999k,USSD,Active,No,0.2846,Low,Auto-Approve,2.0.0-week3,2026-09-30T14:43:51.571607+00:00
FT-T005569,FT-C00392,2026-02-11 18:19:00,Bill Payment,584.42,Mobile App,ATM Terminal,Kano,No,Successful,No,42,Female,Ibadan,Everyday,Savings,72,85.7,250k-499k,USSD,Active,Yes,0.3868,Medium,Secondary Verification (SMS/OTP),2.0.0-week3,2026-09-30T14:43:51.571607+00:00
FT-T005183,FT-C01359,2026-02-08 20:50:00,Cash Withdrawal,4186.07,Mobile App,Web Browser,Kaduna,No,Successful,No,60,Male,Lagos,Everyday,Savings,20,91.7,500k-999k,Mobile App,Active,Yes,0.4664,Medium,Secondary Verification (SMS/OTP),2.0.0-week3,2026-09-30T14:43:51.571607+00:00
FT-T007368,FT-C00432,2026-02-25 06:10:00,Card Purchase,430.98,Mobile App,Android,Kaduna,No,Successful,No,64,Male,Lagos,SME,Current,37,66.1,250k-499k,Web,Active,No,0.1507,Low,Auto-Approve,2.0.0-week3,2026-09-30T14:43:51.571607+00:00
FT-T000365,FT-C01404,2026-01-03 17:31:00,Bill Payment,26772.54,ATM,Android,Abuja,No,Successful,No,18,Female,Abuja,Everyday,Savings,3,45.5,100k-249k,USSD,Active,Yes,0.3916,Medium,Secondary Verification (SMS/OTP),2.0.0-week3,2026-09-30T14:43:51.571607+00:00
FT-T011000,FT-C01100,2026-03-24 11:59:00,Card Purchase,539.5,POS,Android,Port Harcourt,No,Successful,No,50,Male,Port Harcourt,Everyday,Current,32,71.2,100k-249k,Mobile App,Active,No,0.2329,Low,Auto-Approve,2.0.0-week3,2026-09-30T14:43:51.571607+00:00
FT-T009507,FT-C00717,2026-03-13 07:13:00,Bill Payment,1525.97,Mobile App,Web Browser,Enugu,No,Successful,No,34,Female,Kano,Everyday,Savings,7,70.6,100k-249k,Web,Active,Yes,0.3504,Medium,Secondary Verification (SMS/OTP),2.0.0-week3,2026-09-30T14:43:51.571607+00:00
FT-T003780,FT-C00318,2026-01-29 08:16:00,Card Purchase,5457.74,Web,Android,Abuja,Yes,Successful,No,50,Female,Lagos,Everyday,Current,24,40.3,Below 100k,USSD,Active,Yes,0.4413,Medium,Secondary Verification (SMS/OTP),2.0.0-week3,2026-09-30T14:43:51.571607+00:00
FT-T009711,FT-C01448,2026-03-14 19:56:00,Transfer,1047.87,Mobile App,POS Terminal,Benin City,No,Successful,Yes,54,Male,Lagos,Everyday,Savings,84,57.2,500k-999k,Mobile App,Active,Yes,0.4566,Medium,Secondary Verification (SMS/OTP),2.0.0-week3,2026-09-30T14:43:51.571607+00:00
FT-T004569,FT-C00383,2026-02-04 06:18:00,Card Purchase,763.71,POS,ATM Terminal,Port Harcourt,No,Successful,No,50,Male,Lagos,Everyday,Savings,77,42.0,100k-249k,Mobile App,Active,No,0.2589,Low,Auto-Approve,2.0.0-week3,2026-09-30T14:43:51.571607+00:00
FT-T008285,FT-C01346,2026-03-04 03:14:00,Card Purchase,3899.55,POS,POS Terminal,Abuja,No,Successful,No,40,Male,Lagos,Everyday,Savings,1,56.2,250k-499k,Web,Active,Yes,0.3892,Medium,Secondary Verification (SMS/OTP),2.0.0-week3,2026-09-30T14:43:51.571607+00:00
FT-T003864,FT-C00602,2026-01-29 23:23:00,Card Purchase,98767.4,Mobile App,Android,Enugu,No,Successful,No,62,Male,Port Harcourt,Everyday,Current,69,97.4,250k-499k,Mobile App,Active,No,0.207,Low,Auto-Approve,2.0.0-week3,2026-09-30T14:43:51.571607+00:00
FT-T007289,FT-C00654,2026-02-24 15:56:00,Card Purchase,15049.27,Mobile App,iOS,Kano,No,Failed,No,56,Female,Kano,Everyday,Savings,29,82.8,500k-999k,Web,Active,Yes,0.3799,Medium,Secondary Verification (SMS/OTP),2.0.0-week3,2026-09-30T14:43:51.571607+00:00
FT-T004799,FT-C01459,2026-02-05 23:42:00,Card Purchase,7111.94,Mobile App,iOS,Ibadan,No,Successful,No,27,Male,Lagos,SME,Savings,95,64.3,250k-499k,Web,Active,No,0.3378,Medium,Secondary Verification (SMS/OTP),2.0.0-week3,2026-09-30T14:43:51.571607+00:00
FT-T003970,FT-C01313,2026-01-30 18:28:00,Card Purchase,70346.38,Web,ATM Terminal,Kaduna,No,Successful,No,36,Male,Lagos,Everyday,Savings,27,61.0,250k-499k,Web,Active,Yes,0.379,Medium,Secondary Verification (SMS/OTP),2.0.0-week3,2026-09-30T14:43:51.571607+00:00
FT-T010815,FT-C00861,2026-03-23 02:40:00,Bill Payment,32010.79,USSD,POS Terminal,Kaduna,No,Successful,No,22,Female,Abuja,Premium,Current,59,60.6,250k-499k,Mobile App,Active,Yes,0.3872,Medium,Secondary Verification (SMS/OTP),2.0.0-week3,2026-09-30T14:43:51.571607+00:00
FT-T009047,FT-C00583,2026-03-09 20:24:00,Transfer,407844.05,Mobile App,ATM Terminal,Kaduna,No,Successful,No,36,Male,Abuja,Everyday,Savings,90,100.0,500k-999k,Mobile App,Active,Yes,0.6371,Medium,Secondary Verification (SMS/OTP),2.0.0-week3,2026-09-30T14:43:51.571607+00:00
FT-T005980,FT-C01236,2026-02-14 20:18:00,Cash Withdrawal,3461.03,Mobile App,Web Browser,Port Harcourt,No,Successful,No,24,Female,Benin City,SME,Savings,63,66.9,Below 100k,Mobile App,Active,Yes,0.5341,Medium,Secondary Verification (SMS/OTP),2.0.0-week3,2026-09-30T14:43:51.571607+00:00
FT-T008654,FT-C00243,2026-03-06 21:40:00,Transfer,1170.19,Mobile App,Web Browser,Lagos,No,Failed,No,36,Female,Kano,Everyday,Savings,72,46.6,250k-499k,Mobile App,Active,Yes,0.4629,Medium,Secondary Verification (SMS/OTP),2.0.0-week3,2026-09-30T14:43:51.571607+00:00
FT-T002553,FT-C01496,2026-01-20 03:23:00,Card Purchase,2589.12,POS,POS Terminal,Kaduna,No,Successful,No,24,Male,Lagos,Everyday,Savings,35,76.0,250k-499k,Mobile App,Active,Yes,0.4192,Medium,Secondary Verification (SMS/OTP),2.0.0-week3,2026-09-30T14:43:51.571607+00:00
FT-T001149,FT-C00092,2026-01-09 14:39:00,Card Purchase,31820.26,ATM,POS Terminal,Benin City,No,Successful,No,46,Male,Benin City,Student,Premium,59,82.5,250k-499k,USSD,Active,No,0.3122,Medium,Secondary Verification (SMS/OTP),2.0.0-week3,2026-09-30T14:43:51.571607+00:00
FT-T009726,FT-C00395,2026-03-14 22:38:00,Airtime/Data,16129.55,Mobile App,Web Browser,Kano,No,Successful,No,24,Female,Ibadan,Everyday,Current,56,57.7,100k-249k,Mobile App,Dormant,Yes,0.4157,Medium,Secondary Verification (SMS/OTP),2.0.0-week3,2026-09-30T14:43:51.571607+00:00
FT-T002373,FT-C01231,2026-01-18 18:59:00,Card Purchase,4247.04,Mobile App,iOS,Benin City,No,Successful,Yes,58,Male,Abuja,SME,Premium,32,49.3,1m+,Web,Dormant,No,0.2613,Low,Auto-Approve,2.0.0-week3,2026-09-30T14:43:51.571607+00:00
FT-T009898,FT-C00024,2026-03-16 05:36:00,Card Purchase,20541.84,Web,ATM Terminal,Lagos,No,Successful,Yes,38,Female,Ibadan,Premium,Savings,73,83.0,250k-499k,Mobile App,Active,Yes,0.4835,Medium,Secondary Verification (SMS/OTP),2.0.0-week3,2026-09-30T14:43:51.571607+00:00
FT-T010351,FT-C00468,2026-03-19 15:09:00,Bill Payment,21495.88,Mobile App,Android,Abuja,No,Successful,No,54,Female,Kano,Student,Premium,32,27.6,100k-249k,Web,Active,No,0.3048,Medium,Secondary Verification (SMS/OTP),2.0.0-week3,2026-09-30T14:43:51.571607+00:00
FT-T005933,FT-C01428,2026-02-14 11:50:00,Card Purchase,23164.27,Mobile App,ATM Terminal,,No,Successful,No,34,Male,Kaduna,Everyday,Premium,37,79.5,100k-249k,Mobile App,Active,No,0.3406,Medium,Secondary Verification (SMS/OTP),2.0.0-week3,2026-09-30T14:43:51.571607+00:00
FT-T011036,FT-C00219,2026-03-24 18:27:00,Bill Payment,25332.75,Web,Android,Kano,No,Successful,No,43,Female,Ibadan,Student,Savings,21,81.4,250k-499k,Mobile App,Active,Yes,0.3621,Medium,Secondary Verification (SMS/OTP),2.0.0-week3,2026-09-30T14:43:51.571607+00:00
FT-T000230,FT-C00437,2026-01-02 17:13:00,Airtime/Data,1056.14,ATM,iOS,Port Harcourt,No,Successful,No,59,Male,Lagos,Premium,Current,80,55.7,1m+,Web,Dormant,No,0.3069,Medium,Secondary Verification (SMS/OTP),2.0.0-week3,2026-09-30T14:43:51.571607+00:00
FT-T006557,FT-C00159,2026-02-19 04:10:00,Bill Payment,32938.36,Mobile App,Android,Ibadan,No,Pending,No,60,Female,Lagos,Premium,Savings,72,74.7,250k-499k,USSD,Active,Yes,0.4491,Medium,Secondary Verification (SMS/OTP),2.0.0-week3,2026-09-30T14:43:51.571607+00:00
FT-T007737,FT-C00486,2026-02-28 00:35:00,Transfer,1168.83,Mobile App,POS Terminal,Port Harcourt,No,Successful,No,50,Male,Lagos,Everyday,Savings,17,67.7,100k-249k,Mobile App,Active,Yes,0.5653,Medium,Secondary Verification (SMS/OTP),2.0.0-week3,2026-09-30T14:43:51.571607+00:00
FT-T002214,FT-C00572,2026-01-17 14:22:00,Transfer,5568.11,USSD,Android,Enugu,No,Successful,No,47,Male,Lagos,Everyday,Savings,54,54.4,500k-999k,Web,Active,Yes,0.4628,Medium,Secondary Verification (SMS/OTP),2.0.0-week3,2026-09-30T14:43:51.571607+00:00
FT-T006114,FT-C00279,2026-02-15 20:25:00,Airtime/Data,2280.95,ATM,Web Browser,Ibadan,No,Successful,No,36,Male,Ibadan,Premium,Current,38,63.3,Below 100k,Mobile App,Active,No,0.3478,Medium,Secondary Verification (SMS/OTP),2.0.0-week3,2026-09-30T14:43:51.571607+00:00
FT-T011448,FT-C00043,2026-03-27 20:37:00,Card Purchase,177185.06,Mobile App,Android,Kaduna,No,Successful,No,35,Female,Enugu,Everyday,Savings,16,61.8,250k-499k,Web,Active,Yes,0.4773,Medium,Secondary Verification (SMS/OTP),2.0.0-week3,2026-09-30T14:43:51.571607+00:00
FT-T003882,FT-C00628,2026-01-30 02:38:00,Transfer,3577.8,POS,POS Terminal,Kano,No,Successful,No,19,Female,Ibadan,SME,Savings,29,68.4,250k-499k,Web,Active,Yes,0.5491,Medium,Secondary Verification (SMS/OTP),2.0.0-week3,2026-09-30T14:43:51.571607+00:00
FT-T001274,FT-C00183,2026-01-10 13:09:00,Cash Withdrawal,15149.79,POS,Android,Enugu,No,Successful,Yes,44,Female,Lagos,Everyday,Savings,6,67.8,100k-249k,Mobile App,Active,Yes,0.4742,Medium,Secondary Verification (SMS/OTP),2.0.0-week3,2026-09-30T14:43:51.571607+00:00
FT-T006896,FT-C00681,2026-02-21 17:12:00,Card Purchase,1259.75,POS,iOS,Abuja,No,Successful,No,54,Female,Enugu,Premium,Current,89,76.0,250k-499k,Web,Active,No,0.1892,Low,Auto-Approve,2.0.0-week3,2026-09-30T14:43:51.571607+00:00
FT-T007865,FT-C01064,2026-02-28 23:38:00,Cash Withdrawal,121424.58,ATM,Android,Lagos,No,Successful,No,43,Female,Port Harcourt,SME,Savings,22,72.9,Below 100k,Mobile App,Active,Yes,0.5183,Medium,Secondary Verification (SMS/OTP),2.0.0-week3,2026-09-30T14:43:51.571607+00:00
FT-T004537,FT-C00647,2026-02-04 00:32:00,Transfer,1160.95,Web,Web Browser,Abuja,No,Successful,Yes,36,Male,Abuja,Everyday,Savings,95,100.0,100k-249k,Mobile App,Active,Yes,0.5646,Medium,Secondary Verification (SMS/OTP),2.0.0-week3,2026-09-30T14:43:51.571607+00:00
FT-T006407,FT-C00306,2026-02-18 01:10:00,Cash Withdrawal,2396.23,Mobile App,iOS,Enugu,No,Failed,No,53,Female,Abuja,Everyday,Savings,73,48.7,250k-499k,USSD,Active,Yes,0.5065,Medium,Secondary Verification (SMS/OTP),2.0.0-week3,2026-09-30T14:43:51.571607+00:00
FT-T007797,FT-C00932,2026-02-28 11:23:00,Deposit,140639.93,USSD,Android,Abuja,No,Successful,No,42,Female,Ibadan,Premium,Savings,23,61.8,500k-999k,Web,Active,No,0.3216,Medium,Secondary Verification (SMS/OTP),2.0.0-week3,2026-09-30T14:43:51.571607+00:00
FT-T002336,FT-C00918,2026-01-18 12:20:00,Airtime/Data,841.58,Web,POS Terminal,Lagos,No,Successful,No,42,Male,Ibadan,Student,Savings,29,98.7,500k-999k,USSD,Active,No,0.2486,Low,Auto-Approve,2.0.0-week3,2026-09-30T14:43:51.571607+00:00
FT-T010232,FT-C00826,2026-03-18 17:43:00,Bill Payment,6958.83,Web,iOS,Ibadan,No,Successful,No,21,Prefer not to say,Port Harcourt,Premium,Premium,56,95.9,100k-249k,Web,Active,No,0.2574,Low,Auto-Approve,2.0.0-week3,2026-09-30T14:43:51.571607+00:00
FT-T003335,FT-C00771,2026-01-26 00:10:00,Card Purchase,16647.92,Mobile App,POS Terminal,Abuja,No,Successful,No,34,Female,Benin City,Everyday,Current,32,68.3,250k-499k,Mobile App,Active,Yes,0.4836,Medium,Secondary Verification (SMS/OTP),2.0.0-week3,2026-09-30T14:43:51.571607+00:00
FT-T007476,FT-C00553,2026-02-26 01:36:00,Card Purchase,792.4,ATM,iOS,Benin City,No,Successful,No,26,Female,Lagos,SME,Premium,7,58.7,100k-249k,Mobile App,Active,Yes,0.4594,Medium,Secondary Verification (SMS/OTP),2.0.0-week3,2026-09-30T14:43:51.571607+00:00
FT-T011755,FT-C00200,2026-03-30 03:53:00,Airtime/Data,240.68,Mobile App,Android,Lagos,No,Successful,No,41,Male,Lagos,Premium,Savings,26,56.7,100k-249k,Mobile App,Active,Yes,0.4664,Medium,Secondary Verification (SMS/OTP),2.0.0-week3,2026-09-30T14:43:51.571607+00:00
FT-T005329,FT-C00912,2026-02-09 23:07:00,Airtime/Data,17894.26,USSD,Web Browser,Benin City,No,Successful,No,64,Male,Port Harcourt,SME,Current,86,52.8,500k-999k,Web,Active,No,0.2464,Low,Auto-Approve,2.0.0-week3,2026-09-30T14:43:51.571607+00:00
FT-T001952,FT-C00727,2026-01-15 15:12:00,Card Purchase,553.44,POS,iOS,Port Harcourt,No,Successful,No,52,Male,Kaduna,Student,Premium,69,86.4,1m+,Mobile App,Active,No,0.2276,Low,Auto-Approve,2.0.0-week3,2026-09-30T14:43:51.571607+00:00
FT-T001191,FT-C00808,2026-01-09 22:13:00,Card Purchase,88271.64,Mobile App,Web Browser,Port Harcourt,No,Successful,No,55,Male,Abuja,Everyday,Savings,88,100.0,100k-249k,Mobile App,Active,Yes,0.3595,Medium,Secondary Verification (SMS/OTP),2.0.0-week3,2026-09-30T14:43:51.571607+00:00
FT-T002388,FT-C00162,2026-01-18 21:41:00,Airtime/Data,10565.26,Mobile App,iOS,Port Harcourt,No,Successful,No,30,Female,Kano,Student,Premium,23,94.9,1m+,Web,Active,No,0.2917,Low,Auto-Approve,2.0.0-week3,2026-09-30T14:43:51.571607+00:00
FT-T008789,FT-C00840,2026-03-07 21:58:00,Card Purchase,1380.73,POS,iOS,Abuja,No,Successful,No,65,Male,Ibadan,Premium,Current,52,100.0,100k-249k,Mobile App,Active,No,0.193,Low,Auto-Approve,2.0.0-week3,2026-09-30T14:43:51.571607+00:00
FT-T003151,FT-C00092,2026-01-24 15:02:00,Deposit,20310.08,Mobile App,POS Terminal,Ibadan,No,Successful,No,46,Male,Benin City,Student,Premium,59,82.5,250k-499k,USSD,Active,No,0.325,Medium,Secondary Verification (SMS/OTP),2.0.0-week3,2026-09-30T14:43:51.571607+00:00
FT-T003488,FT-C01345,2026-01-27 03:42:00,Bill Payment,45083.33,Mobile App,iOS,Kaduna,No,Successful,No,63,Female,Lagos,Student,Savings,7,88.8,Below 100k,Mobile App,Active,Yes,0.4839,Medium,Secondary Verification (SMS/OTP),2.0.0-week3,2026-09-30T14:43:51.571607+00:00
FT-T005494,FT-C00533,2026-02-11 04:49:00,Deposit,675336.55,Web,Web Browser,Kano,No,Successful,No,34,Female,Port Harcourt,SME,Current,30,68.8,Below 100k,Mobile App,Dormant,Yes,0.5271,Medium,Secondary Verification (SMS/OTP),2.0.0-week3,2026-09-30T14:43:51.571607+00:00
FT-T006331,FT-C00667,2026-02-17 11:29:00,Card Purchase,599.88,Mobile App,POS Terminal,Lagos,No,Successful,No,45,Female,Lagos,Everyday,Savings,16,56.1,Below 100k,Mobile App,Active,Yes,0.3524,Medium,Secondary Verification (SMS/OTP),2.0.0-week3,2026-09-30T14:43:51.571607+00:00
FT-T005396,FT-C00662,2026-02-10 11:10:00,Cash Withdrawal,61490.15,Mobile App,Android,Kaduna,No,Successful,No,58,Female,Lagos,Premium,Savings,22,46.1,1m+,Web,Active,Yes,0.4723,Medium,Secondary Verification (SMS/OTP),2.0.0-week3,2026-09-30T14:43:51.571607+00:00
FT-T001880,FT-C00213,2026-01-15 02:14:00,Transfer,19260.87,Mobile App,POS Terminal,Abuja,No,Successful,No,49,Female,Ibadan,SME,Savings,88,67.7,250k-499k,Mobile App,Active,Yes,0.551,Medium,Secondary Verification (SMS/OTP),2.0.0-week3,2026-09-30T14:43:51.571607+00:00
FT-T001027,FT-C00949,2026-01-08 16:41:00,Bill Payment,851.92,Mobile App,Android,Port Harcourt,No,Successful,No,59,Male,Lagos,Premium,Current,96,61.8,Below 100k,Mobile App,Active,No,0.1991,Low,Auto-Approve,2.0.0-week3,2026-09-30T14:43:51.571607+00:00
FT-T000918,FT-C00116,2026-01-07 21:04:00,Transfer,367727.99,Mobile App,Android,Kano,No,Successful,Yes,26,Male,Kaduna,Everyday,Savings,44,57.1,Below 100k,Mobile App,Dormant,Yes,0.6794,Medium,Secondary Verification (SMS/OTP),2.0.0-week3,2026-09-30T14:43:51.571607+00:00
FT-T008738,FT-C01325,2026-03-07 12:47:00,Transfer,66779.25,Mobile App,Android,Kano,No,Successful,Yes,59,Male,Benin City,Student,Savings,83,59.4,250k-499k,Web,Active,Yes,0.4025,Medium,Secondary Verification (SMS/OTP),2.0.0-week3,2026-09-30T14:43:51.571607+00:00
FT-T010167,FT-C01319,2026-03-18 06:01:00,Transfer,8420.11,Web,POS Terminal,Enugu,No,Successful,No,19,Female,Lagos,Premium,Current,76,79.8,100k-249k,Mobile App,Active,Yes,0.5259,Medium,Secondary Verification (SMS/OTP),2.0.0-week3,2026-09-30T14:43:51.571607+00:00
FT-T010067,FT-C00200,2026-03-17 12:01:00,Deposit,17438.86,POS,Android,Lagos,No,Successful,No,41,Male,Lagos,Premium,Savings,26,56.7,100k-249k,Mobile App,Active,No,0.2893,Low,Auto-Approve,2.0.0-week3,2026-09-30T14:43:51.571607+00:00
FT-T003131,FT-C00615,2026-01-24 11:26:00,Card Purchase,76660.95,Web,POS Terminal,Benin City,No,Failed,No,29,Male,Lagos,SME,Current,23,89.9,100k-249k,Mobile App,Active,Yes,0.42,Medium,Secondary Verification (SMS/OTP),2.0.0-week3,2026-09-30T14:43:51.571607+00:00
FT-T001216,FT-C00596,2026-01-10 02:43:00,Deposit,1540.35,Web,Web Browser,Abuja,No,Successful,Yes,42,Female,Lagos,SME,Savings,67,73.9,Below 100k,USSD,Active,Yes,0.456,Medium,Secondary Verification (SMS/OTP),2.0.0-week3,2026-09-30T14:43:51.571607+00:00
FT-T007414,FT-C00457,2026-02-25 14:27:00,Card Purchase,140487.86,Web,Android,Benin City,No,Successful,No,62,Female,Lagos,Premium,Savings,27,39.3,100k-249k,Mobile App,Active,No,0.2846,Low,Auto-Approve,2.0.0-week3,2026-09-30T14:43:51.571607+00:00
FT-T011191,FT-C00871,2026-03-25 22:22:00,Card Purchase,530.6,ATM,Web Browser,Lagos,No,Successful,Yes,29,Male,Abuja,Everyday,Savings,3,43.0,100k-249k,Web,Active,Yes,0.3717,Medium,Secondary Verification (SMS/OTP),2.0.0-week3,2026-09-30T14:43:51.571607+00:00
FT-T003828,FT-C01005,2026-01-29 16:55:00,Card Purchase,86022.87,Mobile App,Android,Kaduna,No,Successful,No,18,Female,Lagos,Everyday,Savings,82,79.7,500k-999k,Web,Active,No,0.2763,Low,Auto-Approve,2.0.0-week3,2026-09-30T14:43:51.571607+00:00
FT-T010790,FT-C00934,2026-03-22 22:10:00,Airtime/Data,9510.45,POS,Web Browser,Lagos,No,Successful,No,27,Male,Ibadan,Premium,Savings,54,81.0,Below 100k,USSD,Active,No,0.3315,Medium,Secondary Verification (SMS/OTP),2.0.0-week3,2026-09-30T14:43:51.571607+00:00
FT-T005862,FT-C00828,2026-02-13 23:04:00,Cash Withdrawal,7033.62,POS,ATM Terminal,Kaduna,No,Successful,No,34,Female,Enugu,Premium,Savings,33,48.3,250k-499k,Mobile App,Active,Yes,0.5206,Medium,Secondary Verification (SMS/OTP),2.0.0-week3,2026-09-30T14:43:51.571607+00:00
FT-T002449,FT-C00615,2026-01-19 08:40:00,Transfer,3775.85,Mobile App,Android,Enugu,No,Successful,No,29,Male,Lagos,SME,Current,23,89.9,100k-249k,Mobile App,Active,Yes,0.4739,Medium,Secondary Verification (SMS/OTP),2.0.0-week3,2026-09-30T14:43:51.571607+00:00
FT-T004767,FT-C00624,2026-02-05 17:57:00,Card Purchase,2285.4,Web,ATM Terminal,Ibadan,No,Pending,No,57,Male,Lagos,Premium,Savings,3,79.5,100k-249k,Mobile App,Active,Yes,0.4037,Medium,Secondary Verification (SMS/OTP),2.0.0-week3,2026-09-30T14:43:51.571607+00:00
FT-T008082,FT-C01423,2026-03-02 14:42:00,Transfer,910.61,POS,ATM Terminal,Lagos,No,Successful,No,64,Male,Lagos,Everyday,Savings,30,100.0,100k-249k,Mobile App,Active,Yes,0.4865,Medium,Secondary Verification (SMS/OTP),2.0.0-week3,2026-09-30T14:43:51.571607+00:00
FT-T007610,FT-C00143,2026-02-27 01:44:00,Transfer,192961.65,USSD,Android,Lagos,No,Successful,Yes,26,Male,Kaduna,Everyday,Current,40,79.5,250k-499k,USSD,Active,Yes,0.6497,Medium,Secondary Verification (SMS/OTP),2.0.0-week3,2026-09-30T14:43:51.571607+00:00
FT-T010842,FT-C00273,2026-03-23 07:32:00,Bill Payment,2603.05,POS,POS Terminal,Kano,No,Successful,No,22,Male,Lagos,Premium,Premium,52,55.6,100k-249k,Mobile App,Active,No,0.2547,Low,Auto-Approve,2.0.0-week3,2026-09-30T14:43:51.571607+00:00
FT-T010215,FT-C01075,2026-03-18 14:40:00,Deposit,1518.37,Web,Android,Lagos,No,Successful,No,31,Male,Kano,Everyday,Premium,60,70.3,Below 100k,Mobile App,Active,Yes,0.3717,Medium,Secondary Verification (SMS/OTP),2.0.0-week3,2026-09-30T14:43:51.571607+00:00
FT-T000810,FT-C01265,2026-01-07 01:37:00,Bill Payment,4379.39,Web,Android,Kano,No,Failed,No,20,Male,Lagos,Everyday,Savings,60,61.8,Below 100k,Mobile App,Active,Yes,0.4264,Medium,Secondary Verification (SMS/OTP),2.0.0-week3,2026-09-30T14:43:51.571607+00:00
FT-T005448,FT-C01255,2026-02-10 20:32:00,Transfer,105579.47,POS,POS Terminal,Ibadan,No,Successful,No,64,Female,Ibadan,Student,Savings,16,87.7,Below 100k,Web,Active,Yes,0.4862,Medium,Secondary Verification (SMS/OTP),2.0.0-week3,2026-09-30T14:43:51.571607+00:00
FT-T006670,FT-C00672,2026-02-20 00:31:00,Card Purchase,45783.11,Mobile App,Android,Kaduna,No,Successful,No,61,Female,Lagos,Everyday,Savings,39,59.6,250k-499k,Mobile App,Active,Yes,0.542,Medium,Secondary Verification (SMS/OTP),2.0.0-week3,2026-09-30T14:43:51.571607+00:00
FT-T004702,FT-C01284,2026-02-05 06:15:00,Transfer,7463.03,Web,Web Browser,Benin City,No,Successful,No,64,Male,Lagos,Premium,Current,7,51.2,250k-499k,Mobile App,Active,Yes,0.4678,Medium,Secondary Verification (SMS/OTP),2.0.0-week3,2026-09-30T14:43:51.571607+00:00
FT-T008610,FT-C01432,2026-03-06 13:44:00,Transfer,282650.55,ATM,Android,Benin City,Yes,Successful,Yes,26,Prefer not to say,Lagos,Premium,Current,30,54.7,1m+,Mobile App,Active,Yes,0.6378,Medium,Secondary Verification (SMS/OTP),2.0.0-week3,2026-09-30T14:43:51.571607+00:00
FT-T006378,FT-C01136,2026-02-17 19:57:00,Deposit,72429.99,Web,POS Terminal,Enugu,No,Successful,No,48,Male,Abuja,Student,Savings,32,85.0,250k-499k,Mobile App,Active,Yes,0.3627,Medium,Secondary Verification (SMS/OTP),2.0.0-week3,2026-09-30T14:43:51.571607+00:00
FT-T000556,FT-C01403,2026-01-05 03:54:00,Deposit,7455.19,USSD,iOS,Kaduna,No,Successful,No,60,Female,Lagos,Student,Savings,38,38.1,Below 100k,USSD,Active,Yes,0.429,Medium,Secondary Verification (SMS/OTP),2.0.0-week3,2026-09-30T14:43:51.571607+00:00
FT-T011476,FT-C00942,2026-03-28 01:40:00,Airtime/Data,20899.77,Web,iOS,Lagos,No,Successful,No,39,Female,Lagos,Everyday,Premium,86,90.2,1m+,Mobile App,Active,Yes,0.4723,Medium,Secondary Verification (SMS/OTP),2.0.0-week3,2026-09-30T14:43:51.571607+00:00
FT-T007419,FT-C00762,2026-02-25 15:21:00,Cash Withdrawal,4058.31,ATM,Android,Ibadan,No,Successful,No,22,Female,Abuja,Everyday,Savings,2,79.5,100k-249k,Mobile App,Active,Yes,0.4082,Medium,Secondary Verification (SMS/OTP),2.0.0-week3,2026-09-30T14:43:51.571607+00:00
FT-T011398,FT-C01219,2026-03-27 11:37:00,Transfer,7658.42,POS,Android,Ibadan,No,Successful,No,23,Female,Kaduna,SME,Current,39,68.8,100k-249k,Web,Active,Yes,0.522,Medium,Secondary Verification (SMS/OTP),2.0.0-week3,2026-09-30T14:43:51.571607+00:00
FT-T005361,FT-C01141,2026-02-10 04:52:00,Deposit,5324.97,Mobile App,ATM Terminal,Port Harcourt,No,Successful,No,44,Male,Benin City,Everyday,Savings,47,43.5,Below 100k,Web,Dormant,Yes,0.4233,Medium,Secondary Verification (SMS/OTP),2.0.0-week3,2026-09-30T14:43:51.571607+00:00
FT-T007404,FT-C00553,2026-02-25 12:39:00,Transfer,36753.0,Mobile App,Android,Ibadan,No,Successful,Yes,26,Female,Lagos,SME,Premium,7,58.7,100k-249k,Mobile App,Active,Yes,0.5129,Medium,Secondary Verification (SMS/OTP),2.0.0-week3,2026-09-30T14:43:51.571607+00:00
FT-T002491,FT-C01036,2026-01-19 16:14:00,Cash Withdrawal,18279.25,ATM,iOS,Abuja,No,Successful,No,52,Female,Kaduna,Everyday,Premium,4,49.2,Below 100k,Mobile App,Active,Yes,0.4351,Medium,Secondary Verification (SMS/OTP),2.0.0-week3,2026-09-30T14:43:51.571607+00:00
FT-T010405,FT-C01485,2026-03-20 00:52:00,Card Purchase,16402.26,POS,iOS,Abuja,No,Successful,No,27,Female,Lagos,Everyday,Current,52,77.6,100k-249k,Web,Active,No,0.3452,Medium,Secondary Verification (SMS/OTP),2.0.0-week3,2026-09-30T14:43:51.571607+00:00
FT-T005917,FT-C01088,2026-02-14 08:58:00,Deposit,3615.05,USSD,POS Terminal,Abuja,No,Successful,No,57,Female,Kano,Premium,Current,90,69.6,250k-499k,Mobile App,Active,No,0.3044,Medium,Secondary Verification (SMS/OTP),2.0.0-week3,2026-09-30T14:43:51.571607+00:00
FT-T007740,FT-C00887,2026-02-28 01:08:00,Bill Payment,753.73,Web,Android,Kaduna,No,Successful,No,34,Female,Lagos,Everyday,Savings,7,60.2,250k-499k,USSD,Active,Yes,0.4346,Medium,Secondary Verification (SMS/OTP),2.0.0-week3,2026-09-30T14:43:51.571607+00:00
FT-T002171,FT-C00744,2026-01-17 06:37:00,Deposit,178091.57,ATM,Android,Kaduna,No,Successful,No,38,Male,Enugu,Everyday,Savings,82,100.0,Below 100k,Mobile App,Active,Yes,0.5485,Medium,Secondary Verification (SMS/OTP),2.0.0-week3,2026-09-30T14:43:51.571607+00:00
FT-T007417,FT-C01118,2026-02-25 14:59:00,Card Purchase,2125.39,Mobile App,iOS,Abuja,No,Successful,No,55,Female,Port Harcourt,Everyday,Current,46,85.4,500k-999k,Mobile App,Active,No,0.2797,Low,Auto-Approve,2.0.0-week3,2026-09-30T14:43:51.571607+00:00
FT-T009870,FT-C00019,2026-03-16 00:34:00,Card Purchase,415.91,Web,Android,Abuja,No,Successful,Yes,41,Male,Kano,Student,Savings,12,66.9,250k-499k,Mobile App,Active,Yes,0.3947,Medium,Secondary Verification (SMS/OTP),2.0.0-week3,2026-09-30T14:43:51.571607+00:00
FT-T000186,FT-C01025,2026-01-02 09:18:00,Transfer,1980.62,Web,Android,Enugu,No,Successful,No,19,Male,Kano,Everyday,Current,77,42.8,250k-499k,Mobile App,Active,Yes,0.4992,Medium,Secondary Verification (SMS/OTP),2.0.0-week3,2026-09-30T14:43:51.571607+00:00
FT-T001462,FT-C00810,2026-01-11 23:00:00,Airtime/Data,5896.67,Web,ATM Terminal,Kano,No,Successful,No,55,Male,Abuja,Everyday,Savings,96,83.4,Below 100k,Mobile App,Active,Yes,0.3715,Medium,Secondary Verification (SMS/OTP),2.0.0-week3,2026-09-30T14:43:51.571607+00:00
FT-T010188,FT-C00886,2026-03-18 09:48:00,Bill Payment,879.18,POS,Android,Kano,No,Reversed,No,65,Male,Lagos,Everyday,Current,41,61.4,250k-499k,USSD,Active,No,0.3127,Medium,Secondary Verification (SMS/OTP),2.0.0-week3,2026-09-30T14:43:51.571607+00:00
FT-T009939,FT-C01315,2026-03-16 12:59:00,Card Purchase,400.32,Web,POS Terminal,Kano,No,Failed,No,36,Male,Lagos,Student,Savings,45,95.4,500k-999k,Mobile App,Active,No,0.2964,Low,Auto-Approve,2.0.0-week3,2026-09-30T14:43:51.571607+00:00
FT-T011892,FT-C00092,2026-03-31 04:33:00,Bill Payment,547.05,Mobile App,Web Browser,Abuja,No,Successful,No,46,Male,Benin City,Student,Premium,59,82.5,250k-499k,USSD,Active,Yes,0.4487,Medium,Secondary Verification (SMS/OTP),2.0.0-week3,2026-09-30T14:43:51.571607+00:00
FT-T010812,FT-C00933,2026-03-23 02:08:00,Transfer,288619.18,Mobile App,iOS,Ibadan,No,Successful,Yes,21,Female,Lagos,Premium,Current,27,54.1,100k-249k,Mobile App,Active,Yes,0.7101,High,Immediate Review / Payment Hold,2.0.0-week3,2026-09-30T14:43:51.571607+00:00
FT-T002530,FT-C00423,2026-01-19 23:15:00,Airtime/Data,130.32,Mobile App,Android,Benin City,No,Successful,No,61,Male,Kano,Everyday,Savings,20,71.3,Below 100k,Mobile App,Active,No,0.3441,Medium,Secondary Verification (SMS/OTP),2.0.0-week3,2026-09-30T14:43:51.571607+00:00
FT-T011574,FT-C00592,2026-03-28 19:18:00,Card Purchase,150086.58,Web,POS Terminal,Ibadan,No,Successful,No,33,Female,Lagos,Premium,Savings,52,96.7,100k-249k,Mobile App,Active,Yes,0.3646,Medium,Secondary Verification (SMS/OTP),2.0.0-week3,2026-09-30T14:43:51.571607+00:00
FT-T003678,FT-C00538,2026-01-28 13:54:00,Airtime/Data,7177.56,ATM,Android,Lagos,No,Successful,No,27,Female,Ibadan,Everyday,Premium,83,50.1,100k-249k,Mobile App,Active,No,0.324,Medium,Secondary Verification (SMS/OTP),2.0.0-week3,2026-09-30T14:43:51.571607+00:00
FT-T000704,FT-C01007,2026-01-06 06:33:00,Transfer,40388.54,Mobile App,Android,Kaduna,No,Successful,No,31,Female,Lagos,Student,Savings,43,73.3,1m+,Web,Active,Yes,0.4951,Medium,Secondary Verification (SMS/OTP),2.0.0-week3,2026-09-30T14:43:51.571607+00:00
FT-T011459,FT-C00170,2026-03-27 22:36:00,Cash Withdrawal,113170.64,ATM,iOS,Lagos,No,Successful,No,23,Female,Enugu,Everyday,Current,13,83.6,500k-999k,Mobile App,Active,Yes,0.4002,Medium,Secondary Verification (SMS/OTP),2.0.0-week3,2026-09-30T14:43:51.571607+00:00
FT-T008992,FT-C00778,2026-03-09 10:30:00,Transfer,50324.64,ATM,iOS,Enugu,No,Successful,No,30,Female,Kaduna,Everyday,Savings,9,37.1,500k-999k,Mobile App,Active,Yes,0.426,Medium,Secondary Verification (SMS/OTP),2.0.0-week3,2026-09-30T14:43:51.571607+00:00
FT-T004908,FT-C01267,2026-02-06 19:20:00,Deposit,499675.31,Web,Web Browser,Port Harcourt,No,Successful,No,27,Female,Lagos,Premium,Savings,83,51.1,250k-499k,Mobile App,Active,Yes,0.5224,Medium,Secondary Verification (SMS/OTP),2.0.0-week3,2026-09-30T14:43:51.571607+00:00
FT-T001555,FT-C00006,2026-01-12 15:44:00,Transfer,247416.19,Mobile App,POS Terminal,Abuja,No,Successful,No,38,Male,Lagos,Everyday,Savings,33,36.6,500k-999k,Mobile App,Active,Yes,0.6219,Medium,Secondary Verification (SMS/OTP),2.0.0-week3,2026-09-30T14:43:51.571607+00:00
FT-T001616,FT-C01107,2026-01-13 02:43:00,Airtime/Data,11511.49,Mobile App,Android,Port Harcourt,No,Successful,No,50,Female,Lagos,Everyday,Current,42,57.1,Below 100k,Web,Active,Yes,0.4731,Medium,Secondary Verification (SMS/OTP),2.0.0-week3,2026-09-30T14:43:51.571607+00:00
FT-T007097,FT-C00657,2026-02-23 05:23:00,Card Purchase,10880.87,ATM,iOS,Kano,No,Successful,Yes,30,Male,Benin City,Student,Savings,65,30.5,250k-499k,USSD,Restricted,Yes,0.3914,Medium,Secondary Verification (SMS/OTP),2.0.0-week3,2026-09-30T14:43:51.571607+00:00
FT-T003801,FT-C01217,2026-01-29 12:03:00,Deposit,27000.93,ATM,Web Browser,Port Harcourt,No,Successful,No,42,Female,Lagos,Everyday,Current,18,53.8,250k-499k,USSD,Dormant,No,0.2858,Low,Auto-Approve,2.0.0-week3,2026-09-30T14:43:51.571607+00:00
FT-T006791,FT-C01494,2026-02-20 22:18:00,Transfer,2506.52,Mobile App,Android,Kano,No,Successful,Yes,31,Male,Lagos,Premium,Savings,4,70.2,100k-249k,Mobile App,Active,Yes,0.5581,Medium,Secondary Verification (SMS/OTP),2.0.0-week3,2026-09-30T14:43:51.571607+00:00
FT-T006266,FT-C00986,2026-02-16 23:47:00,Bill Payment,42518.3,POS,ATM Terminal,Enugu,No,Successful,No,47,Male,Lagos,Student,Premium,43,68.3,1m+,Mobile App,Active,No,0.2337,Low,Auto-Approve,2.0.0-week3,2026-09-30T14:43:51.571607+00:00
FT-T001245,FT-C00679,2026-01-10 07:56:00,Transfer,130249.3,POS,POS Terminal,Abuja,No,Successful,No,38,Male,Port Harcourt,SME,Savings,80,94.9,250k-499k,Mobile App,Active,Yes,0.4759,Medium,Secondary Verification (SMS/OTP),2.0.0-week3,2026-09-30T14:43:51.571607+00:00
FT-T001101,FT-C00126,2026-01-09 06:00:00,Airtime/Data,186.01,Web,POS Terminal,Kaduna,No,Successful,No,61,Female,Lagos,Everyday,Current,39,89.8,250k-499k,Mobile App,Active,No,0.2443,Low,Auto-Approve,2.0.0-week3,2026-09-30T14:43:51.571607+00:00
FT-T008683,FT-C01294,2026-03-07 02:53:00,Cash Withdrawal,2037.93,Mobile App,POS Terminal,Benin City,No,Successful,No,41,Female,Kano,Everyday,Premium,93,84.9,1m+,Web,Active,Yes,0.5101,Medium,Secondary Verification (SMS/OTP),2.0.0-week3,2026-09-30T14:43:51.571607+00:00
FT-T001358,FT-C01381,2026-01-11 04:16:00,Transfer,304579.47,Mobile App,Android,Kaduna,No,Successful,No,29,Male,Lagos,Student,Current,80,81.6,250k-499k,USSD,Active,Yes,0.7725,High,Immediate Review / Payment Hold,2.0.0-week3,2026-09-30T14:43:51.571607+00:00
FT-T004629,FT-C00183,2026-02-04 17:06:00,Transfer,5269.41,Mobile App,ATM Terminal,Lagos,No,Successful,Yes,44,Female,Lagos,Everyday,Savings,6,67.8,100k-249k,Mobile App,Active,Yes,0.5063,Medium,Secondary Verification (SMS/OTP),2.0.0-week3,2026-09-30T14:43:51.571607+00:00
FT-T002065,FT-C00195,2026-01-16 11:33:00,Card Purchase,509.37,POS,Android,Abuja,No,Successful,No,61,Female,Ibadan,Everyday,Savings,15,73.7,250k-499k,Mobile App,Active,No,0.282,Low,Auto-Approve,2.0.0-week3,2026-09-30T14:43:51.571607+00:00
FT-T005144,FT-C00262,2026-02-08 13:49:00,Bill Payment,2803.0,Mobile App,Web Browser,Port Harcourt,No,Successful,No,47,Male,Ibadan,Everyday,Premium,10,54.9,250k-499k,Web,Active,No,0.3395,Medium,Secondary Verification (SMS/OTP),2.0.0-week3,2026-09-30T14:43:51.571607+00:00
FT-T003082,FT-C00479,2026-01-24 02:37:00,Bill Payment,532.95,Mobile App,,Benin City,No,Successful,No,33,Male,Lagos,Everyday,Savings,89,65.3,500k-999k,Web,Active,Yes,0.4491,Medium,Secondary Verification (SMS/OTP),2.0.0-week3,2026-09-30T14:43:51.571607+00:00
FT-T000478,FT-C00154,2026-01-04 13:52:00,Transfer,8988.26,POS,Android,Kaduna,No,Successful,Yes,54,Female,Benin City,Everyday,Current,57,56.1,250k-499k,USSD,Active,Yes,0.4605,Medium,Secondary Verification (SMS/OTP),2.0.0-week3,2026-09-30T14:43:51.571607+00:00
FT-T002674,FT-C00722,2026-01-21 01:10:00,Bill Payment,45075.08,ATM,iOS,Lagos,No,Successful,Yes,45,Female,Lagos,Student,Savings,52,77.6,1m+,Web,Active,Yes,0.4985,Medium,Secondary Verification (SMS/OTP),2.0.0-week3,2026-09-30T14:43:51.571607+00:00
FT-T004519,FT-C00306,2026-02-03 21:18:00,Transfer,8528.01,Web,POS Terminal,Kaduna,No,Successful,No,53,Female,Abuja,Everyday,Savings,73,48.7,250k-499k,USSD,Active,Yes,0.5143,Medium,Secondary Verification (SMS/OTP),2.0.0-week3,2026-09-30T14:43:51.571607+00:00
FT-T009682,FT-C00396,2026-03-14 14:43:00,Card Purchase,1888.91,Mobile App,Android,Lagos,No,Successful,No,53,Female,Enugu,SME,Current,65,64.6,500k-999k,USSD,Active,No,0.2216,Low,Auto-Approve,2.0.0-week3,2026-09-30T14:43:51.571607+00:00
FT-T000004,FT-C01015,2026-01-01 00:32:00,Deposit,105367.52,Mobile App,Web Browser,Abuja,No,Successful,No,50,Female,Lagos,Everyday,Current,19,61.7,100k-249k,Mobile App,Active,Yes,0.433,Medium,Secondary Verification (SMS/OTP),2.0.0-week3,2026-09-30T14:43:51.571607+00:00
FT-T001883,FT-C01413,2026-01-15 02:47:00,Transfer,4016.23,Mobile App,Android,Kano,No,Successful,No,56,Prefer not to say,Kano,Everyday,Savings,71,86.9,100k-249k,Mobile App,Dormant,Yes,0.6299,Medium,Secondary Verification (SMS/OTP),2.0.0-week3,2026-09-30T14:43:51.571607+00:00
FT-T003375,FT-C00967,2026-01-26 07:22:00,Transfer,1056.47,Web,iOS,Abuja,No,Successful,No,47,Female,Enugu,Everyday,Savings,69,80.3,250k-499k,Mobile App,Active,Yes,0.4545,Medium,Secondary Verification (SMS/OTP),2.0.0-week3,2026-09-30T14:43:51.571607+00:00
FT-T002627,FT-C01456,2026-01-20 16:43:00,Deposit,366442.94,USSD,POS Terminal,Kano,No,Successful,No,54,Male,Abuja,Everyday,Current,54,95.7,500k-999k,Mobile App,Active,Yes,0.5272,Medium,Secondary Verification (SMS/OTP),2.0.0-week3,2026-09-30T14:43:51.571607+00:00
FT-T008415,FT-C01281,2026-03-05 02:38:00,Card Purchase,137219.23,ATM,Android,Lagos,No,Successful,No,41,Female,Lagos,Student,Current,18,55.7,250k-499k,USSD,Active,Yes,0.3796,Medium,Secondary Verification (SMS/OTP),2.0.0-week3,2026-09-30T14:43:51.571607+00:00
FT-T001654,FT-C00558,2026-01-13 09:33:00,Transfer,188191.39,ATM,iOS,Port Harcourt,No,Successful,No,53,Male,Lagos,Everyday,Savings,92,73.9,100k-249k,Mobile App,Active,Yes,0.6761,Medium,Secondary Verification (SMS/OTP),2.0.0-week3,2026-09-30T14:43:51.571607+00:00
FT-T003016,FT-C00525,2026-01-23 14:44:00,Cash Withdrawal,1376.72,POS,Android,Port Harcourt,No,Successful,No,46,Male,Lagos,Everyday,Savings,72,87.1,100k-249k,Mobile App,Restricted,Yes,0.4682,Medium,Secondary Verification (SMS/OTP),2.0.0-week3,2026-09-30T14:43:51.571607+00:00
